T_e[eV],n_e[m^-3],Sion[m^-3 s^-1]
0.750000,1.00000e+18,9.91185e-23
0.803639,1.00000e+18,3.38476e-22
0.861115,1.00000e+18,1.06385e-21
0.922702,1.00000e+18,3.09419e-21
0.988693,1.00000e+18,8.37246e-21
1.05940,1.00000e+18,2.11906e-20
1.13517,1.00000e+18,5.04369e-20
1.21636,1.00000e+18,1.13502e-19
1.30335,1.00000e+18,2.42796e-19
1.39657,1.00000e+18,4.96353e-19
1.49645,1.00000e+18,9.74043e-19
1.60347,1.00000e+18,1.83869e-18
1.71815,1.00000e+18,3.34470e-18
1.84103,1.00000e+18,5.87331e-18
1.97270,1.00000e+18,9.97363e-18
2.11379,1.00000e+18,1.64073e-17
2.26496,1.00000e+18,2.61942e-17
2.42695,1.00000e+18,4.06549e-17
2.60053,1.00000e+18,6.14523e-17
2.78651,1.00000e+18,9.06230e-17
2.98580,1.00000e+18,1.30596e-16
3.19935,1.00000e+18,1.84158e-16
3.42816,1.00000e+18,2.54427e-16
3.67334,1.00000e+18,3.44827e-16
3.93606,1.00000e+18,4.59047e-16
4.21756,1.00000e+18,6.01001e-16
4.51920,1.00000e+18,7.74836e-16
4.84241,1.00000e+18,9.84947e-16
5.18873,1.00000e+18,1.23602e-15
5.55983,1.00000e+18,1.53324e-15
5.95746,1.00000e+18,1.88196e-15
6.38354,1.00000e+18,2.28672e-15
6.84008,1.00000e+18,2.75132e-15
7.32928,1.00000e+18,3.27889e-15
7.85346,1.00000e+18,3.87160e-15
8.41514,1.00000e+18,4.53070e-15
9.01698,1.00000e+18,5.25626e-15
9.66187,1.00000e+18,6.04720e-15
10.3529,1.00000e+18,6.90122e-15
11.0933,1.00000e+18,7.81474e-15
11.8867,1.00000e+18,8.78336e-15
12.7368,1.00000e+18,9.80188e-15
13.6478,1.00000e+18,1.08647e-14
14.6238,1.00000e+18,1.19655e-14
15.6697,1.00000e+18,1.30980e-14
16.7904,1.00000e+18,1.42560e-14
17.9912,1.00000e+18,1.54333e-14
19.2780,1.00000e+18,1.66240e-14
20.6567,1.00000e+18,1.78233e-14
22.1341,1.00000e+18,1.90269e-14
23.7171,1.00000e+18,2.02306e-14
25.4133,1.00000e+18,2.14278e-14
27.2309,1.00000e+18,2.26119e-14
29.1784,1.00000e+18,2.37759e-14
31.2652,1.00000e+18,2.49137e-14
33.5013,1.00000e+18,2.60192e-14
35.8973,1.00000e+18,2.70870e-14
38.4646,1.00000e+18,2.81123e-14
41.2156,1.00000e+18,2.90906e-14
44.1633,1.00000e+18,3.00187e-14
47.3218,1.00000e+18,3.08930e-14
50.7062,1.00000e+18,3.17104e-14
54.3327,1.00000e+18,3.24684e-14
58.2185,1.00000e+18,3.31649e-14
62.3823,1.00000e+18,3.37981e-14
66.8438,1.00000e+18,3.43674e-14
71.6244,1.00000e+18,3.48723e-14
76.7470,1.00000e+18,3.53129e-14
82.2359,1.00000e+18,3.56902e-14
88.1173,1.00000e+18,3.60053e-14
94.4194,1.00000e+18,3.62600e-14
101.172,1.00000e+18,3.64546e-14
108.408,1.00000e+18,3.65899e-14
116.161,1.00000e+18,3.66675e-14
124.469,1.00000e+18,3.66883e-14
133.371,1.00000e+18,3.66546e-14
142.910,1.00000e+18,3.65680e-14
153.130,1.00000e+18,3.64308e-14
164.082,1.00000e+18,3.62454e-14
175.817,1.00000e+18,3.60143e-14
188.392,1.00000e+18,3.57401e-14
201.865,1.00000e+18,3.54257e-14
216.302,1.00000e+18,3.50740e-14
231.772,1.00000e+18,3.46875e-14
248.348,1.00000e+18,3.42696e-14
266.110,1.00000e+18,3.38229e-14
285.142,1.00000e+18,3.33507e-14
305.535,1.00000e+18,3.28555e-14
327.387,1.00000e+18,3.23403e-14
350.801,1.00000e+18,3.18078e-14
375.890,1.00000e+18,3.12608e-14
402.774,1.00000e+18,3.07017e-14
431.580,1.00000e+18,3.01332e-14
462.446,1.00000e+18,2.95575e-14
495.520,1.00000e+18,2.89769e-14
530.959,1.00000e+18,2.83936e-14
568.933,1.00000e+18,2.78096e-14
609.623,1.00000e+18,2.72268e-14
653.223,1.00000e+18,2.66468e-14
699.941,1.00000e+18,2.60715e-14
750.000,1.00000e+18,2.55021e-14
0.750000,1.04713e+18,1.00211e-22
0.803639,1.04713e+18,3.42038e-22
0.861115,1.04713e+18,1.07452e-21
0.922702,1.04713e+18,3.12376e-21
0.988693,1.04713e+18,8.44869e-21
1.05940,1.04713e+18,2.13742e-20
1.13517,1.04713e+18,5.08515e-20
1.21636,1.04713e+18,1.14385e-19
1.30335,1.04713e+18,2.44580e-19
1.39657,1.04713e+18,4.99790e-19
1.49645,1.04713e+18,9.80365e-19
1.60347,1.04713e+18,1.84985e-18
1.71815,1.04713e+18,3.36362e-18
1.84103,1.04713e+18,5.90420e-18
1.97270,1.04713e+18,1.00224e-17
2.11379,1.04713e+18,1.64818e-17
2.26496,1.04713e+18,2.63048e-17
2.42695,1.04713e+18,4.08154e-17
2.60053,1.04713e+18,6.16804e-17
2.78651,1.04713e+18,9.09423e-17
2.98580,1.04713e+18,1.31038e-16
3.19935,1.04713e+18,1.84763e-16
3.42816,1.04713e+18,2.55250e-16
3.67334,1.04713e+18,3.45931e-16
3.93606,1.04713e+18,4.60510e-16
4.21756,1.04713e+18,6.02916e-16
4.51920,1.04713e+18,7.77305e-16
4.84241,1.04713e+18,9.88074e-16
5.18873,1.04713e+18,1.23994e-15
5.55983,1.04713e+18,1.53802e-15
5.95746,1.04713e+18,1.88771e-15
6.38354,1.04713e+18,2.29350e-15
6.84008,1.04713e+18,2.75918e-15
7.32928,1.04713e+18,3.28782e-15
7.85346,1.04713e+18,3.88166e-15
8.41514,1.04713e+18,4.54182e-15
9.01698,1.04713e+18,5.26845e-15
9.66187,1.04713e+18,6.06036e-15
10.3529,1.04713e+18,6.91534e-15
11.0933,1.04713e+18,7.82986e-15
11.8867,1.04713e+18,8.79939e-15
12.7368,1.04713e+18,9.81890e-15
13.6478,1.04713e+18,1.08827e-14
14.6238,1.04713e+18,1.19846e-14
15.6697,1.04713e+18,1.31182e-14
16.7904,1.04713e+18,1.42773e-14
17.9912,1.04713e+18,1.54557e-14
19.2780,1.04713e+18,1.66477e-14
20.6567,1.04713e+18,1.78482e-14
22.1341,1.04713e+18,1.90528e-14
23.7171,1.04713e+18,2.02576e-14
25.4133,1.04713e+18,2.14560e-14
27.2309,1.04713e+18,2.26410e-14
29.1784,1.04713e+18,2.38061e-14
31.2652,1.04713e+18,2.49447e-14
33.5013,1.04713e+18,2.60512e-14
35.8973,1.04713e+18,2.71197e-14
38.4646,1.04713e+18,2.81454e-14
41.2156,1.04713e+18,2.91241e-14
44.1633,1.04713e+18,3.00522e-14
47.3218,1.04713e+18,3.09264e-14
50.7062,1.04713e+18,3.17437e-14
54.3327,1.04713e+18,3.25013e-14
58.2185,1.04713e+18,3.31973e-14
62.3823,1.04713e+18,3.38301e-14
66.8438,1.04713e+18,3.43988e-14
71.6244,1.04713e+18,3.49035e-14
76.7470,1.04713e+18,3.53440e-14
82.2359,1.04713e+18,3.57214e-14
88.1173,1.04713e+18,3.60370e-14
94.4194,1.04713e+18,3.62921e-14
101.172,1.04713e+18,3.64876e-14
108.408,1.04713e+18,3.66243e-14
116.161,1.04713e+18,3.67032e-14
124.469,1.04713e+18,3.67257e-14
133.371,1.04713e+18,3.66938e-14
142.910,1.04713e+18,3.66089e-14
153.130,1.04713e+18,3.64736e-14
164.082,1.04713e+18,3.62900e-14
175.817,1.04713e+18,3.60605e-14
188.392,1.04713e+18,3.57880e-14
201.865,1.04713e+18,3.54750e-14
216.302,1.04713e+18,3.51244e-14
231.772,1.04713e+18,3.47391e-14
248.348,1.04713e+18,3.43220e-14
266.110,1.04713e+18,3.38757e-14
285.142,1.04713e+18,3.34035e-14
305.535,1.04713e+18,3.29080e-14
327.387,1.04713e+18,3.23921e-14
350.801,1.04713e+18,3.18587e-14
375.890,1.04713e+18,3.13101e-14
402.774,1.04713e+18,3.07492e-14
431.580,1.04713e+18,3.01783e-14
462.446,1.04713e+18,2.95999e-14
495.520,1.04713e+18,2.90161e-14
530.959,1.04713e+18,2.84293e-14
568.933,1.04713e+18,2.78412e-14
609.623,1.04713e+18,2.72539e-14
653.223,1.04713e+18,2.66690e-14
699.941,1.04713e+18,2.60885e-14
750.000,1.04713e+18,2.55134e-14
0.750000,1.09648e+18,1.01330e-22
0.803639,1.09648e+18,3.45685e-22
0.861115,1.09648e+18,1.08545e-21
0.922702,1.09648e+18,3.15405e-21
0.988693,1.09648e+18,8.52672e-21
1.05940,1.09648e+18,2.15616e-20
1.13517,1.09648e+18,5.12752e-20
1.21636,1.09648e+18,1.15287e-19
1.30335,1.09648e+18,2.46401e-19
1.39657,1.09648e+18,5.03291e-19
1.49645,1.09648e+18,9.86800e-19
1.60347,1.09648e+18,1.86119e-18
1.71815,1.09648e+18,3.38281e-18
1.84103,1.09648e+18,5.93552e-18
1.97270,1.09648e+18,1.00717e-17
2.11379,1.09648e+18,1.65570e-17
2.26496,1.09648e+18,2.64162e-17
2.42695,1.09648e+18,4.09769e-17
2.60053,1.09648e+18,6.19097e-17
2.78651,1.09648e+18,9.12631e-17
2.98580,1.09648e+18,1.31484e-16
3.19935,1.09648e+18,1.85376e-16
3.42816,1.09648e+18,2.56083e-16
3.67334,1.09648e+18,3.47053e-16
3.93606,1.09648e+18,4.62004e-16
4.21756,1.09648e+18,6.04874e-16
4.51920,1.09648e+18,7.79838e-16
4.84241,1.09648e+18,9.91302e-16
5.18873,1.09648e+18,1.24397e-15
5.55983,1.09648e+18,1.54297e-15
5.95746,1.09648e+18,1.89366e-15
6.38354,1.09648e+18,2.30052e-15
6.84008,1.09648e+18,2.76731e-15
7.32928,1.09648e+18,3.29707e-15
7.85346,1.09648e+18,3.89202e-15
8.41514,1.09648e+18,4.55326e-15
9.01698,1.09648e+18,5.28092e-15
9.66187,1.09648e+18,6.07383e-15
10.3529,1.09648e+18,6.92968e-15
11.0933,1.09648e+18,7.84514e-15
11.8867,1.09648e+18,8.81559e-15
12.7368,1.09648e+18,9.83607e-15
13.6478,1.09648e+18,1.09008e-14
14.6238,1.09648e+18,1.20037e-14
15.6697,1.09648e+18,1.31385e-14
16.7904,1.09648e+18,1.42987e-14
17.9912,1.09648e+18,1.54782e-14
19.2780,1.09648e+18,1.66714e-14
20.6567,1.09648e+18,1.78731e-14
22.1341,1.09648e+18,1.90789e-14
23.7171,1.09648e+18,2.02849e-14
25.4133,1.09648e+18,2.14845e-14
27.2309,1.09648e+18,2.26707e-14
29.1784,1.09648e+18,2.38368e-14
31.2652,1.09648e+18,2.49763e-14
33.5013,1.09648e+18,2.60836e-14
35.8973,1.09648e+18,2.71528e-14
38.4646,1.09648e+18,2.81791e-14
41.2156,1.09648e+18,2.91582e-14
44.1633,1.09648e+18,3.00864e-14
47.3218,1.09648e+18,3.09606e-14
50.7062,1.09648e+18,3.17778e-14
54.3327,1.09648e+18,3.25351e-14
58.2185,1.09648e+18,3.32307e-14
62.3823,1.09648e+18,3.38631e-14
66.8438,1.09648e+18,3.44313e-14
71.6244,1.09648e+18,3.49356e-14
76.7470,1.09648e+18,3.53760e-14
82.2359,1.09648e+18,3.57535e-14
88.1173,1.09648e+18,3.60693e-14
94.4194,1.09648e+18,3.63249e-14
101.172,1.09648e+18,3.65213e-14
108.408,1.09648e+18,3.66592e-14
116.161,1.09648e+18,3.67395e-14
124.469,1.09648e+18,3.67634e-14
133.371,1.09648e+18,3.67333e-14
142.910,1.09648e+18,3.66499e-14
153.130,1.09648e+18,3.65165e-14
164.082,1.09648e+18,3.63346e-14
175.817,1.09648e+18,3.61069e-14
188.392,1.09648e+18,3.58357e-14
201.865,1.09648e+18,3.55243e-14
216.302,1.09648e+18,3.51749e-14
231.772,1.09648e+18,3.47905e-14
248.348,1.09648e+18,3.43741e-14
266.110,1.09648e+18,3.39283e-14
285.142,1.09648e+18,3.34562e-14
305.535,1.09648e+18,3.29605e-14
327.387,1.09648e+18,3.24440e-14
350.801,1.09648e+18,3.19094e-14
375.890,1.09648e+18,3.13596e-14
402.774,1.09648e+18,3.07968e-14
431.580,1.09648e+18,3.02238e-14
462.446,1.09648e+18,2.96427e-14
495.520,1.09648e+18,2.90558e-14
530.959,1.09648e+18,2.84654e-14
568.933,1.09648e+18,2.78735e-14
609.623,1.09648e+18,2.72819e-14
653.223,1.09648e+18,2.66924e-14
699.941,1.09648e+18,2.61064e-14
750.000,1.09648e+18,2.55261e-14
0.750000,1.14815e+18,1.02475e-22
0.803639,1.14815e+18,3.49417e-22
0.861115,1.14815e+18,1.09664e-21
0.922702,1.14815e+18,3.18505e-21
0.988693,1.14815e+18,8.60642e-21
1.05940,1.14815e+18,2.17534e-20
1.13517,1.14815e+18,5.17075e-20
1.21636,1.14815e+18,1.16207e-19
1.30335,1.14815e+18,2.48257e-19
1.39657,1.14815e+18,5.06854e-19
1.49645,1.14815e+18,9.93349e-19
1.60347,1.14815e+18,1.87271e-18
1.71815,1.14815e+18,3.40226e-18
1.84103,1.14815e+18,5.96715e-18
1.97270,1.14815e+18,1.01214e-17
2.11379,1.14815e+18,1.66328e-17
2.26496,1.14815e+18,2.65284e-17
2.42695,1.14815e+18,4.11391e-17
2.60053,1.14815e+18,6.21397e-17
2.78651,1.14815e+18,9.15857e-17
2.98580,1.14815e+18,1.31932e-16
3.19935,1.14815e+18,1.85992e-16
3.42816,1.14815e+18,2.56925e-16
3.67334,1.14815e+18,3.48190e-16
3.93606,1.14815e+18,4.63524e-16
4.21756,1.14815e+18,6.06880e-16
4.51920,1.14815e+18,7.82443e-16
4.84241,1.14815e+18,9.94624e-16
5.18873,1.14815e+18,1.24813e-15
5.55983,1.14815e+18,1.54809e-15
5.95746,1.14815e+18,1.89983e-15
6.38354,1.14815e+18,2.30779e-15
6.84008,1.14815e+18,2.77573e-15
7.32928,1.14815e+18,3.30666e-15
7.85346,1.14815e+18,3.90274e-15
8.41514,1.14815e+18,4.56510e-15
9.01698,1.14815e+18,5.29379e-15
9.66187,1.14815e+18,6.08768e-15
10.3529,1.14815e+18,6.94447e-15
11.0933,1.14815e+18,7.86075e-15
11.8867,1.14815e+18,8.83215e-15
12.7368,1.14815e+18,9.85350e-15
13.6478,1.14815e+18,1.09192e-14
14.6238,1.14815e+18,1.20231e-14
15.6697,1.14815e+18,1.31589e-14
16.7904,1.14815e+18,1.43202e-14
17.9912,1.14815e+18,1.55009e-14
19.2780,1.14815e+18,1.66952e-14
20.6567,1.14815e+18,1.78982e-14
22.1341,1.14815e+18,1.91052e-14
23.7171,1.14815e+18,2.03124e-14
25.4133,1.14815e+18,2.15132e-14
27.2309,1.14815e+18,2.27005e-14
29.1784,1.14815e+18,2.38677e-14
31.2652,1.14815e+18,2.50084e-14
33.5013,1.14815e+18,2.61165e-14
35.8973,1.14815e+18,2.71866e-14
38.4646,1.14815e+18,2.82135e-14
41.2156,1.14815e+18,2.91931e-14
44.1633,1.14815e+18,3.01216e-14
47.3218,1.14815e+18,3.09958e-14
50.7062,1.14815e+18,3.18128e-14
54.3327,1.14815e+18,3.25699e-14
58.2185,1.14815e+18,3.32650e-14
62.3823,1.14815e+18,3.38969e-14
66.8438,1.14815e+18,3.44648e-14
71.6244,1.14815e+18,3.49687e-14
76.7470,1.14815e+18,3.54088e-14
82.2359,1.14815e+18,3.57861e-14
88.1173,1.14815e+18,3.61021e-14
94.4194,1.14815e+18,3.63585e-14
101.172,1.14815e+18,3.65556e-14
108.408,1.14815e+18,3.66946e-14
116.161,1.14815e+18,3.67761e-14
124.469,1.14815e+18,3.68017e-14
133.371,1.14815e+18,3.67729e-14
142.910,1.14815e+18,3.66914e-14
153.130,1.14815e+18,3.65595e-14
164.082,1.14815e+18,3.63792e-14
175.817,1.14815e+18,3.61532e-14
188.392,1.14815e+18,3.58837e-14
201.865,1.14815e+18,3.55735e-14
216.302,1.14815e+18,3.52252e-14
231.772,1.14815e+18,3.48421e-14
248.348,1.14815e+18,3.44262e-14
266.110,1.14815e+18,3.39809e-14
285.142,1.14815e+18,3.35087e-14
305.535,1.14815e+18,3.30128e-14
327.387,1.14815e+18,3.24958e-14
350.801,1.14815e+18,3.19604e-14
375.890,1.14815e+18,3.14090e-14
402.774,1.14815e+18,3.08446e-14
431.580,1.14815e+18,3.02694e-14
462.446,1.14815e+18,2.96857e-14
495.520,1.14815e+18,2.90960e-14
530.959,1.14815e+18,2.85022e-14
568.933,1.14815e+18,2.79065e-14
609.623,1.14815e+18,2.73107e-14
653.223,1.14815e+18,2.67166e-14
699.941,1.14815e+18,2.61260e-14
750.000,1.14815e+18,2.55402e-14
0.750000,1.20226e+18,1.03649e-22
0.803639,1.20226e+18,3.53235e-22
0.861115,1.20226e+18,1.10807e-21
0.922702,1.20226e+18,3.21670e-21
0.988693,1.20226e+18,8.68796e-21
1.05940,1.20226e+18,2.19492e-20
1.13517,1.20226e+18,5.21491e-20
1.21636,1.20226e+18,1.17147e-19
1.30335,1.20226e+18,2.50152e-19
1.39657,1.20226e+18,5.10488e-19
1.49645,1.20226e+18,1.00000e-18
1.60347,1.20226e+18,1.88441e-18
1.71815,1.20226e+18,3.42199e-18
1.84103,1.20226e+18,5.99924e-18
1.97270,1.20226e+18,1.01717e-17
2.11379,1.20226e+18,1.67091e-17
2.26496,1.20226e+18,2.66414e-17
2.42695,1.20226e+18,4.13023e-17
2.60053,1.20226e+18,6.23715e-17
2.78651,1.20226e+18,9.19109e-17
2.98580,1.20226e+18,1.32384e-16
3.19935,1.20226e+18,1.86617e-16
3.42816,1.20226e+18,2.57780e-16
3.67334,1.20226e+18,3.49350e-16
3.93606,1.20226e+18,4.65077e-16
4.21756,1.20226e+18,6.08935e-16
4.51920,1.20226e+18,7.85119e-16
4.84241,1.20226e+18,9.98053e-16
5.18873,1.20226e+18,1.25244e-15
5.55983,1.20226e+18,1.55339e-15
5.95746,1.20226e+18,1.90621e-15
6.38354,1.20226e+18,2.31532e-15
6.84008,1.20226e+18,2.78444e-15
7.32928,1.20226e+18,3.31656e-15
7.85346,1.20226e+18,3.91379e-15
8.41514,1.20226e+18,4.57727e-15
9.01698,1.20226e+18,5.30697e-15
9.66187,1.20226e+18,6.10179e-15
10.3529,1.20226e+18,6.95946e-15
11.0933,1.20226e+18,7.87663e-15
11.8867,1.20226e+18,8.84887e-15
12.7368,1.20226e+18,9.87114e-15
13.6478,1.20226e+18,1.09377e-14
14.6238,1.20226e+18,1.20426e-14
15.6697,1.20226e+18,1.31794e-14
16.7904,1.20226e+18,1.43419e-14
17.9912,1.20226e+18,1.55237e-14
19.2780,1.20226e+18,1.67192e-14
20.6567,1.20226e+18,1.79234e-14
22.1341,1.20226e+18,1.91318e-14
23.7171,1.20226e+18,2.03403e-14
25.4133,1.20226e+18,2.15423e-14
27.2309,1.20226e+18,2.27308e-14
29.1784,1.20226e+18,2.38993e-14
31.2652,1.20226e+18,2.50411e-14
33.5013,1.20226e+18,2.61501e-14
35.8973,1.20226e+18,2.72210e-14
38.4646,1.20226e+18,2.82486e-14
41.2156,1.20226e+18,2.92288e-14
44.1633,1.20226e+18,3.01577e-14
47.3218,1.20226e+18,3.10320e-14
50.7062,1.20226e+18,3.18488e-14
54.3327,1.20226e+18,3.26055e-14
58.2185,1.20226e+18,3.33003e-14
62.3823,1.20226e+18,3.39318e-14
66.8438,1.20226e+18,3.44993e-14
71.6244,1.20226e+18,3.50027e-14
76.7470,1.20226e+18,3.54426e-14
82.2359,1.20226e+18,3.58197e-14
88.1173,1.20226e+18,3.61360e-14
94.4194,1.20226e+18,3.63928e-14
101.172,1.20226e+18,3.65909e-14
108.408,1.20226e+18,3.67306e-14
116.161,1.20226e+18,3.68133e-14
124.469,1.20226e+18,3.68403e-14
133.371,1.20226e+18,3.68128e-14
142.910,1.20226e+18,3.67332e-14
153.130,1.20226e+18,3.66028e-14
164.082,1.20226e+18,3.64241e-14
175.817,1.20226e+18,3.61996e-14
188.392,1.20226e+18,3.59316e-14
201.865,1.20226e+18,3.56228e-14
216.302,1.20226e+18,3.52757e-14
231.772,1.20226e+18,3.48932e-14
248.348,1.20226e+18,3.44782e-14
266.110,1.20226e+18,3.40333e-14
285.142,1.20226e+18,3.35613e-14
305.535,1.20226e+18,3.30651e-14
327.387,1.20226e+18,3.25475e-14
350.801,1.20226e+18,3.20111e-14
375.890,1.20226e+18,3.14586e-14
402.774,1.20226e+18,3.08924e-14
431.580,1.20226e+18,3.03152e-14
462.446,1.20226e+18,2.97290e-14
495.520,1.20226e+18,2.91364e-14
530.959,1.20226e+18,2.85395e-14
568.933,1.20226e+18,2.79402e-14
609.623,1.20226e+18,2.73403e-14
653.223,1.20226e+18,2.67418e-14
699.941,1.20226e+18,2.61464e-14
750.000,1.20226e+18,2.55555e-14
0.750000,1.25893e+18,1.04849e-22
0.803639,1.25893e+18,3.57144e-22
0.861115,1.25893e+18,1.11979e-21
0.922702,1.25893e+18,3.24912e-21
0.988693,1.25893e+18,8.77131e-21
1.05940,1.25893e+18,2.21496e-20
1.13517,1.25893e+18,5.26004e-20
1.21636,1.25893e+18,1.18107e-19
1.30335,1.25893e+18,2.52083e-19
1.39657,1.25893e+18,5.14188e-19
1.49645,1.25893e+18,1.00679e-18
1.60347,1.25893e+18,1.89631e-18
1.71815,1.25893e+18,3.44205e-18
1.84103,1.25893e+18,6.03177e-18
1.97270,1.25893e+18,1.02227e-17
2.11379,1.25893e+18,1.67866e-17
2.26496,1.25893e+18,2.67555e-17
2.42695,1.25893e+18,4.14671e-17
2.60053,1.25893e+18,6.26053e-17
2.78651,1.25893e+18,9.22386e-17
2.98580,1.25893e+18,1.32840e-16
3.19935,1.25893e+18,1.87248e-16
3.42816,1.25893e+18,2.58646e-16
3.67334,1.25893e+18,3.50529e-16
3.93606,1.25893e+18,4.66659e-16
4.21756,1.25893e+18,6.11034e-16
4.51920,1.25893e+18,7.87861e-16
4.84241,1.25893e+18,1.00157e-15
5.18873,1.25893e+18,1.25687e-15
5.55983,1.25893e+18,1.55885e-15
5.95746,1.25893e+18,1.91278e-15
6.38354,1.25893e+18,2.32307e-15
6.84008,1.25893e+18,2.79339e-15
7.32928,1.25893e+18,3.32672e-15
7.85346,1.25893e+18,3.92515e-15
8.41514,1.25893e+18,4.58974e-15
9.01698,1.25893e+18,5.32049e-15
9.66187,1.25893e+18,6.11624e-15
10.3529,1.25893e+18,6.97479e-15
11.0933,1.25893e+18,7.89278e-15
11.8867,1.25893e+18,8.86587e-15
12.7368,1.25893e+18,9.88897e-15
13.6478,1.25893e+18,1.09565e-14
14.6238,1.25893e+18,1.20623e-14
15.6697,1.25893e+18,1.32001e-14
16.7904,1.25893e+18,1.43636e-14
17.9912,1.25893e+18,1.55466e-14
19.2780,1.25893e+18,1.67434e-14
20.6567,1.25893e+18,1.79488e-14
22.1341,1.25893e+18,1.91585e-14
23.7171,1.25893e+18,2.03684e-14
25.4133,1.25893e+18,2.15716e-14
27.2309,1.25893e+18,2.27615e-14
29.1784,1.25893e+18,2.39311e-14
31.2652,1.25893e+18,2.50741e-14
33.5013,1.25893e+18,2.61843e-14
35.8973,1.25893e+18,2.72561e-14
38.4646,1.25893e+18,2.82847e-14
41.2156,1.25893e+18,2.92654e-14
44.1633,1.25893e+18,3.01945e-14
47.3218,1.25893e+18,3.10689e-14
50.7062,1.25893e+18,3.18858e-14
54.3327,1.25893e+18,3.26422e-14
58.2185,1.25893e+18,3.33366e-14
62.3823,1.25893e+18,3.39675e-14
66.8438,1.25893e+18,3.45345e-14
71.6244,1.25893e+18,3.50376e-14
76.7470,1.25893e+18,3.54770e-14
82.2359,1.25893e+18,3.58542e-14
88.1173,1.25893e+18,3.61706e-14
94.4194,1.25893e+18,3.64278e-14
101.172,1.25893e+18,3.66264e-14
108.408,1.25893e+18,3.67672e-14
116.161,1.25893e+18,3.68510e-14
124.469,1.25893e+18,3.68795e-14
133.371,1.25893e+18,3.68534e-14
142.910,1.25893e+18,3.67751e-14
153.130,1.25893e+18,3.66464e-14
164.082,1.25893e+18,3.64693e-14
175.817,1.25893e+18,3.62462e-14
188.392,1.25893e+18,3.59795e-14
201.865,1.25893e+18,3.56719e-14
216.302,1.25893e+18,3.53261e-14
231.772,1.25893e+18,3.49444e-14
248.348,1.25893e+18,3.45301e-14
266.110,1.25893e+18,3.40854e-14
285.142,1.25893e+18,3.36137e-14
305.535,1.25893e+18,3.31174e-14
327.387,1.25893e+18,3.25992e-14
350.801,1.25893e+18,3.20618e-14
375.890,1.25893e+18,3.15082e-14
402.774,1.25893e+18,3.09403e-14
431.580,1.25893e+18,3.03612e-14
462.446,1.25893e+18,2.97727e-14
495.520,1.25893e+18,2.91773e-14
530.959,1.25893e+18,2.85771e-14
568.933,1.25893e+18,2.79743e-14
609.623,1.25893e+18,2.73707e-14
653.223,1.25893e+18,2.67680e-14
699.941,1.25893e+18,2.61678e-14
750.000,1.25893e+18,2.55719e-14
0.750000,1.31826e+18,1.06077e-22
0.803639,1.31826e+18,3.61147e-22
0.861115,1.31826e+18,1.13176e-21
0.922702,1.31826e+18,3.28228e-21
0.988693,1.31826e+18,8.85658e-21
1.05940,1.31826e+18,2.23542e-20
1.13517,1.31826e+18,5.30617e-20
1.21636,1.31826e+18,1.19086e-19
1.30335,1.31826e+18,2.54055e-19
1.39657,1.31826e+18,5.17966e-19
1.49645,1.31826e+18,1.01370e-18
1.60347,1.31826e+18,1.90842e-18
1.71815,1.31826e+18,3.46242e-18
1.84103,1.31826e+18,6.06472e-18
1.97270,1.31826e+18,1.02742e-17
2.11379,1.31826e+18,1.68647e-17
2.26496,1.31826e+18,2.68707e-17
2.42695,1.31826e+18,4.16333e-17
2.60053,1.31826e+18,6.28408e-17
2.78651,1.31826e+18,9.25688e-17
2.98580,1.31826e+18,1.33301e-16
3.19935,1.31826e+18,1.87887e-16
3.42816,1.31826e+18,2.59524e-16
3.67334,1.31826e+18,3.51725e-16
3.93606,1.31826e+18,4.68272e-16
4.21756,1.31826e+18,6.13179e-16
4.51920,1.31826e+18,7.90670e-16
4.84241,1.31826e+18,1.00518e-15
5.18873,1.31826e+18,1.26142e-15
5.55983,1.31826e+18,1.56445e-15
5.95746,1.31826e+18,1.91955e-15
6.38354,1.31826e+18,2.33106e-15
6.84008,1.31826e+18,2.80263e-15
7.32928,1.31826e+18,3.33722e-15
7.85346,1.31826e+18,3.93683e-15
8.41514,1.31826e+18,4.60255e-15
9.01698,1.31826e+18,5.33431e-15
9.66187,1.31826e+18,6.13103e-15
10.3529,1.31826e+18,6.99040e-15
11.0933,1.31826e+18,7.90921e-15
11.8867,1.31826e+18,8.88307e-15
12.7368,1.31826e+18,9.90702e-15
13.6478,1.31826e+18,1.09755e-14
14.6238,1.31826e+18,1.20822e-14
15.6697,1.31826e+18,1.32211e-14
16.7904,1.31826e+18,1.43856e-14
17.9912,1.31826e+18,1.55698e-14
19.2780,1.31826e+18,1.67678e-14
20.6567,1.31826e+18,1.79746e-14
22.1341,1.31826e+18,1.91856e-14
23.7171,1.31826e+18,2.03968e-14
25.4133,1.31826e+18,2.16014e-14
27.2309,1.31826e+18,2.27926e-14
29.1784,1.31826e+18,2.39636e-14
31.2652,1.31826e+18,2.51078e-14
33.5013,1.31826e+18,2.62191e-14
35.8973,1.31826e+18,2.72919e-14
38.4646,1.31826e+18,2.83214e-14
41.2156,1.31826e+18,2.93026e-14
44.1633,1.31826e+18,3.02323e-14
47.3218,1.31826e+18,3.11069e-14
50.7062,1.31826e+18,3.19237e-14
54.3327,1.31826e+18,3.26798e-14
58.2185,1.31826e+18,3.33738e-14
62.3823,1.31826e+18,3.40044e-14
66.8438,1.31826e+18,3.45707e-14
71.6244,1.31826e+18,3.50734e-14
76.7470,1.31826e+18,3.55127e-14
82.2359,1.31826e+18,3.58896e-14
88.1173,1.31826e+18,3.62060e-14
94.4194,1.31826e+18,3.64632e-14
101.172,1.31826e+18,3.66628e-14
108.408,1.31826e+18,3.68044e-14
116.161,1.31826e+18,3.68893e-14
124.469,1.31826e+18,3.69186e-14
133.371,1.31826e+18,3.68942e-14
142.910,1.31826e+18,3.68173e-14
153.130,1.31826e+18,3.66900e-14
164.082,1.31826e+18,3.65144e-14
175.817,1.31826e+18,3.62927e-14
188.392,1.31826e+18,3.60275e-14
201.865,1.31826e+18,3.57209e-14
216.302,1.31826e+18,3.53761e-14
231.772,1.31826e+18,3.49954e-14
248.348,1.31826e+18,3.45816e-14
266.110,1.31826e+18,3.41376e-14
285.142,1.31826e+18,3.36659e-14
305.535,1.31826e+18,3.31693e-14
327.387,1.31826e+18,3.26507e-14
350.801,1.31826e+18,3.21126e-14
375.890,1.31826e+18,3.15577e-14
402.774,1.31826e+18,3.09882e-14
431.580,1.31826e+18,3.04072e-14
462.446,1.31826e+18,2.98164e-14
495.520,1.31826e+18,2.92185e-14
530.959,1.31826e+18,2.86153e-14
568.933,1.31826e+18,2.80091e-14
609.623,1.31826e+18,2.74017e-14
653.223,1.31826e+18,2.67949e-14
699.941,1.31826e+18,2.61904e-14
750.000,1.31826e+18,2.55896e-14
0.750000,1.38038e+18,1.07336e-22
0.803639,1.38038e+18,3.65241e-22
0.861115,1.38038e+18,1.14402e-21
0.922702,1.38038e+18,3.31620e-21
0.988693,1.38038e+18,8.94380e-21
1.05940,1.38038e+18,2.25633e-20
1.13517,1.38038e+18,5.35326e-20
1.21636,1.38038e+18,1.20086e-19
1.30335,1.38038e+18,2.56065e-19
1.39657,1.38038e+18,5.21815e-19
1.49645,1.38038e+18,1.02073e-18
1.60347,1.38038e+18,1.92073e-18
1.71815,1.38038e+18,3.48310e-18
1.84103,1.38038e+18,6.09815e-18
1.97270,1.38038e+18,1.03264e-17
2.11379,1.38038e+18,1.69437e-17
2.26496,1.38038e+18,2.69872e-17
2.42695,1.38038e+18,4.18008e-17
2.60053,1.38038e+18,6.30786e-17
2.78651,1.38038e+18,9.29024e-17
2.98580,1.38038e+18,1.33766e-16
3.19935,1.38038e+18,1.88532e-16
3.42816,1.38038e+18,2.60415e-16
3.67334,1.38038e+18,3.52945e-16
3.93606,1.38038e+18,4.69922e-16
4.21756,1.38038e+18,6.15375e-16
4.51920,1.38038e+18,7.93553e-16
4.84241,1.38038e+18,1.00889e-15
5.18873,1.38038e+18,1.26610e-15
5.55983,1.38038e+18,1.57024e-15
5.95746,1.38038e+18,1.92652e-15
6.38354,1.38038e+18,2.33929e-15
6.84008,1.38038e+18,2.81214e-15
7.32928,1.38038e+18,3.34799e-15
7.85346,1.38038e+18,3.94882e-15
8.41514,1.38038e+18,4.61569e-15
9.01698,1.38038e+18,5.34849e-15
9.66187,1.38038e+18,6.14615e-15
10.3529,1.38038e+18,7.00637e-15
11.0933,1.38038e+18,7.92594e-15
11.8867,1.38038e+18,8.90057e-15
12.7368,1.38038e+18,9.92536e-15
13.6478,1.38038e+18,1.09947e-14
14.6238,1.38038e+18,1.21024e-14
15.6697,1.38038e+18,1.32422e-14
16.7904,1.38038e+18,1.44079e-14
17.9912,1.38038e+18,1.55932e-14
19.2780,1.38038e+18,1.67924e-14
20.6567,1.38038e+18,1.80005e-14
22.1341,1.38038e+18,1.92130e-14
23.7171,1.38038e+18,2.04255e-14
25.4133,1.38038e+18,2.16316e-14
27.2309,1.38038e+18,2.28243e-14
29.1784,1.38038e+18,2.39966e-14
31.2652,1.38038e+18,2.51420e-14
33.5013,1.38038e+18,2.62546e-14
35.8973,1.38038e+18,2.73285e-14
38.4646,1.38038e+18,2.83588e-14
41.2156,1.38038e+18,2.93408e-14
44.1633,1.38038e+18,3.02710e-14
47.3218,1.38038e+18,3.11459e-14
50.7062,1.38038e+18,3.19626e-14
54.3327,1.38038e+18,3.27186e-14
58.2185,1.38038e+18,3.34122e-14
62.3823,1.38038e+18,3.40423e-14
66.8438,1.38038e+18,3.46083e-14
71.6244,1.38038e+18,3.51102e-14
76.7470,1.38038e+18,3.55491e-14
82.2359,1.38038e+18,3.59257e-14
88.1173,1.38038e+18,3.62423e-14
94.4194,1.38038e+18,3.65000e-14
101.172,1.38038e+18,3.66998e-14
108.408,1.38038e+18,3.68422e-14
116.161,1.38038e+18,3.69282e-14
124.469,1.38038e+18,3.69588e-14
133.371,1.38038e+18,3.69356e-14
142.910,1.38038e+18,3.68600e-14
153.130,1.38038e+18,3.67341e-14
164.082,1.38038e+18,3.65599e-14
175.817,1.38038e+18,3.63397e-14
188.392,1.38038e+18,3.60757e-14
201.865,1.38038e+18,3.57703e-14
216.302,1.38038e+18,3.54264e-14
231.772,1.38038e+18,3.50466e-14
248.348,1.38038e+18,3.46334e-14
266.110,1.38038e+18,3.41898e-14
285.142,1.38038e+18,3.37182e-14
305.535,1.38038e+18,3.32215e-14
327.387,1.38038e+18,3.27024e-14
350.801,1.38038e+18,3.21636e-14
375.890,1.38038e+18,3.16074e-14
402.774,1.38038e+18,3.10367e-14
431.580,1.38038e+18,3.04536e-14
462.446,1.38038e+18,2.98608e-14
495.520,1.38038e+18,2.92602e-14
530.959,1.38038e+18,2.86542e-14
568.933,1.38038e+18,2.80446e-14
609.623,1.38038e+18,2.74337e-14
653.223,1.38038e+18,2.68227e-14
699.941,1.38038e+18,2.62139e-14
750.000,1.38038e+18,2.56088e-14
0.750000,1.44544e+18,1.08625e-22
0.803639,1.44544e+18,3.69434e-22
0.861115,1.44544e+18,1.15656e-21
0.922702,1.44544e+18,3.35089e-21
0.988693,1.44544e+18,9.03281e-21
1.05940,1.44544e+18,2.27772e-20
1.13517,1.44544e+18,5.40138e-20
1.21636,1.44544e+18,1.21106e-19
1.30335,1.44544e+18,2.58116e-19
1.39657,1.44544e+18,5.25735e-19
1.49645,1.44544e+18,1.02790e-18
1.60347,1.44544e+18,1.93325e-18
1.71815,1.44544e+18,3.50412e-18
1.84103,1.44544e+18,6.13212e-18
1.97270,1.44544e+18,1.03794e-17
2.11379,1.44544e+18,1.70236e-17
2.26496,1.44544e+18,2.71047e-17
2.42695,1.44544e+18,4.19704e-17
2.60053,1.44544e+18,6.33182e-17
2.78651,1.44544e+18,9.32387e-17
2.98580,1.44544e+18,1.34235e-16
3.19935,1.44544e+18,1.89186e-16
3.42816,1.44544e+18,2.61318e-16
3.67334,1.44544e+18,3.54181e-16
3.93606,1.44544e+18,4.71600e-16
4.21756,1.44544e+18,6.17616e-16
4.51920,1.44544e+18,7.96494e-16
4.84241,1.44544e+18,1.01269e-15
5.18873,1.44544e+18,1.27090e-15
5.55983,1.44544e+18,1.57618e-15
5.95746,1.44544e+18,1.93369e-15
6.38354,1.44544e+18,2.34774e-15
6.84008,1.44544e+18,2.82190e-15
7.32928,1.44544e+18,3.35905e-15
7.85346,1.44544e+18,3.96115e-15
8.41514,1.44544e+18,4.62914e-15
9.01698,1.44544e+18,5.36302e-15
9.66187,1.44544e+18,6.16158e-15
10.3529,1.44544e+18,7.02264e-15
11.0933,1.44544e+18,7.94298e-15
11.8867,1.44544e+18,8.91838e-15
12.7368,1.44544e+18,9.94393e-15
13.6478,1.44544e+18,1.10141e-14
14.6238,1.44544e+18,1.21227e-14
15.6697,1.44544e+18,1.32636e-14
16.7904,1.44544e+18,1.44303e-14
17.9912,1.44544e+18,1.56168e-14
19.2780,1.44544e+18,1.68173e-14
20.6567,1.44544e+18,1.80267e-14
22.1341,1.44544e+18,1.92406e-14
23.7171,1.44544e+18,2.04546e-14
25.4133,1.44544e+18,2.16621e-14
27.2309,1.44544e+18,2.28562e-14
29.1784,1.44544e+18,2.40300e-14
31.2652,1.44544e+18,2.51769e-14
33.5013,1.44544e+18,2.62907e-14
35.8973,1.44544e+18,2.73658e-14
38.4646,1.44544e+18,2.83971e-14
41.2156,1.44544e+18,2.93799e-14
44.1633,1.44544e+18,3.03106e-14
47.3218,1.44544e+18,3.11857e-14
50.7062,1.44544e+18,3.20023e-14
54.3327,1.44544e+18,3.27582e-14
58.2185,1.44544e+18,3.34514e-14
62.3823,1.44544e+18,3.40811e-14
66.8438,1.44544e+18,3.46465e-14
71.6244,1.44544e+18,3.51480e-14
76.7470,1.44544e+18,3.55864e-14
82.2359,1.44544e+18,3.59628e-14
88.1173,1.44544e+18,3.62793e-14
94.4194,1.44544e+18,3.65372e-14
101.172,1.44544e+18,3.67376e-14
108.408,1.44544e+18,3.68807e-14
116.161,1.44544e+18,3.69676e-14
124.469,1.44544e+18,3.69992e-14
133.371,1.44544e+18,3.69772e-14
142.910,1.44544e+18,3.69029e-14
153.130,1.44544e+18,3.67784e-14
164.082,1.44544e+18,3.66055e-14
175.817,1.44544e+18,3.63865e-14
188.392,1.44544e+18,3.61237e-14
201.865,1.44544e+18,3.58197e-14
216.302,1.44544e+18,3.54768e-14
231.772,1.44544e+18,3.50976e-14
248.348,1.44544e+18,3.46852e-14
266.110,1.44544e+18,3.42419e-14
285.142,1.44544e+18,3.37704e-14
305.535,1.44544e+18,3.32736e-14
327.387,1.44544e+18,3.27540e-14
350.801,1.44544e+18,3.22144e-14
375.890,1.44544e+18,3.16571e-14
402.774,1.44544e+18,3.10850e-14
431.580,1.44544e+18,3.05003e-14
462.446,1.44544e+18,2.99053e-14
495.520,1.44544e+18,2.93022e-14
530.959,1.44544e+18,2.86933e-14
568.933,1.44544e+18,2.80807e-14
609.623,1.44544e+18,2.74661e-14
653.223,1.44544e+18,2.68516e-14
699.941,1.44544e+18,2.62386e-14
750.000,1.44544e+18,2.56290e-14
0.750000,1.51356e+18,1.09946e-22
0.803639,1.51356e+18,3.73726e-22
0.861115,1.51356e+18,1.16940e-21
0.922702,1.51356e+18,3.38637e-21
0.988693,1.51356e+18,9.12400e-21
1.05940,1.51356e+18,2.29957e-20
1.13517,1.51356e+18,5.45056e-20
1.21636,1.51356e+18,1.22149e-19
1.30335,1.51356e+18,2.60211e-19
1.39657,1.51356e+18,5.29737e-19
1.49645,1.51356e+18,1.03519e-18
1.60347,1.51356e+18,1.94600e-18
1.71815,1.51356e+18,3.52549e-18
1.84103,1.51356e+18,6.16658e-18
1.97270,1.51356e+18,1.04331e-17
2.11379,1.51356e+18,1.71047e-17
2.26496,1.51356e+18,2.72239e-17
2.42695,1.51356e+18,4.21414e-17
2.60053,1.51356e+18,6.35604e-17
2.78651,1.51356e+18,9.35789e-17
2.98580,1.51356e+18,1.34712e-16
3.19935,1.51356e+18,1.89848e-16
3.42816,1.51356e+18,2.62235e-16
3.67334,1.51356e+18,3.55442e-16
3.93606,1.51356e+18,4.73308e-16
4.21756,1.51356e+18,6.19904e-16
4.51920,1.51356e+18,7.99508e-16
4.84241,1.51356e+18,1.01658e-15
5.18873,1.51356e+18,1.27583e-15
5.55983,1.51356e+18,1.58227e-15
5.95746,1.51356e+18,1.94104e-15
6.38354,1.51356e+18,2.35642e-15
6.84008,1.51356e+18,2.83196e-15
7.32928,1.51356e+18,3.37044e-15
7.85346,1.51356e+18,3.97377e-15
8.41514,1.51356e+18,4.64295e-15
9.01698,1.51356e+18,5.37787e-15
9.66187,1.51356e+18,6.17739e-15
10.3529,1.51356e+18,7.03924e-15
11.0933,1.51356e+18,7.96030e-15
11.8867,1.51356e+18,8.93646e-15
12.7368,1.51356e+18,9.96288e-15
13.6478,1.51356e+18,1.10338e-14
14.6238,1.51356e+18,1.21433e-14
15.6697,1.51356e+18,1.32852e-14
16.7904,1.51356e+18,1.44530e-14
17.9912,1.51356e+18,1.56407e-14
19.2780,1.51356e+18,1.68425e-14
20.6567,1.51356e+18,1.80532e-14
22.1341,1.51356e+18,1.92685e-14
23.7171,1.51356e+18,2.04839e-14
25.4133,1.51356e+18,2.16930e-14
27.2309,1.51356e+18,2.28886e-14
29.1784,1.51356e+18,2.40638e-14
31.2652,1.51356e+18,2.52121e-14
33.5013,1.51356e+18,2.63274e-14
35.8973,1.51356e+18,2.74037e-14
38.4646,1.51356e+18,2.84361e-14
41.2156,1.51356e+18,2.94197e-14
44.1633,1.51356e+18,3.03510e-14
47.3218,1.51356e+18,3.12265e-14
50.7062,1.51356e+18,3.20433e-14
54.3327,1.51356e+18,3.27988e-14
58.2185,1.51356e+18,3.34918e-14
62.3823,1.51356e+18,3.41208e-14
66.8438,1.51356e+18,3.46858e-14
71.6244,1.51356e+18,3.51868e-14
76.7470,1.51356e+18,3.56248e-14
82.2359,1.51356e+18,3.60010e-14
88.1173,1.51356e+18,3.63172e-14
94.4194,1.51356e+18,3.65754e-14
101.172,1.51356e+18,3.67761e-14
108.408,1.51356e+18,3.69200e-14
116.161,1.51356e+18,3.70078e-14
124.469,1.51356e+18,3.70404e-14
133.371,1.51356e+18,3.70194e-14
142.910,1.51356e+18,3.69463e-14
153.130,1.51356e+18,3.68231e-14
164.082,1.51356e+18,3.66515e-14
175.817,1.51356e+18,3.64338e-14
188.392,1.51356e+18,3.61720e-14
201.865,1.51356e+18,3.58691e-14
216.302,1.51356e+18,3.55271e-14
231.772,1.51356e+18,3.51490e-14
248.348,1.51356e+18,3.47370e-14
266.110,1.51356e+18,3.42939e-14
285.142,1.51356e+18,3.38226e-14
305.535,1.51356e+18,3.33258e-14
327.387,1.51356e+18,3.28056e-14
350.801,1.51356e+18,3.22653e-14
375.890,1.51356e+18,3.17071e-14
402.774,1.51356e+18,3.11335e-14
431.580,1.51356e+18,3.05470e-14
462.446,1.51356e+18,2.99501e-14
495.520,1.51356e+18,2.93447e-14
530.959,1.51356e+18,2.87333e-14
568.933,1.51356e+18,2.81175e-14
609.623,1.51356e+18,2.74996e-14
653.223,1.51356e+18,2.68813e-14
699.941,1.51356e+18,2.62644e-14
750.000,1.51356e+18,2.56503e-14
0.750000,1.58490e+18,1.11298e-22
0.803639,1.58490e+18,3.78124e-22
0.861115,1.58490e+18,1.18254e-21
0.922702,1.58490e+18,3.42268e-21
0.988693,1.58490e+18,9.21719e-21
1.05940,1.58490e+18,2.32193e-20
1.13517,1.58490e+18,5.50079e-20
1.21636,1.58490e+18,1.23214e-19
1.30335,1.58490e+18,2.62348e-19
1.39657,1.58490e+18,5.33821e-19
1.49645,1.58490e+18,1.04265e-18
1.60347,1.58490e+18,1.95899e-18
1.71815,1.58490e+18,3.54724e-18
1.84103,1.58490e+18,6.20163e-18
1.97270,1.58490e+18,1.04876e-17
2.11379,1.58490e+18,1.71869e-17
2.26496,1.58490e+18,2.73445e-17
2.42695,1.58490e+18,4.23149e-17
2.60053,1.58490e+18,6.38063e-17
2.78651,1.58490e+18,9.39237e-17
2.98580,1.58490e+18,1.35194e-16
3.19935,1.58490e+18,1.90522e-16
3.42816,1.58490e+18,2.63168e-16
3.67334,1.58490e+18,3.56726e-16
3.93606,1.58490e+18,4.75052e-16
4.21756,1.58490e+18,6.22242e-16
4.51920,1.58490e+18,8.02591e-16
4.84241,1.58490e+18,1.02056e-15
5.18873,1.58490e+18,1.28087e-15
5.55983,1.58490e+18,1.58852e-15
5.95746,1.58490e+18,1.94859e-15
6.38354,1.58490e+18,2.36532e-15
6.84008,1.58490e+18,2.84222e-15
7.32928,1.58490e+18,3.38205e-15
7.85346,1.58490e+18,3.98670e-15
8.41514,1.58490e+18,4.65706e-15
9.01698,1.58490e+18,5.39303e-15
9.66187,1.58490e+18,6.19344e-15
10.3529,1.58490e+18,7.05615e-15
11.0933,1.58490e+18,7.97796e-15
11.8867,1.58490e+18,8.95486e-15
12.7368,1.58490e+18,9.98205e-15
13.6478,1.58490e+18,1.10538e-14
14.6238,1.58490e+18,1.21642e-14
15.6697,1.58490e+18,1.33071e-14
16.7904,1.58490e+18,1.44760e-14
17.9912,1.58490e+18,1.56648e-14
19.2780,1.58490e+18,1.68680e-14
20.6567,1.58490e+18,1.80802e-14
22.1341,1.58490e+18,1.92969e-14
23.7171,1.58490e+18,2.05138e-14
25.4133,1.58490e+18,2.17245e-14
27.2309,1.58490e+18,2.29217e-14
29.1784,1.58490e+18,2.40986e-14
31.2652,1.58490e+18,2.52483e-14
33.5013,1.58490e+18,2.63650e-14
35.8973,1.58490e+18,2.74425e-14
38.4646,1.58490e+18,2.84760e-14
41.2156,1.58490e+18,2.94606e-14
44.1633,1.58490e+18,3.03926e-14
47.3218,1.58490e+18,3.12685e-14
50.7062,1.58490e+18,3.20852e-14
54.3327,1.58490e+18,3.28406e-14
58.2185,1.58490e+18,3.35330e-14
62.3823,1.58490e+18,3.41617e-14
66.8438,1.58490e+18,3.47261e-14
71.6244,1.58490e+18,3.52267e-14
76.7470,1.58490e+18,3.56642e-14
82.2359,1.58490e+18,3.60400e-14
88.1173,1.58490e+18,3.63561e-14
94.4194,1.58490e+18,3.66144e-14
101.172,1.58490e+18,3.68155e-14
108.408,1.58490e+18,3.69599e-14
116.161,1.58490e+18,3.70484e-14
124.469,1.58490e+18,3.70820e-14
133.371,1.58490e+18,3.70622e-14
142.910,1.58490e+18,3.69903e-14
153.130,1.58490e+18,3.68681e-14
164.082,1.58490e+18,3.66979e-14
175.817,1.58490e+18,3.64812e-14
188.392,1.58490e+18,3.62207e-14
201.865,1.58490e+18,3.59188e-14
216.302,1.58490e+18,3.55778e-14
231.772,1.58490e+18,3.52003e-14
248.348,1.58490e+18,3.47888e-14
266.110,1.58490e+18,3.43463e-14
285.142,1.58490e+18,3.38750e-14
305.535,1.58490e+18,3.33779e-14
327.387,1.58490e+18,3.28576e-14
350.801,1.58490e+18,3.23164e-14
375.890,1.58490e+18,3.17570e-14
402.774,1.58490e+18,3.11823e-14
431.580,1.58490e+18,3.05943e-14
462.446,1.58490e+18,2.99953e-14
495.520,1.58490e+18,2.93876e-14
530.959,1.58490e+18,2.87736e-14
568.933,1.58490e+18,2.81549e-14
609.623,1.58490e+18,2.75337e-14
653.223,1.58490e+18,2.69121e-14
699.941,1.58490e+18,2.62912e-14
750.000,1.58490e+18,2.56731e-14
0.750000,1.65958e+18,1.12681e-22
0.803639,1.65958e+18,3.82619e-22
0.861115,1.65958e+18,1.19599e-21
0.922702,1.65958e+18,3.45980e-21
0.988693,1.65958e+18,9.31251e-21
1.05940,1.65958e+18,2.34474e-20
1.13517,1.65958e+18,5.55211e-20
1.21636,1.65958e+18,1.24302e-19
1.30335,1.65958e+18,2.64529e-19
1.39657,1.65958e+18,5.37983e-19
1.49645,1.65958e+18,1.05022e-18
1.60347,1.65958e+18,1.97220e-18
1.71815,1.65958e+18,3.56935e-18
1.84103,1.65958e+18,6.23722e-18
1.97270,1.65958e+18,1.05429e-17
2.11379,1.65958e+18,1.72702e-17
2.26496,1.65958e+18,2.74667e-17
2.42695,1.65958e+18,4.24905e-17
2.60053,1.65958e+18,6.40543e-17
2.78651,1.65958e+18,9.42722e-17
2.98580,1.65958e+18,1.35682e-16
3.19935,1.65958e+18,1.91203e-16
3.42816,1.65958e+18,2.64116e-16
3.67334,1.65958e+18,3.58029e-16
3.93606,1.65958e+18,4.76831e-16
4.21756,1.65958e+18,6.24630e-16
4.51920,1.65958e+18,8.05736e-16
4.84241,1.65958e+18,1.02464e-15
5.18873,1.65958e+18,1.28605e-15
5.55983,1.65958e+18,1.59493e-15
5.95746,1.65958e+18,1.95634e-15
6.38354,1.65958e+18,2.37445e-15
6.84008,1.65958e+18,2.85278e-15
7.32928,1.65958e+18,3.39400e-15
7.85346,1.65958e+18,3.99994e-15
8.41514,1.65958e+18,4.67150e-15
9.01698,1.65958e+18,5.40855e-15
9.66187,1.65958e+18,6.20988e-15
10.3529,1.65958e+18,7.07334e-15
11.0933,1.65958e+18,7.99585e-15
11.8867,1.65958e+18,8.97353e-15
12.7368,1.65958e+18,1.00015e-14
13.6478,1.65958e+18,1.10741e-14
14.6238,1.65958e+18,1.21854e-14
15.6697,1.65958e+18,1.33292e-14
16.7904,1.65958e+18,1.44992e-14
17.9912,1.65958e+18,1.56893e-14
19.2780,1.65958e+18,1.68938e-14
20.6567,1.65958e+18,1.81074e-14
22.1341,1.65958e+18,1.93255e-14
23.7171,1.65958e+18,2.05441e-14
25.4133,1.65958e+18,2.17564e-14
27.2309,1.65958e+18,2.29552e-14
29.1784,1.65958e+18,2.41336e-14
31.2652,1.65958e+18,2.52849e-14
33.5013,1.65958e+18,2.64030e-14
35.8973,1.65958e+18,2.74820e-14
38.4646,1.65958e+18,2.85167e-14
41.2156,1.65958e+18,2.95022e-14
44.1633,1.65958e+18,3.04349e-14
47.3218,1.65958e+18,3.13110e-14
50.7062,1.65958e+18,3.21279e-14
54.3327,1.65958e+18,3.28832e-14
58.2185,1.65958e+18,3.35755e-14
62.3823,1.65958e+18,3.42036e-14
66.8438,1.65958e+18,3.47676e-14
71.6244,1.65958e+18,3.52674e-14
76.7470,1.65958e+18,3.57043e-14
82.2359,1.65958e+18,3.60799e-14
88.1173,1.65958e+18,3.63959e-14
94.4194,1.65958e+18,3.66543e-14
101.172,1.65958e+18,3.68558e-14
108.408,1.65958e+18,3.70008e-14
116.161,1.65958e+18,3.70900e-14
124.469,1.65958e+18,3.71243e-14
133.371,1.65958e+18,3.71055e-14
142.910,1.65958e+18,3.70347e-14
153.130,1.65958e+18,3.69137e-14
164.082,1.65958e+18,3.67445e-14
175.817,1.65958e+18,3.65291e-14
188.392,1.65958e+18,3.62697e-14
201.865,1.65958e+18,3.59687e-14
216.302,1.65958e+18,3.56284e-14
231.772,1.65958e+18,3.52516e-14
248.348,1.65958e+18,3.48409e-14
266.110,1.65958e+18,3.43985e-14
285.142,1.65958e+18,3.39273e-14
305.535,1.65958e+18,3.34301e-14
327.387,1.65958e+18,3.29093e-14
350.801,1.65958e+18,3.23675e-14
375.890,1.65958e+18,3.18074e-14
402.774,1.65958e+18,3.12311e-14
431.580,1.65958e+18,3.06415e-14
462.446,1.65958e+18,3.00407e-14
495.520,1.65958e+18,2.94310e-14
530.959,1.65958e+18,2.88142e-14
568.933,1.65958e+18,2.81928e-14
609.623,1.65958e+18,2.75687e-14
653.223,1.65958e+18,2.69435e-14
699.941,1.65958e+18,2.63192e-14
750.000,1.65958e+18,2.56970e-14
0.750000,1.73780e+18,1.14100e-22
0.803639,1.73780e+18,3.87225e-22
0.861115,1.73780e+18,1.20974e-21
0.922702,1.73780e+18,3.49782e-21
0.988693,1.73780e+18,9.40996e-21
1.05940,1.73780e+18,2.36809e-20
1.13517,1.73780e+18,5.60454e-20
1.21636,1.73780e+18,1.25412e-19
1.30335,1.73780e+18,2.66756e-19
1.39657,1.73780e+18,5.42230e-19
1.49645,1.73780e+18,1.05795e-18
1.60347,1.73780e+18,1.98567e-18
1.71815,1.73780e+18,3.59186e-18
1.84103,1.73780e+18,6.27342e-18
1.97270,1.73780e+18,1.05991e-17
2.11379,1.73780e+18,1.73548e-17
2.26496,1.73780e+18,2.75909e-17
2.42695,1.73780e+18,4.26684e-17
2.60053,1.73780e+18,6.43060e-17
2.78651,1.73780e+18,9.46257e-17
2.98580,1.73780e+18,1.36177e-16
3.19935,1.73780e+18,1.91894e-16
3.42816,1.73780e+18,2.65079e-16
3.67334,1.73780e+18,3.59355e-16
3.93606,1.73780e+18,4.78641e-16
4.21756,1.73780e+18,6.27062e-16
4.51920,1.73780e+18,8.08957e-16
4.84241,1.73780e+18,1.02882e-15
5.18873,1.73780e+18,1.29134e-15
5.55983,1.73780e+18,1.60148e-15
5.95746,1.73780e+18,1.96425e-15
6.38354,1.73780e+18,2.38381e-15
6.84008,1.73780e+18,2.86357e-15
7.32928,1.73780e+18,3.40620e-15
7.85346,1.73780e+18,4.01347e-15
8.41514,1.73780e+18,4.68626e-15
9.01698,1.73780e+18,5.42435e-15
9.66187,1.73780e+18,6.22663e-15
10.3529,1.73780e+18,7.09090e-15
11.0933,1.73780e+18,8.01420e-15
11.8867,1.73780e+18,8.99261e-15
12.7368,1.73780e+18,1.00212e-14
13.6478,1.73780e+18,1.10947e-14
14.6238,1.73780e+18,1.22070e-14
15.6697,1.73780e+18,1.33517e-14
16.7904,1.73780e+18,1.45228e-14
17.9912,1.73780e+18,1.57141e-14
19.2780,1.73780e+18,1.69199e-14
20.6567,1.73780e+18,1.81349e-14
22.1341,1.73780e+18,1.93546e-14
23.7171,1.73780e+18,2.05748e-14
25.4133,1.73780e+18,2.17887e-14
27.2309,1.73780e+18,2.29892e-14
29.1784,1.73780e+18,2.41692e-14
31.2652,1.73780e+18,2.53224e-14
33.5013,1.73780e+18,2.64420e-14
35.8973,1.73780e+18,2.75224e-14
38.4646,1.73780e+18,2.85583e-14
41.2156,1.73780e+18,2.95449e-14
44.1633,1.73780e+18,3.04782e-14
47.3218,1.73780e+18,3.13549e-14
50.7062,1.73780e+18,3.21720e-14
54.3327,1.73780e+18,3.29272e-14
58.2185,1.73780e+18,3.36190e-14
62.3823,1.73780e+18,3.42468e-14
66.8438,1.73780e+18,3.48100e-14
71.6244,1.73780e+18,3.53097e-14
76.7470,1.73780e+18,3.57459e-14
82.2359,1.73780e+18,3.61209e-14
88.1173,1.73780e+18,3.64368e-14
94.4194,1.73780e+18,3.66952e-14
101.172,1.73780e+18,3.68969e-14
108.408,1.73780e+18,3.70423e-14
116.161,1.73780e+18,3.71323e-14
124.469,1.73780e+18,3.71674e-14
133.371,1.73780e+18,3.71495e-14
142.910,1.73780e+18,3.70796e-14
153.130,1.73780e+18,3.69597e-14
164.082,1.73780e+18,3.67915e-14
175.817,1.73780e+18,3.65772e-14
188.392,1.73780e+18,3.63188e-14
201.865,1.73780e+18,3.60186e-14
216.302,1.73780e+18,3.56793e-14
231.772,1.73780e+18,3.53032e-14
248.348,1.73780e+18,3.48928e-14
266.110,1.73780e+18,3.44509e-14
285.142,1.73780e+18,3.39799e-14
305.535,1.73780e+18,3.34824e-14
327.387,1.73780e+18,3.29612e-14
350.801,1.73780e+18,3.24189e-14
375.890,1.73780e+18,3.18576e-14
402.774,1.73780e+18,3.12803e-14
431.580,1.73780e+18,3.06891e-14
462.446,1.73780e+18,3.00865e-14
495.520,1.73780e+18,2.94746e-14
530.959,1.73780e+18,2.88556e-14
568.933,1.73780e+18,2.82314e-14
609.623,1.73780e+18,2.76043e-14
653.223,1.73780e+18,2.69759e-14
699.941,1.73780e+18,2.63478e-14
750.000,1.73780e+18,2.57218e-14
0.750000,1.81970e+18,1.15552e-22
0.803639,1.81970e+18,3.91942e-22
0.861115,1.81970e+18,1.22383e-21
0.922702,1.81970e+18,3.53669e-21
0.988693,1.81970e+18,9.50981e-21
1.05940,1.81970e+18,2.39198e-20
1.13517,1.81970e+18,5.65820e-20
1.21636,1.81970e+18,1.26547e-19
1.30335,1.81970e+18,2.69032e-19
1.39657,1.81970e+18,5.46564e-19
1.49645,1.81970e+18,1.06583e-18
1.60347,1.81970e+18,1.99939e-18
1.71815,1.81970e+18,3.61479e-18
1.84103,1.81970e+18,6.31024e-18
1.97270,1.81970e+18,1.06563e-17
2.11379,1.81970e+18,1.74408e-17
2.26496,1.81970e+18,2.77167e-17
2.42695,1.81970e+18,4.28491e-17
2.60053,1.81970e+18,6.45616e-17
2.78651,1.81970e+18,9.49841e-17
2.98580,1.81970e+18,1.36680e-16
3.19935,1.81970e+18,1.92598e-16
3.42816,1.81970e+18,2.66057e-16
3.67334,1.81970e+18,3.60706e-16
3.93606,1.81970e+18,4.80485e-16
4.21756,1.81970e+18,6.29546e-16
4.51920,1.81970e+18,8.12241e-16
4.84241,1.81970e+18,1.03307e-15
5.18873,1.81970e+18,1.29674e-15
5.55983,1.81970e+18,1.60818e-15
5.95746,1.81970e+18,1.97234e-15
6.38354,1.81970e+18,2.39336e-15
6.84008,1.81970e+18,2.87461e-15
7.32928,1.81970e+18,3.41866e-15
7.85346,1.81970e+18,4.02730e-15
8.41514,1.81970e+18,4.70132e-15
9.01698,1.81970e+18,5.44050e-15
9.66187,1.81970e+18,6.24366e-15
10.3529,1.81970e+18,7.10875e-15
11.0933,1.81970e+18,8.03272e-15
11.8867,1.81970e+18,9.01188e-15
12.7368,1.81970e+18,1.00413e-14
13.6478,1.81970e+18,1.11155e-14
14.6238,1.81970e+18,1.22287e-14
15.6697,1.81970e+18,1.33744e-14
16.7904,1.81970e+18,1.45467e-14
17.9912,1.81970e+18,1.57392e-14
19.2780,1.81970e+18,1.69463e-14
20.6567,1.81970e+18,1.81629e-14
22.1341,1.81970e+18,1.93842e-14
23.7171,1.81970e+18,2.06060e-14
25.4133,1.81970e+18,2.18217e-14
27.2309,1.81970e+18,2.30238e-14
29.1784,1.81970e+18,2.42057e-14
31.2652,1.81970e+18,2.53603e-14
33.5013,1.81970e+18,2.64815e-14
35.8973,1.81970e+18,2.75635e-14
38.4646,1.81970e+18,2.86007e-14
41.2156,1.81970e+18,2.95885e-14
44.1633,1.81970e+18,3.05228e-14
47.3218,1.81970e+18,3.13998e-14
50.7062,1.81970e+18,3.22168e-14
54.3327,1.81970e+18,3.29721e-14
58.2185,1.81970e+18,3.36637e-14
62.3823,1.81970e+18,3.42910e-14
66.8438,1.81970e+18,3.48537e-14
71.6244,1.81970e+18,3.53526e-14
76.7470,1.81970e+18,3.57884e-14
82.2359,1.81970e+18,3.61632e-14
88.1173,1.81970e+18,3.64787e-14
94.4194,1.81970e+18,3.67372e-14
101.172,1.81970e+18,3.69389e-14
108.408,1.81970e+18,3.70847e-14
116.161,1.81970e+18,3.71753e-14
124.469,1.81970e+18,3.72112e-14
133.371,1.81970e+18,3.71941e-14
142.910,1.81970e+18,3.71254e-14
153.130,1.81970e+18,3.70062e-14
164.082,1.81970e+18,3.68392e-14
175.817,1.81970e+18,3.66258e-14
188.392,1.81970e+18,3.63681e-14
201.865,1.81970e+18,3.60690e-14
216.302,1.81970e+18,3.57304e-14
231.772,1.81970e+18,3.53549e-14
248.348,1.81970e+18,3.49450e-14
266.110,1.81970e+18,3.45033e-14
285.142,1.81970e+18,3.40324e-14
305.535,1.81970e+18,3.35349e-14
327.387,1.81970e+18,3.30133e-14
350.801,1.81970e+18,3.24702e-14
375.890,1.81970e+18,3.19082e-14
402.774,1.81970e+18,3.13298e-14
431.580,1.81970e+18,3.07372e-14
462.446,1.81970e+18,3.01326e-14
495.520,1.81970e+18,2.95187e-14
530.959,1.81970e+18,2.88975e-14
568.933,1.81970e+18,2.82707e-14
609.623,1.81970e+18,2.76407e-14
653.223,1.81970e+18,2.70091e-14
699.941,1.81970e+18,2.63776e-14
750.000,1.81970e+18,2.57480e-14
0.750000,1.90546e+18,1.17039e-22
0.803639,1.90546e+18,3.96774e-22
0.861115,1.90546e+18,1.23825e-21
0.922702,1.90546e+18,3.57650e-21
0.988693,1.90546e+18,9.61175e-21
1.05940,1.90546e+18,2.41639e-20
1.13517,1.90546e+18,5.71301e-20
1.21636,1.90546e+18,1.27707e-19
1.30335,1.90546e+18,2.71354e-19
1.39657,1.90546e+18,5.50989e-19
1.49645,1.90546e+18,1.07388e-18
1.60347,1.90546e+18,2.01339e-18
1.71815,1.90546e+18,3.63815e-18
1.84103,1.90546e+18,6.34775e-18
1.97270,1.90546e+18,1.07145e-17
2.11379,1.90546e+18,1.75282e-17
2.26496,1.90546e+18,2.78446e-17
2.42695,1.90546e+18,4.30324e-17
2.60053,1.90546e+18,6.48210e-17
2.78651,1.90546e+18,9.53486e-17
2.98580,1.90546e+18,1.37191e-16
3.19935,1.90546e+18,1.93313e-16
3.42816,1.90546e+18,2.67052e-16
3.67334,1.90546e+18,3.62083e-16
3.93606,1.90546e+18,4.82364e-16
4.21756,1.90546e+18,6.32079e-16
4.51920,1.90546e+18,8.15594e-16
4.84241,1.90546e+18,1.03743e-15
5.18873,1.90546e+18,1.30227e-15
5.55983,1.90546e+18,1.61503e-15
5.95746,1.90546e+18,1.98062e-15
6.38354,1.90546e+18,2.40313e-15
6.84008,1.90546e+18,2.88587e-15
7.32928,1.90546e+18,3.43140e-15
7.85346,1.90546e+18,4.04143e-15
8.41514,1.90546e+18,4.71670e-15
9.01698,1.90546e+18,5.45698e-15
9.66187,1.90546e+18,6.26109e-15
10.3529,1.90546e+18,7.12700e-15
11.0933,1.90546e+18,8.05171e-15
11.8867,1.90546e+18,9.03156e-15
12.7368,1.90546e+18,1.00617e-14
13.6478,1.90546e+18,1.11368e-14
14.6238,1.90546e+18,1.22508e-14
15.6697,1.90546e+18,1.33976e-14
16.7904,1.90546e+18,1.45710e-14
17.9912,1.90546e+18,1.57648e-14
19.2780,1.90546e+18,1.69733e-14
20.6567,1.90546e+18,1.81913e-14
22.1341,1.90546e+18,1.94143e-14
23.7171,1.90546e+18,2.06378e-14
25.4133,1.90546e+18,2.18552e-14
27.2309,1.90546e+18,2.30591e-14
29.1784,1.90546e+18,2.42428e-14
31.2652,1.90546e+18,2.53992e-14
33.5013,1.90546e+18,2.65222e-14
35.8973,1.90546e+18,2.76055e-14
38.4646,1.90546e+18,2.86442e-14
41.2156,1.90546e+18,2.96330e-14
44.1633,1.90546e+18,3.05681e-14
47.3218,1.90546e+18,3.14457e-14
50.7062,1.90546e+18,3.22630e-14
54.3327,1.90546e+18,3.30182e-14
58.2185,1.90546e+18,3.37095e-14
62.3823,1.90546e+18,3.43364e-14
66.8438,1.90546e+18,3.48986e-14
71.6244,1.90546e+18,3.53968e-14
76.7470,1.90546e+18,3.58321e-14
82.2359,1.90546e+18,3.62063e-14
88.1173,1.90546e+18,3.65216e-14
94.4194,1.90546e+18,3.67801e-14
101.172,1.90546e+18,3.69819e-14
108.408,1.90546e+18,3.71282e-14
116.161,1.90546e+18,3.72191e-14
124.469,1.90546e+18,3.72557e-14
133.371,1.90546e+18,3.72395e-14
142.910,1.90546e+18,3.71713e-14
153.130,1.90546e+18,3.70534e-14
164.082,1.90546e+18,3.68872e-14
175.817,1.90546e+18,3.66746e-14
188.392,1.90546e+18,3.64182e-14
201.865,1.90546e+18,3.61196e-14
216.302,1.90546e+18,3.57818e-14
231.772,1.90546e+18,3.54069e-14
248.348,1.90546e+18,3.49975e-14
266.110,1.90546e+18,3.45559e-14
285.142,1.90546e+18,3.40852e-14
305.535,1.90546e+18,3.35876e-14
327.387,1.90546e+18,3.30655e-14
350.801,1.90546e+18,3.25219e-14
375.890,1.90546e+18,3.19590e-14
402.774,1.90546e+18,3.13793e-14
431.580,1.90546e+18,3.07853e-14
462.446,1.90546e+18,3.01793e-14
495.520,1.90546e+18,2.95635e-14
530.959,1.90546e+18,2.89400e-14
568.933,1.90546e+18,2.83108e-14
609.623,1.90546e+18,2.76779e-14
653.223,1.90546e+18,2.70432e-14
699.941,1.90546e+18,2.64086e-14
750.000,1.90546e+18,2.57753e-14
0.750000,1.99526e+18,1.18564e-22
0.803639,1.99526e+18,4.01718e-22
0.861115,1.99526e+18,1.25301e-21
0.922702,1.99526e+18,3.61721e-21
0.988693,1.99526e+18,9.71604e-21
1.05940,1.99526e+18,2.44135e-20
1.13517,1.99526e+18,5.76901e-20
1.21636,1.99526e+18,1.28892e-19
1.30335,1.99526e+18,2.73726e-19
1.39657,1.99526e+18,5.55501e-19
1.49645,1.99526e+18,1.08208e-18
1.60347,1.99526e+18,2.02765e-18
1.71815,1.99526e+18,3.66193e-18
1.84103,1.99526e+18,6.38593e-18
1.97270,1.99526e+18,1.07736e-17
2.11379,1.99526e+18,1.76171e-17
2.26496,1.99526e+18,2.79746e-17
2.42695,1.99526e+18,4.32188e-17
2.60053,1.99526e+18,6.50846e-17
2.78651,1.99526e+18,9.57185e-17
2.98580,1.99526e+18,1.37710e-16
3.19935,1.99526e+18,1.94040e-16
3.42816,1.99526e+18,2.68066e-16
3.67334,1.99526e+18,3.63484e-16
3.93606,1.99526e+18,4.84281e-16
4.21756,1.99526e+18,6.34662e-16
4.51920,1.99526e+18,8.19014e-16
4.84241,1.99526e+18,1.04187e-15
5.18873,1.99526e+18,1.30792e-15
5.55983,1.99526e+18,1.62203e-15
5.95746,1.99526e+18,1.98909e-15
6.38354,1.99526e+18,2.41312e-15
6.84008,1.99526e+18,2.89741e-15
7.32928,1.99526e+18,3.44443e-15
7.85346,1.99526e+18,4.05586e-15
8.41514,1.99526e+18,4.73240e-15
9.01698,1.99526e+18,5.47381e-15
9.66187,1.99526e+18,6.27886e-15
10.3529,1.99526e+18,7.14554e-15
11.0933,1.99526e+18,8.07099e-15
11.8867,1.99526e+18,9.05153e-15
12.7368,1.99526e+18,1.00826e-14
13.6478,1.99526e+18,1.11584e-14
14.6238,1.99526e+18,1.22733e-14
15.6697,1.99526e+18,1.34212e-14
16.7904,1.99526e+18,1.45956e-14
17.9912,1.99526e+18,1.57907e-14
19.2780,1.99526e+18,1.70006e-14
20.6567,1.99526e+18,1.82201e-14
22.1341,1.99526e+18,1.94448e-14
23.7171,1.99526e+18,2.06699e-14
25.4133,1.99526e+18,2.18891e-14
27.2309,1.99526e+18,2.30950e-14
29.1784,1.99526e+18,2.42804e-14
31.2652,1.99526e+18,2.54386e-14
33.5013,1.99526e+18,2.65632e-14
35.8973,1.99526e+18,2.76484e-14
38.4646,1.99526e+18,2.86884e-14
41.2156,1.99526e+18,2.96783e-14
44.1633,1.99526e+18,3.06144e-14
47.3218,1.99526e+18,3.14925e-14
50.7062,1.99526e+18,3.23103e-14
54.3327,1.99526e+18,3.30652e-14
58.2185,1.99526e+18,3.37563e-14
62.3823,1.99526e+18,3.43826e-14
66.8438,1.99526e+18,3.49443e-14
71.6244,1.99526e+18,3.54420e-14
76.7470,1.99526e+18,3.58768e-14
82.2359,1.99526e+18,3.62504e-14
88.1173,1.99526e+18,3.65653e-14
94.4194,1.99526e+18,3.68236e-14
101.172,1.99526e+18,3.70257e-14
108.408,1.99526e+18,3.71722e-14
116.161,1.99526e+18,3.72637e-14
124.469,1.99526e+18,3.73009e-14
133.371,1.99526e+18,3.72852e-14
142.910,1.99526e+18,3.72180e-14
153.130,1.99526e+18,3.71009e-14
164.082,1.99526e+18,3.69355e-14
175.817,1.99526e+18,3.67238e-14
188.392,1.99526e+18,3.64681e-14
201.865,1.99526e+18,3.61706e-14
216.302,1.99526e+18,3.58333e-14
231.772,1.99526e+18,3.54590e-14
248.348,1.99526e+18,3.50499e-14
266.110,1.99526e+18,3.46087e-14
285.142,1.99526e+18,3.41381e-14
305.535,1.99526e+18,3.36402e-14
327.387,1.99526e+18,3.31179e-14
350.801,1.99526e+18,3.25736e-14
375.890,1.99526e+18,3.20100e-14
402.774,1.99526e+18,3.14292e-14
431.580,1.99526e+18,3.08339e-14
462.446,1.99526e+18,3.02262e-14
495.520,1.99526e+18,2.96085e-14
530.959,1.99526e+18,2.89828e-14
568.933,1.99526e+18,2.83511e-14
609.623,1.99526e+18,2.77158e-14
653.223,1.99526e+18,2.70783e-14
699.941,1.99526e+18,2.64403e-14
750.000,1.99526e+18,2.58038e-14
0.750000,2.08929e+18,1.20125e-22
0.803639,2.08929e+18,4.06783e-22
0.861115,2.08929e+18,1.26812e-21
0.922702,2.08929e+18,3.65887e-21
0.988693,2.08929e+18,9.82284e-21
1.05940,2.08929e+18,2.46687e-20
1.13517,2.08929e+18,5.82626e-20
1.21636,2.08929e+18,1.30101e-19
1.30335,2.08929e+18,2.76145e-19
1.39657,2.08929e+18,5.60112e-19
1.49645,2.08929e+18,1.09045e-18
1.60347,2.08929e+18,2.04220e-18
1.71815,2.08929e+18,3.68618e-18
1.84103,2.08929e+18,6.42483e-18
1.97270,2.08929e+18,1.08338e-17
2.11379,2.08929e+18,1.77075e-17
2.26496,2.08929e+18,2.81069e-17
2.42695,2.08929e+18,4.34083e-17
2.60053,2.08929e+18,6.53521e-17
2.78651,2.08929e+18,9.60949e-17
2.98580,2.08929e+18,1.38237e-16
3.19935,2.08929e+18,1.94779e-16
3.42816,2.08929e+18,2.69096e-16
3.67334,2.08929e+18,3.64912e-16
3.93606,2.08929e+18,4.86232e-16
4.21756,2.08929e+18,6.37292e-16
4.51920,2.08929e+18,8.22502e-16
4.84241,2.08929e+18,1.04640e-15
5.18873,2.08929e+18,1.31368e-15
5.55983,2.08929e+18,1.62918e-15
5.95746,2.08929e+18,1.99773e-15
6.38354,2.08929e+18,2.42331e-15
6.84008,2.08929e+18,2.90916e-15
7.32928,2.08929e+18,3.45770e-15
7.85346,2.08929e+18,4.07055e-15
8.41514,2.08929e+18,4.74838e-15
9.01698,2.08929e+18,5.49093e-15
9.66187,2.08929e+18,6.29697e-15
10.3529,2.08929e+18,7.16445e-15
11.0933,2.08929e+18,8.09059e-15
11.8867,2.08929e+18,9.07193e-15
12.7368,2.08929e+18,1.01036e-14
13.6478,2.08929e+18,1.11804e-14
14.6238,2.08929e+18,1.22962e-14
15.6697,2.08929e+18,1.34451e-14
16.7904,2.08929e+18,1.46207e-14
17.9912,2.08929e+18,1.58171e-14
19.2780,2.08929e+18,1.70284e-14
20.6567,2.08929e+18,1.82495e-14
22.1341,2.08929e+18,1.94758e-14
23.7171,2.08929e+18,2.07027e-14
25.4133,2.08929e+18,2.19238e-14
27.2309,2.08929e+18,2.31315e-14
29.1784,2.08929e+18,2.43188e-14
31.2652,2.08929e+18,2.54789e-14
33.5013,2.08929e+18,2.66054e-14
35.8973,2.08929e+18,2.76922e-14
38.4646,2.08929e+18,2.87337e-14
41.2156,2.08929e+18,2.97249e-14
44.1633,2.08929e+18,3.06619e-14
47.3218,2.08929e+18,3.15407e-14
50.7062,2.08929e+18,3.23587e-14
54.3327,2.08929e+18,3.31136e-14
58.2185,2.08929e+18,3.38044e-14
62.3823,2.08929e+18,3.44304e-14
66.8438,2.08929e+18,3.49916e-14
71.6244,2.08929e+18,3.54886e-14
76.7470,2.08929e+18,3.59226e-14
82.2359,2.08929e+18,3.62958e-14
88.1173,2.08929e+18,3.66103e-14
94.4194,2.08929e+18,3.68684e-14
101.172,2.08929e+18,3.70706e-14
108.408,2.08929e+18,3.72172e-14
116.161,2.08929e+18,3.73091e-14
124.469,2.08929e+18,3.73469e-14
133.371,2.08929e+18,3.73320e-14
142.910,2.08929e+18,3.72655e-14
153.130,2.08929e+18,3.71490e-14
164.082,2.08929e+18,3.69845e-14
175.817,2.08929e+18,3.67737e-14
188.392,2.08929e+18,3.65186e-14
201.865,2.08929e+18,3.62218e-14
216.302,2.08929e+18,3.58851e-14
231.772,2.08929e+18,3.55114e-14
248.348,2.08929e+18,3.51027e-14
266.110,2.08929e+18,3.46618e-14
285.142,2.08929e+18,3.41910e-14
305.535,2.08929e+18,3.36930e-14
327.387,2.08929e+18,3.31703e-14
350.801,2.08929e+18,3.26255e-14
375.890,2.08929e+18,3.20611e-14
402.774,2.08929e+18,3.14793e-14
431.580,2.08929e+18,3.08827e-14
462.446,2.08929e+18,3.02734e-14
495.520,2.08929e+18,2.96539e-14
530.959,2.08929e+18,2.90262e-14
568.933,2.08929e+18,2.83924e-14
609.623,2.08929e+18,2.77543e-14
653.223,2.08929e+18,2.71140e-14
699.941,2.08929e+18,2.64731e-14
750.000,2.08929e+18,2.58331e-14
0.750000,2.18776e+18,1.21725e-22
0.803639,2.18776e+18,4.11968e-22
0.861115,2.18776e+18,1.28358e-21
0.922702,2.18776e+18,3.70150e-21
0.988693,2.18776e+18,9.93196e-21
1.05940,2.18776e+18,2.49296e-20
1.13517,2.18776e+18,5.88474e-20
1.21636,2.18776e+18,1.31337e-19
1.30335,2.18776e+18,2.78619e-19
1.39657,2.18776e+18,5.64811e-19
1.49645,2.18776e+18,1.09899e-18
1.60347,2.18776e+18,2.05702e-18
1.71815,2.18776e+18,3.71090e-18
1.84103,2.18776e+18,6.46444e-18
1.97270,2.18776e+18,1.08952e-17
2.11379,2.18776e+18,1.77996e-17
2.26496,2.18776e+18,2.82416e-17
2.42695,2.18776e+18,4.36012e-17
2.60053,2.18776e+18,6.56249e-17
2.78651,2.18776e+18,9.64780e-17
2.98580,2.18776e+18,1.38775e-16
3.19935,2.18776e+18,1.95531e-16
3.42816,2.18776e+18,2.70146e-16
3.67334,2.18776e+18,3.66364e-16
3.93606,2.18776e+18,4.88223e-16
4.21756,2.18776e+18,6.39979e-16
4.51920,2.18776e+18,8.26062e-16
4.84241,2.18776e+18,1.05103e-15
5.18873,2.18776e+18,1.31955e-15
5.55983,2.18776e+18,1.63647e-15
5.95746,2.18776e+18,2.00654e-15
6.38354,2.18776e+18,2.43371e-15
6.84008,2.18776e+18,2.92113e-15
7.32928,2.18776e+18,3.47125e-15
7.85346,2.18776e+18,4.08556e-15
8.41514,2.18776e+18,4.76471e-15
9.01698,2.18776e+18,5.50841e-15
9.66187,2.18776e+18,6.31537e-15
10.3529,2.18776e+18,7.18372e-15
11.0933,2.18776e+18,8.11062e-15
11.8867,2.18776e+18,9.09268e-15
12.7368,2.18776e+18,1.01252e-14
13.6478,2.18776e+18,1.12027e-14
14.6238,2.18776e+18,1.23195e-14
15.6697,2.18776e+18,1.34694e-14
16.7904,2.18776e+18,1.46462e-14
17.9912,2.18776e+18,1.58438e-14
19.2780,2.18776e+18,1.70567e-14
20.6567,2.18776e+18,1.82794e-14
22.1341,2.18776e+18,1.95074e-14
23.7171,2.18776e+18,2.07362e-14
25.4133,2.18776e+18,2.19591e-14
27.2309,2.18776e+18,2.31686e-14
29.1784,2.18776e+18,2.43579e-14
31.2652,2.18776e+18,2.55200e-14
33.5013,2.18776e+18,2.66483e-14
35.8973,2.18776e+18,2.77367e-14
38.4646,2.18776e+18,2.87797e-14
41.2156,2.18776e+18,2.97723e-14
44.1633,2.18776e+18,3.07103e-14
47.3218,2.18776e+18,3.15897e-14
50.7062,2.18776e+18,3.24080e-14
54.3327,2.18776e+18,3.31631e-14
58.2185,2.18776e+18,3.38538e-14
62.3823,2.18776e+18,3.44792e-14
66.8438,2.18776e+18,3.50397e-14
71.6244,2.18776e+18,3.55362e-14
76.7470,2.18776e+18,3.59697e-14
82.2359,2.18776e+18,3.63423e-14
88.1173,2.18776e+18,3.66565e-14
94.4194,2.18776e+18,3.69143e-14
101.172,2.18776e+18,3.71165e-14
108.408,2.18776e+18,3.72634e-14
116.161,2.18776e+18,3.73557e-14
124.469,2.18776e+18,3.73938e-14
133.371,2.18776e+18,3.73794e-14
142.910,2.18776e+18,3.73136e-14
153.130,2.18776e+18,3.71979e-14
164.082,2.18776e+18,3.70340e-14
175.817,2.18776e+18,3.68240e-14
188.392,2.18776e+18,3.65697e-14
201.865,2.18776e+18,3.62734e-14
216.302,2.18776e+18,3.59374e-14
231.772,2.18776e+18,3.55640e-14
248.348,2.18776e+18,3.51558e-14
266.110,2.18776e+18,3.47149e-14
285.142,2.18776e+18,3.42442e-14
305.535,2.18776e+18,3.37463e-14
327.387,2.18776e+18,3.32233e-14
350.801,2.18776e+18,3.26777e-14
375.890,2.18776e+18,3.21126e-14
402.774,2.18776e+18,3.15297e-14
431.580,2.18776e+18,3.09318e-14
462.446,2.18776e+18,3.03212e-14
495.520,2.18776e+18,2.96999e-14
530.959,2.18776e+18,2.90702e-14
568.933,2.18776e+18,2.84342e-14
609.623,2.18776e+18,2.77936e-14
653.223,2.18776e+18,2.71506e-14
699.941,2.18776e+18,2.65068e-14
750.000,2.18776e+18,2.58638e-14
0.750000,2.29087e+18,1.23363e-22
0.803639,2.29087e+18,4.17279e-22
0.861115,2.29087e+18,1.29941e-21
0.922702,2.29087e+18,3.74515e-21
0.988693,2.29087e+18,1.00436e-20
1.05940,2.29087e+18,2.51965e-20
1.13517,2.29087e+18,5.94456e-20
1.21636,2.29087e+18,1.32601e-19
1.30335,2.29087e+18,2.81146e-19
1.39657,2.29087e+18,5.69615e-19
1.49645,2.29087e+18,1.10770e-18
1.60347,2.29087e+18,2.07217e-18
1.71815,2.29087e+18,3.73610e-18
1.84103,2.29087e+18,6.50488e-18
1.97270,2.29087e+18,1.09576e-17
2.11379,2.29087e+18,1.78934e-17
2.26496,2.29087e+18,2.83786e-17
2.42695,2.29087e+18,4.37975e-17
2.60053,2.29087e+18,6.59023e-17
2.78651,2.29087e+18,9.68675e-17
2.98580,2.29087e+18,1.39323e-16
3.19935,2.29087e+18,1.96299e-16
3.42816,2.29087e+18,2.71217e-16
3.67334,2.29087e+18,3.67846e-16
3.93606,2.29087e+18,4.90249e-16
4.21756,2.29087e+18,6.42712e-16
4.51920,2.29087e+18,8.29684e-16
4.84241,2.29087e+18,1.05574e-15
5.18873,2.29087e+18,1.32554e-15
5.55983,2.29087e+18,1.64389e-15
5.95746,2.29087e+18,2.01551e-15
6.38354,2.29087e+18,2.44430e-15
6.84008,2.29087e+18,2.93336e-15
7.32928,2.29087e+18,3.48503e-15
7.85346,2.29087e+18,4.10085e-15
8.41514,2.29087e+18,4.78135e-15
9.01698,2.29087e+18,5.52617e-15
9.66187,2.29087e+18,6.33417e-15
10.3529,2.29087e+18,7.20328e-15
11.0933,2.29087e+18,8.13097e-15
11.8867,2.29087e+18,9.11380e-15
12.7368,2.29087e+18,1.01471e-14
13.6478,2.29087e+18,1.12254e-14
14.6238,2.29087e+18,1.23432e-14
15.6697,2.29087e+18,1.34942e-14
16.7904,2.29087e+18,1.46721e-14
17.9912,2.29087e+18,1.58711e-14
19.2780,2.29087e+18,1.70854e-14
20.6567,2.29087e+18,1.83098e-14
22.1341,2.29087e+18,1.95395e-14
23.7171,2.29087e+18,2.07701e-14
25.4133,2.29087e+18,2.19949e-14
27.2309,2.29087e+18,2.32065e-14
29.1784,2.29087e+18,2.43978e-14
31.2652,2.29087e+18,2.55619e-14
33.5013,2.29087e+18,2.66920e-14
35.8973,2.29087e+18,2.77822e-14
38.4646,2.29087e+18,2.88269e-14
41.2156,2.29087e+18,2.98209e-14
44.1633,2.29087e+18,3.07599e-14
47.3218,2.29087e+18,3.16401e-14
50.7062,2.29087e+18,3.24587e-14
54.3327,2.29087e+18,3.32138e-14
58.2185,2.29087e+18,3.39043e-14
62.3823,2.29087e+18,3.45294e-14
66.8438,2.29087e+18,3.50895e-14
71.6244,2.29087e+18,3.55851e-14
76.7470,2.29087e+18,3.60182e-14
82.2359,2.29087e+18,3.63901e-14
88.1173,2.29087e+18,3.67037e-14
94.4194,2.29087e+18,3.69612e-14
101.172,2.29087e+18,3.71635e-14
108.408,2.29087e+18,3.73105e-14
116.161,2.29087e+18,3.74029e-14
124.469,2.29087e+18,3.74416e-14
133.371,2.29087e+18,3.74279e-14
142.910,2.29087e+18,3.73625e-14
153.130,2.29087e+18,3.72474e-14
164.082,2.29087e+18,3.70844e-14
175.817,2.29087e+18,3.68750e-14
188.392,2.29087e+18,3.66213e-14
201.865,2.29087e+18,3.63256e-14
216.302,2.29087e+18,3.59900e-14
231.772,2.29087e+18,3.56173e-14
248.348,2.29087e+18,3.52093e-14
266.110,2.29087e+18,3.47686e-14
285.142,2.29087e+18,3.42979e-14
305.535,2.29087e+18,3.37997e-14
327.387,2.29087e+18,3.32763e-14
350.801,2.29087e+18,3.27302e-14
375.890,2.29087e+18,3.21643e-14
402.774,2.29087e+18,3.15804e-14
431.580,2.29087e+18,3.09813e-14
462.446,2.29087e+18,3.03693e-14
495.520,2.29087e+18,2.97463e-14
530.959,2.29087e+18,2.91147e-14
568.933,2.29087e+18,2.84765e-14
609.623,2.29087e+18,2.78338e-14
653.223,2.29087e+18,2.71882e-14
699.941,2.29087e+18,2.65413e-14
750.000,2.29087e+18,2.58955e-14
0.750000,2.39883e+18,1.25044e-22
0.803639,2.39883e+18,4.22723e-22
0.861115,2.39883e+18,1.31563e-21
0.922702,2.39883e+18,3.78980e-21
0.988693,2.39883e+18,1.01580e-20
1.05940,2.39883e+18,2.54695e-20
1.13517,2.39883e+18,6.00576e-20
1.21636,2.39883e+18,1.33893e-19
1.30335,2.39883e+18,2.83728e-19
1.39657,2.39883e+18,5.74527e-19
1.49645,2.39883e+18,1.11661e-18
1.60347,2.39883e+18,2.08761e-18
1.71815,2.39883e+18,3.76182e-18
1.84103,2.39883e+18,6.54608e-18
1.97270,2.39883e+18,1.10215e-17
2.11379,2.39883e+18,1.79890e-17
2.26496,2.39883e+18,2.85183e-17
2.42695,2.39883e+18,4.39976e-17
2.60053,2.39883e+18,6.61850e-17
2.78651,2.39883e+18,9.72648e-17
2.98580,2.39883e+18,1.39879e-16
3.19935,2.39883e+18,1.97079e-16
3.42816,2.39883e+18,2.72304e-16
3.67334,2.39883e+18,3.69353e-16
3.93606,2.39883e+18,4.92311e-16
4.21756,2.39883e+18,6.45493e-16
4.51920,2.39883e+18,8.33373e-16
4.84241,2.39883e+18,1.06053e-15
5.18873,2.39883e+18,1.33163e-15
5.55983,2.39883e+18,1.65145e-15
5.95746,2.39883e+18,2.02466e-15
6.38354,2.39883e+18,2.45508e-15
6.84008,2.39883e+18,2.94579e-15
7.32928,2.39883e+18,3.49909e-15
7.85346,2.39883e+18,4.11640e-15
8.41514,2.39883e+18,4.79824e-15
9.01698,2.39883e+18,5.54427e-15
9.66187,2.39883e+18,6.35326e-15
10.3529,2.39883e+18,7.22326e-15
11.0933,2.39883e+18,8.15172e-15
11.8867,2.39883e+18,9.13527e-15
12.7368,2.39883e+18,1.01693e-14
13.6478,2.39883e+18,1.12486e-14
14.6238,2.39883e+18,1.23673e-14
15.6697,2.39883e+18,1.35193e-14
16.7904,2.39883e+18,1.46985e-14
17.9912,2.39883e+18,1.58989e-14
19.2780,2.39883e+18,1.71147e-14
20.6567,2.39883e+18,1.83407e-14
22.1341,2.39883e+18,1.95723e-14
23.7171,2.39883e+18,2.08048e-14
25.4133,2.39883e+18,2.20315e-14
27.2309,2.39883e+18,2.32451e-14
29.1784,2.39883e+18,2.44385e-14
31.2652,2.39883e+18,2.56046e-14
33.5013,2.39883e+18,2.67366e-14
35.8973,2.39883e+18,2.78287e-14
38.4646,2.39883e+18,2.88751e-14
41.2156,2.39883e+18,2.98705e-14
44.1633,2.39883e+18,3.08105e-14
47.3218,2.39883e+18,3.16913e-14
50.7062,2.39883e+18,3.25104e-14
54.3327,2.39883e+18,3.32656e-14
58.2185,2.39883e+18,3.39559e-14
62.3823,2.39883e+18,3.45805e-14
66.8438,2.39883e+18,3.51400e-14
71.6244,2.39883e+18,3.56353e-14
76.7470,2.39883e+18,3.60676e-14
82.2359,2.39883e+18,3.64390e-14
88.1173,2.39883e+18,3.67522e-14
94.4194,2.39883e+18,3.70097e-14
101.172,2.39883e+18,3.72115e-14
108.408,2.39883e+18,3.73588e-14
116.161,2.39883e+18,3.74514e-14
124.469,2.39883e+18,3.74904e-14
133.371,2.39883e+18,3.74770e-14
142.910,2.39883e+18,3.74122e-14
153.130,2.39883e+18,3.72976e-14
164.082,2.39883e+18,3.71351e-14
175.817,2.39883e+18,3.69263e-14
188.392,2.39883e+18,3.66732e-14
201.865,2.39883e+18,3.63781e-14
216.302,2.39883e+18,3.60431e-14
231.772,2.39883e+18,3.56706e-14
248.348,2.39883e+18,3.52628e-14
266.110,2.39883e+18,3.48224e-14
285.142,2.39883e+18,3.43516e-14
305.535,2.39883e+18,3.38532e-14
327.387,2.39883e+18,3.33294e-14
350.801,2.39883e+18,3.27830e-14
375.890,2.39883e+18,3.22162e-14
402.774,2.39883e+18,3.16315e-14
431.580,2.39883e+18,3.10312e-14
462.446,2.39883e+18,3.04177e-14
495.520,2.39883e+18,2.97932e-14
530.959,2.39883e+18,2.91598e-14
568.933,2.39883e+18,2.85194e-14
609.623,2.39883e+18,2.78743e-14
653.223,2.39883e+18,2.72262e-14
699.941,2.39883e+18,2.65770e-14
750.000,2.39883e+18,2.59282e-14
0.750000,2.51188e+18,1.26764e-22
0.803639,2.51188e+18,4.28296e-22
0.861115,2.51188e+18,1.33224e-21
0.922702,2.51188e+18,3.83550e-21
0.988693,2.51188e+18,1.02749e-20
1.05940,2.51188e+18,2.57487e-20
1.13517,2.51188e+18,6.06828e-20
1.21636,2.51188e+18,1.35212e-19
1.30335,2.51188e+18,2.86366e-19
1.39657,2.51188e+18,5.79535e-19
1.49645,2.51188e+18,1.12569e-18
1.60347,2.51188e+18,2.10337e-18
1.71815,2.51188e+18,3.78808e-18
1.84103,2.51188e+18,6.58814e-18
1.97270,2.51188e+18,1.10864e-17
2.11379,2.51188e+18,1.80865e-17
2.26496,2.51188e+18,2.86607e-17
2.42695,2.51188e+18,4.42017e-17
2.60053,2.51188e+18,6.64737e-17
2.78651,2.51188e+18,9.76697e-17
2.98580,2.51188e+18,1.40447e-16
3.19935,2.51188e+18,1.97876e-16
3.42816,2.51188e+18,2.73415e-16
3.67334,2.51188e+18,3.70888e-16
3.93606,2.51188e+18,4.94419e-16
4.21756,2.51188e+18,6.48331e-16
4.51920,2.51188e+18,8.37136e-16
4.84241,2.51188e+18,1.06542e-15
5.18873,2.51188e+18,1.33785e-15
5.55983,2.51188e+18,1.65916e-15
5.95746,2.51188e+18,2.03397e-15
6.38354,2.51188e+18,2.46607e-15
6.84008,2.51188e+18,2.95847e-15
7.32928,2.51188e+18,3.51340e-15
7.85346,2.51188e+18,4.13222e-15
8.41514,2.51188e+18,4.81546e-15
9.01698,2.51188e+18,5.56268e-15
9.66187,2.51188e+18,6.37273e-15
10.3529,2.51188e+18,7.24357e-15
11.0933,2.51188e+18,8.17283e-15
11.8867,2.51188e+18,9.15711e-15
12.7368,2.51188e+18,1.01920e-14
13.6478,2.51188e+18,1.12723e-14
14.6238,2.51188e+18,1.23918e-14
15.6697,2.51188e+18,1.35450e-14
16.7904,2.51188e+18,1.47254e-14
17.9912,2.51188e+18,1.59271e-14
19.2780,2.51188e+18,1.71446e-14
20.6567,2.51188e+18,1.83721e-14
22.1341,2.51188e+18,1.96054e-14
23.7171,2.51188e+18,2.08399e-14
25.4133,2.51188e+18,2.20687e-14
27.2309,2.51188e+18,2.32844e-14
29.1784,2.51188e+18,2.44798e-14
31.2652,2.51188e+18,2.56479e-14
33.5013,2.51188e+18,2.67822e-14
35.8973,2.51188e+18,2.78761e-14
38.4646,2.51188e+18,2.89241e-14
41.2156,2.51188e+18,2.99210e-14
44.1633,2.51188e+18,3.08623e-14
47.3218,2.51188e+18,3.17438e-14
50.7062,2.51188e+18,3.25633e-14
54.3327,2.51188e+18,3.33186e-14
58.2185,2.51188e+18,3.40087e-14
62.3823,2.51188e+18,3.46331e-14
66.8438,2.51188e+18,3.51921e-14
71.6244,2.51188e+18,3.56866e-14
76.7470,2.51188e+18,3.61182e-14
82.2359,2.51188e+18,3.64891e-14
88.1173,2.51188e+18,3.68019e-14
94.4194,2.51188e+18,3.70589e-14
101.172,2.51188e+18,3.72608e-14
108.408,2.51188e+18,3.74078e-14
116.161,2.51188e+18,3.75005e-14
124.469,2.51188e+18,3.75400e-14
133.371,2.51188e+18,3.75269e-14
142.910,2.51188e+18,3.74624e-14
153.130,2.51188e+18,3.73486e-14
164.082,2.51188e+18,3.71866e-14
175.817,2.51188e+18,3.69784e-14
188.392,2.51188e+18,3.67258e-14
201.865,2.51188e+18,3.64310e-14
216.302,2.51188e+18,3.60967e-14
231.772,2.51188e+18,3.57243e-14
248.348,2.51188e+18,3.53168e-14
266.110,2.51188e+18,3.48763e-14
285.142,2.51188e+18,3.44055e-14
305.535,2.51188e+18,3.39070e-14
327.387,2.51188e+18,3.33829e-14
350.801,2.51188e+18,3.28360e-14
375.890,2.51188e+18,3.22683e-14
402.774,2.51188e+18,3.16827e-14
431.580,2.51188e+18,3.10814e-14
462.446,2.51188e+18,3.04666e-14
495.520,2.51188e+18,2.98404e-14
530.959,2.51188e+18,2.92052e-14
568.933,2.51188e+18,2.85631e-14
609.623,2.51188e+18,2.79158e-14
653.223,2.51188e+18,2.72653e-14
699.941,2.51188e+18,2.66135e-14
750.000,2.51188e+18,2.59618e-14
0.750000,2.63027e+18,1.28529e-22
0.803639,2.63027e+18,4.34004e-22
0.861115,2.63027e+18,1.34923e-21
0.922702,2.63027e+18,3.88230e-21
0.988693,2.63027e+18,1.03945e-20
1.05940,2.63027e+18,2.60342e-20
1.13517,2.63027e+18,6.13218e-20
1.21636,2.63027e+18,1.36561e-19
1.30335,2.63027e+18,2.89060e-19
1.39657,2.63027e+18,5.84655e-19
1.49645,2.63027e+18,1.13497e-18
1.60347,2.63027e+18,2.11948e-18
1.71815,2.63027e+18,3.81484e-18
1.84103,2.63027e+18,6.63101e-18
1.97270,2.63027e+18,1.11528e-17
2.11379,2.63027e+18,1.81859e-17
2.26496,2.63027e+18,2.88062e-17
2.42695,2.63027e+18,4.44099e-17
2.60053,2.63027e+18,6.67675e-17
2.78651,2.63027e+18,9.80826e-17
2.98580,2.63027e+18,1.41026e-16
3.19935,2.63027e+18,1.98686e-16
3.42816,2.63027e+18,2.74547e-16
3.67334,2.63027e+18,3.72456e-16
3.93606,2.63027e+18,4.96558e-16
4.21756,2.63027e+18,6.51217e-16
4.51920,2.63027e+18,8.40961e-16
4.84241,2.63027e+18,1.07039e-15
5.18873,2.63027e+18,1.34416e-15
5.55983,2.63027e+18,1.66700e-15
5.95746,2.63027e+18,2.04344e-15
6.38354,2.63027e+18,2.47724e-15
6.84008,2.63027e+18,2.97135e-15
7.32928,2.63027e+18,3.52793e-15
7.85346,2.63027e+18,4.14833e-15
8.41514,2.63027e+18,4.83299e-15
9.01698,2.63027e+18,5.58145e-15
9.66187,2.63027e+18,6.39252e-15
10.3529,2.63027e+18,7.26429e-15
11.0933,2.63027e+18,8.19427e-15
11.8867,2.63027e+18,9.17946e-15
12.7368,2.63027e+18,1.02152e-14
13.6478,2.63027e+18,1.12962e-14
14.6238,2.63027e+18,1.24169e-14
15.6697,2.63027e+18,1.35712e-14
16.7904,2.63027e+18,1.47529e-14
17.9912,2.63027e+18,1.59560e-14
19.2780,2.63027e+18,1.71749e-14
20.6567,2.63027e+18,1.84043e-14
22.1341,2.63027e+18,1.96395e-14
23.7171,2.63027e+18,2.08760e-14
25.4133,2.63027e+18,2.21068e-14
27.2309,2.63027e+18,2.33245e-14
29.1784,2.63027e+18,2.45220e-14
31.2652,2.63027e+18,2.56923e-14
33.5013,2.63027e+18,2.68286e-14
35.8973,2.63027e+18,2.79245e-14
38.4646,2.63027e+18,2.89743e-14
41.2156,2.63027e+18,2.99727e-14
44.1633,2.63027e+18,3.09151e-14
47.3218,2.63027e+18,3.17975e-14
50.7062,2.63027e+18,3.26175e-14
54.3327,2.63027e+18,3.33729e-14
58.2185,2.63027e+18,3.40628e-14
62.3823,2.63027e+18,3.46869e-14
66.8438,2.63027e+18,3.52454e-14
71.6244,2.63027e+18,3.57393e-14
76.7470,2.63027e+18,3.61701e-14
82.2359,2.63027e+18,3.65406e-14
88.1173,2.63027e+18,3.68527e-14
94.4194,2.63027e+18,3.71093e-14
101.172,2.63027e+18,3.73113e-14
108.408,2.63027e+18,3.74582e-14
116.161,2.63027e+18,3.75510e-14
124.469,2.63027e+18,3.75907e-14
133.371,2.63027e+18,3.75778e-14
142.910,2.63027e+18,3.75138e-14
153.130,2.63027e+18,3.74003e-14
164.082,2.63027e+18,3.72388e-14
175.817,2.63027e+18,3.70310e-14
188.392,2.63027e+18,3.67791e-14
201.865,2.63027e+18,3.64848e-14
216.302,2.63027e+18,3.61506e-14
231.772,2.63027e+18,3.57787e-14
248.348,2.63027e+18,3.53714e-14
266.110,2.63027e+18,3.49310e-14
285.142,2.63027e+18,3.44602e-14
305.535,2.63027e+18,3.39613e-14
327.387,2.63027e+18,3.34369e-14
350.801,2.63027e+18,3.28894e-14
375.890,2.63027e+18,3.23210e-14
402.774,2.63027e+18,3.17346e-14
431.580,2.63027e+18,3.11321e-14
462.446,2.63027e+18,3.05159e-14
495.520,2.63027e+18,2.98882e-14
530.959,2.63027e+18,2.92514e-14
568.933,2.63027e+18,2.86075e-14
609.623,2.63027e+18,2.79581e-14
653.223,2.63027e+18,2.73053e-14
699.941,2.63027e+18,2.66510e-14
750.000,2.63027e+18,2.59968e-14
0.750000,2.75423e+18,1.30337e-22
0.803639,2.75423e+18,4.39855e-22
0.861115,2.75423e+18,1.36664e-21
0.922702,2.75423e+18,3.93020e-21
0.988693,2.75423e+18,1.05169e-20
1.05940,2.75423e+18,2.63263e-20
1.13517,2.75423e+18,6.19758e-20
1.21636,2.75423e+18,1.37941e-19
1.30335,2.75423e+18,2.91815e-19
1.39657,2.75423e+18,5.89888e-19
1.49645,2.75423e+18,1.14445e-18
1.60347,2.75423e+18,2.13591e-18
1.71815,2.75423e+18,3.84221e-18
1.84103,2.75423e+18,6.67481e-18
1.97270,2.75423e+18,1.12205e-17
2.11379,2.75423e+18,1.82874e-17
2.26496,2.75423e+18,2.89547e-17
2.42695,2.75423e+18,4.46224e-17
2.60053,2.75423e+18,6.70677e-17
2.78651,2.75423e+18,9.85041e-17
2.98580,2.75423e+18,1.41618e-16
3.19935,2.75423e+18,1.99513e-16
3.42816,2.75423e+18,2.75699e-16
3.67334,2.75423e+18,3.74049e-16
3.93606,2.75423e+18,4.98738e-16
4.21756,2.75423e+18,6.54159e-16
4.51920,2.75423e+18,8.44855e-16
4.84241,2.75423e+18,1.07545e-15
5.18873,2.75423e+18,1.35059e-15
5.55983,2.75423e+18,1.67496e-15
5.95746,2.75423e+18,2.05307e-15
6.38354,2.75423e+18,2.48859e-15
6.84008,2.75423e+18,2.98444e-15
7.32928,2.75423e+18,3.54273e-15
7.85346,2.75423e+18,4.16470e-15
8.41514,2.75423e+18,4.85076e-15
9.01698,2.75423e+18,5.60049e-15
9.66187,2.75423e+18,6.41263e-15
10.3529,2.75423e+18,7.28530e-15
11.0933,2.75423e+18,8.21615e-15
11.8867,2.75423e+18,9.20215e-15
12.7368,2.75423e+18,1.02387e-14
13.6478,2.75423e+18,1.13207e-14
14.6238,2.75423e+18,1.24425e-14
15.6697,2.75423e+18,1.35978e-14
16.7904,2.75423e+18,1.47808e-14
17.9912,2.75423e+18,1.59854e-14
19.2780,2.75423e+18,1.72058e-14
20.6567,2.75423e+18,1.84370e-14
22.1341,2.75423e+18,1.96740e-14
23.7171,2.75423e+18,2.09125e-14
25.4133,2.75423e+18,2.21454e-14
27.2309,2.75423e+18,2.33654e-14
29.1784,2.75423e+18,2.45652e-14
31.2652,2.75423e+18,2.57376e-14
33.5013,2.75423e+18,2.68759e-14
35.8973,2.75423e+18,2.79739e-14
38.4646,2.75423e+18,2.90255e-14
41.2156,2.75423e+18,3.00255e-14
44.1633,2.75423e+18,3.09691e-14
47.3218,2.75423e+18,3.18525e-14
50.7062,2.75423e+18,3.26728e-14
54.3327,2.75423e+18,3.34285e-14
58.2185,2.75423e+18,3.41183e-14
62.3823,2.75423e+18,3.47420e-14
66.8438,2.75423e+18,3.53001e-14
71.6244,2.75423e+18,3.57932e-14
76.7470,2.75423e+18,3.62234e-14
82.2359,2.75423e+18,3.65932e-14
88.1173,2.75423e+18,3.69048e-14
94.4194,2.75423e+18,3.71613e-14
101.172,2.75423e+18,3.73627e-14
108.408,2.75423e+18,3.75096e-14
116.161,2.75423e+18,3.76026e-14
124.469,2.75423e+18,3.76423e-14
133.371,2.75423e+18,3.76297e-14
142.910,2.75423e+18,3.75662e-14
153.130,2.75423e+18,3.74529e-14
164.082,2.75423e+18,3.72920e-14
175.817,2.75423e+18,3.70844e-14
188.392,2.75423e+18,3.68327e-14
201.865,2.75423e+18,3.65388e-14
216.302,2.75423e+18,3.62050e-14
231.772,2.75423e+18,3.58331e-14
248.348,2.75423e+18,3.54261e-14
266.110,2.75423e+18,3.49858e-14
285.142,2.75423e+18,3.45149e-14
305.535,2.75423e+18,3.40158e-14
327.387,2.75423e+18,3.34909e-14
350.801,2.75423e+18,3.29428e-14
375.890,2.75423e+18,3.23739e-14
402.774,2.75423e+18,3.17866e-14
431.580,2.75423e+18,3.11830e-14
462.446,2.75423e+18,3.05656e-14
495.520,2.75423e+18,2.99366e-14
530.959,2.75423e+18,2.92981e-14
568.933,2.75423e+18,2.86523e-14
609.623,2.75423e+18,2.80010e-14
653.223,2.75423e+18,2.73460e-14
699.941,2.75423e+18,2.66894e-14
750.000,2.75423e+18,2.60326e-14
0.750000,2.88403e+18,1.32190e-22
0.803639,2.88403e+18,4.45848e-22
0.861115,2.88403e+18,1.38446e-21
0.922702,2.88403e+18,3.97920e-21
0.988693,2.88403e+18,1.06422e-20
1.05940,2.88403e+18,2.66252e-20
1.13517,2.88403e+18,6.26444e-20
1.21636,2.88403e+18,1.39350e-19
1.30335,2.88403e+18,2.94629e-19
1.39657,2.88403e+18,5.95230e-19
1.49645,2.88403e+18,1.15413e-18
1.60347,2.88403e+18,2.15270e-18
1.71815,2.88403e+18,3.87012e-18
1.84103,2.88403e+18,6.71952e-18
1.97270,2.88403e+18,1.12897e-17
2.11379,2.88403e+18,1.83913e-17
2.26496,2.88403e+18,2.91063e-17
2.42695,2.88403e+18,4.48398e-17
2.60053,2.88403e+18,6.73744e-17
2.78651,2.88403e+18,9.89341e-17
2.98580,2.88403e+18,1.42221e-16
3.19935,2.88403e+18,2.00357e-16
3.42816,2.88403e+18,2.76877e-16
3.67334,2.88403e+18,3.75674e-16
3.93606,2.88403e+18,5.00961e-16
4.21756,2.88403e+18,6.57153e-16
4.51920,2.88403e+18,8.48818e-16
4.84241,2.88403e+18,1.08059e-15
5.18873,2.88403e+18,1.35713e-15
5.55983,2.88403e+18,1.68306e-15
5.95746,2.88403e+18,2.06285e-15
6.38354,2.88403e+18,2.50012e-15
6.84008,2.88403e+18,2.99776e-15
7.32928,2.88403e+18,3.55775e-15
7.85346,2.88403e+18,4.18135e-15
8.41514,2.88403e+18,4.86887e-15
9.01698,2.88403e+18,5.61990e-15
9.66187,2.88403e+18,6.43311e-15
10.3529,2.88403e+18,7.30676e-15
11.0933,2.88403e+18,8.23847e-15
11.8867,2.88403e+18,9.22527e-15
12.7368,2.88403e+18,1.02628e-14
13.6478,2.88403e+18,1.13457e-14
14.6238,2.88403e+18,1.24684e-14
15.6697,2.88403e+18,1.36250e-14
16.7904,2.88403e+18,1.48093e-14
17.9912,2.88403e+18,1.60154e-14
19.2780,2.88403e+18,1.72374e-14
20.6567,2.88403e+18,1.84703e-14
22.1341,2.88403e+18,1.97094e-14
23.7171,2.88403e+18,2.09498e-14
25.4133,2.88403e+18,2.21849e-14
27.2309,2.88403e+18,2.34071e-14
29.1784,2.88403e+18,2.46090e-14
31.2652,2.88403e+18,2.57837e-14
33.5013,2.88403e+18,2.69243e-14
35.8973,2.88403e+18,2.80243e-14
38.4646,2.88403e+18,2.90777e-14
41.2156,2.88403e+18,3.00792e-14
44.1633,2.88403e+18,3.10242e-14
47.3218,2.88403e+18,3.19086e-14
50.7062,2.88403e+18,3.27295e-14
54.3327,2.88403e+18,3.34853e-14
58.2185,2.88403e+18,3.41750e-14
62.3823,2.88403e+18,3.47984e-14
66.8438,2.88403e+18,3.53558e-14
71.6244,2.88403e+18,3.58485e-14
76.7470,2.88403e+18,3.62783e-14
82.2359,2.88403e+18,3.66473e-14
88.1173,2.88403e+18,3.69582e-14
94.4194,2.88403e+18,3.72142e-14
101.172,2.88403e+18,3.74155e-14
108.408,2.88403e+18,3.75623e-14
116.161,2.88403e+18,3.76554e-14
124.469,2.88403e+18,3.76952e-14
133.371,2.88403e+18,3.76827e-14
142.910,2.88403e+18,3.76194e-14
153.130,2.88403e+18,3.75064e-14
164.082,2.88403e+18,3.73456e-14
175.817,2.88403e+18,3.71385e-14
188.392,2.88403e+18,3.68873e-14
201.865,2.88403e+18,3.65937e-14
216.302,2.88403e+18,3.62601e-14
231.772,2.88403e+18,3.58885e-14
248.348,2.88403e+18,3.54815e-14
266.110,2.88403e+18,3.50411e-14
285.142,2.88403e+18,3.45702e-14
305.535,2.88403e+18,3.40708e-14
327.387,2.88403e+18,3.35456e-14
350.801,2.88403e+18,3.29970e-14
375.890,2.88403e+18,3.24273e-14
402.774,2.88403e+18,3.18389e-14
431.580,2.88403e+18,3.12344e-14
462.446,2.88403e+18,3.06159e-14
495.520,2.88403e+18,2.99855e-14
530.959,2.88403e+18,2.93453e-14
568.933,2.88403e+18,2.86978e-14
609.623,2.88403e+18,2.80446e-14
653.223,2.88403e+18,2.73876e-14
699.941,2.88403e+18,2.67285e-14
750.000,2.88403e+18,2.60694e-14
0.750000,3.01995e+18,1.34090e-22
0.803639,3.01995e+18,4.51991e-22
0.861115,3.01995e+18,1.40272e-21
0.922702,3.01995e+18,4.02943e-21
0.988693,3.01995e+18,1.07704e-20
1.05940,3.01995e+18,2.69309e-20
1.13517,3.01995e+18,6.33280e-20
1.21636,3.01995e+18,1.40791e-19
1.30335,3.01995e+18,2.97507e-19
1.39657,3.01995e+18,6.00686e-19
1.49645,3.01995e+18,1.16403e-18
1.60347,3.01995e+18,2.16984e-18
1.71815,3.01995e+18,3.89866e-18
1.84103,3.01995e+18,6.76520e-18
1.97270,3.01995e+18,1.13603e-17
2.11379,3.01995e+18,1.84973e-17
2.26496,3.01995e+18,2.92611e-17
2.42695,3.01995e+18,4.50615e-17
2.60053,3.01995e+18,6.76879e-17
2.78651,3.01995e+18,9.93740e-17
2.98580,3.01995e+18,1.42838e-16
3.19935,3.01995e+18,2.01219e-16
3.42816,3.01995e+18,2.78076e-16
3.67334,3.01995e+18,3.77333e-16
3.93606,3.01995e+18,5.03223e-16
4.21756,3.01995e+18,6.60196e-16
4.51920,3.01995e+18,8.52846e-16
4.84241,3.01995e+18,1.08582e-15
5.18873,3.01995e+18,1.36376e-15
5.55983,3.01995e+18,1.69129e-15
5.95746,3.01995e+18,2.07279e-15
6.38354,3.01995e+18,2.51184e-15
6.84008,3.01995e+18,3.01125e-15
7.32928,3.01995e+18,3.57301e-15
7.85346,3.01995e+18,4.19824e-15
8.41514,3.01995e+18,4.88728e-15
9.01698,3.01995e+18,5.63960e-15
9.66187,3.01995e+18,6.45400e-15
10.3529,3.01995e+18,7.32856e-15
11.0933,3.01995e+18,8.26113e-15
11.8867,3.01995e+18,9.24885e-15
12.7368,3.01995e+18,1.02873e-14
13.6478,3.01995e+18,1.13712e-14
14.6238,3.01995e+18,1.24950e-14
15.6697,3.01995e+18,1.36528e-14
16.7904,3.01995e+18,1.48384e-14
17.9912,3.01995e+18,1.60459e-14
19.2780,3.01995e+18,1.72698e-14
20.6567,3.01995e+18,1.85044e-14
22.1341,3.01995e+18,1.97454e-14
23.7171,3.01995e+18,2.09879e-14
25.4133,3.01995e+18,2.22251e-14
27.2309,3.01995e+18,2.34495e-14
29.1784,3.01995e+18,2.46539e-14
31.2652,3.01995e+18,2.58308e-14
33.5013,3.01995e+18,2.69735e-14
35.8973,3.01995e+18,2.80756e-14
38.4646,3.01995e+18,2.91310e-14
41.2156,3.01995e+18,3.01342e-14
44.1633,3.01995e+18,3.10804e-14
47.3218,3.01995e+18,3.19657e-14
50.7062,3.01995e+18,3.27871e-14
54.3327,3.01995e+18,3.35433e-14
58.2185,3.01995e+18,3.42330e-14
62.3823,3.01995e+18,3.48560e-14
66.8438,3.01995e+18,3.54130e-14
71.6244,3.01995e+18,3.59050e-14
76.7470,3.01995e+18,3.63339e-14
82.2359,3.01995e+18,3.67023e-14
88.1173,3.01995e+18,3.70128e-14
94.4194,3.01995e+18,3.72685e-14
101.172,3.01995e+18,3.74694e-14
108.408,3.01995e+18,3.76160e-14
116.161,3.01995e+18,3.77090e-14
124.469,3.01995e+18,3.77488e-14
133.371,3.01995e+18,3.77367e-14
142.910,3.01995e+18,3.76735e-14
153.130,3.01995e+18,3.75607e-14
164.082,3.01995e+18,3.74001e-14
175.817,3.01995e+18,3.71935e-14
188.392,3.01995e+18,3.69423e-14
201.865,3.01995e+18,3.66491e-14
216.302,3.01995e+18,3.63156e-14
231.772,3.01995e+18,3.59441e-14
248.348,3.01995e+18,3.55371e-14
266.110,3.01995e+18,3.50967e-14
285.142,3.01995e+18,3.46256e-14
305.535,3.01995e+18,3.41259e-14
327.387,3.01995e+18,3.36004e-14
350.801,3.01995e+18,3.30513e-14
375.890,3.01995e+18,3.24808e-14
402.774,3.01995e+18,3.18918e-14
431.580,3.01995e+18,3.12862e-14
462.446,3.01995e+18,3.06664e-14
495.520,3.01995e+18,3.00347e-14
530.959,3.01995e+18,2.93932e-14
568.933,3.01995e+18,2.87438e-14
609.623,3.01995e+18,2.80888e-14
653.223,3.01995e+18,2.74299e-14
699.941,3.01995e+18,2.67687e-14
750.000,3.01995e+18,2.61072e-14
0.750000,3.16228e+18,1.36038e-22
0.803639,3.16228e+18,4.58283e-22
0.861115,3.16228e+18,1.42143e-21
0.922702,3.16228e+18,4.08080e-21
0.988693,3.16228e+18,1.09016e-20
1.05940,3.16228e+18,2.72437e-20
1.13517,3.16228e+18,6.40276e-20
1.21636,3.16228e+18,1.42266e-19
1.30335,3.16228e+18,3.00449e-19
1.39657,3.16228e+18,6.06271e-19
1.49645,3.16228e+18,1.17414e-18
1.60347,3.16228e+18,2.18736e-18
1.71815,3.16228e+18,3.92783e-18
1.84103,3.16228e+18,6.81191e-18
1.97270,3.16228e+18,1.14326e-17
2.11379,3.16228e+18,1.86056e-17
2.26496,3.16228e+18,2.94195e-17
2.42695,3.16228e+18,4.52883e-17
2.60053,3.16228e+18,6.80086e-17
2.78651,3.16228e+18,9.98242e-17
2.98580,3.16228e+18,1.43468e-16
3.19935,3.16228e+18,2.02099e-16
3.42816,3.16228e+18,2.79299e-16
3.67334,3.16228e+18,3.79022e-16
3.93606,3.16228e+18,5.05528e-16
4.21756,3.16228e+18,6.63296e-16
4.51920,3.16228e+18,8.56949e-16
4.84241,3.16228e+18,1.09114e-15
5.18873,3.16228e+18,1.37051e-15
5.55983,3.16228e+18,1.69964e-15
5.95746,3.16228e+18,2.08288e-15
6.38354,3.16228e+18,2.52374e-15
6.84008,3.16228e+18,3.02498e-15
7.32928,3.16228e+18,3.58849e-15
7.85346,3.16228e+18,4.21543e-15
8.41514,3.16228e+18,4.90598e-15
9.01698,3.16228e+18,5.65964e-15
9.66187,3.16228e+18,6.47516e-15
10.3529,3.16228e+18,7.35079e-15
11.0933,3.16228e+18,8.28426e-15
11.8867,3.16228e+18,9.27287e-15
12.7368,3.16228e+18,1.03123e-14
13.6478,3.16228e+18,1.13973e-14
14.6238,3.16228e+18,1.25222e-14
15.6697,3.16228e+18,1.36812e-14
16.7904,3.16228e+18,1.48682e-14
17.9912,3.16228e+18,1.60772e-14
19.2780,3.16228e+18,1.73027e-14
20.6567,3.16228e+18,1.85392e-14
22.1341,3.16228e+18,1.97821e-14
23.7171,3.16228e+18,2.10268e-14
25.4133,3.16228e+18,2.22662e-14
27.2309,3.16228e+18,2.34929e-14
29.1784,3.16228e+18,2.46996e-14
31.2652,3.16228e+18,2.58788e-14
33.5013,3.16228e+18,2.70238e-14
35.8973,3.16228e+18,2.81281e-14
38.4646,3.16228e+18,2.91853e-14
41.2156,3.16228e+18,3.01903e-14
44.1633,3.16228e+18,3.11380e-14
47.3218,3.16228e+18,3.20242e-14
50.7062,3.16228e+18,3.28463e-14
54.3327,3.16228e+18,3.36026e-14
58.2185,3.16228e+18,3.42923e-14
62.3823,3.16228e+18,3.49150e-14
66.8438,3.16228e+18,3.54715e-14
71.6244,3.16228e+18,3.59630e-14
76.7470,3.16228e+18,3.63914e-14
82.2359,3.16228e+18,3.67592e-14
88.1173,3.16228e+18,3.70691e-14
94.4194,3.16228e+18,3.73239e-14
101.172,3.16228e+18,3.75245e-14
108.408,3.16228e+18,3.76712e-14
116.161,3.16228e+18,3.77639e-14
124.469,3.16228e+18,3.78036e-14
133.371,3.16228e+18,3.77916e-14
142.910,3.16228e+18,3.77285e-14
153.130,3.16228e+18,3.76162e-14
164.082,3.16228e+18,3.74556e-14
175.817,3.16228e+18,3.72490e-14
188.392,3.16228e+18,3.69982e-14
201.865,3.16228e+18,3.67050e-14
216.302,3.16228e+18,3.63717e-14
231.772,3.16228e+18,3.60003e-14
248.348,3.16228e+18,3.55933e-14
266.110,3.16228e+18,3.51529e-14
285.142,3.16228e+18,3.46815e-14
305.535,3.16228e+18,3.41817e-14
327.387,3.16228e+18,3.36557e-14
350.801,3.16228e+18,3.31060e-14
375.890,3.16228e+18,3.25351e-14
402.774,3.16228e+18,3.19450e-14
431.580,3.16228e+18,3.13384e-14
462.446,3.16228e+18,3.07176e-14
495.520,3.16228e+18,3.00846e-14
530.959,3.16228e+18,2.94416e-14
568.933,3.16228e+18,2.87907e-14
609.623,3.16228e+18,2.81338e-14
653.223,3.16228e+18,2.74729e-14
699.941,3.16228e+18,2.68098e-14
750.000,3.16228e+18,2.61462e-14
0.750000,3.31131e+18,1.38035e-22
0.803639,3.31131e+18,4.64728e-22
0.861115,3.31131e+18,1.44058e-21
0.922702,3.31131e+18,4.13342e-21
0.988693,3.31131e+18,1.10359e-20
1.05940,3.31131e+18,2.75636e-20
1.13517,3.31131e+18,6.47430e-20
1.21636,3.31131e+18,1.43774e-19
1.30335,3.31131e+18,3.03454e-19
1.39657,3.31131e+18,6.11975e-19
1.49645,3.31131e+18,1.18446e-18
1.60347,3.31131e+18,2.20527e-18
1.71815,3.31131e+18,3.95762e-18
1.84103,3.31131e+18,6.85961e-18
1.97270,3.31131e+18,1.15064e-17
2.11379,3.31131e+18,1.87164e-17
2.26496,3.31131e+18,2.95814e-17
2.42695,3.31131e+18,4.55204e-17
2.60053,3.31131e+18,6.83365e-17
2.78651,3.31131e+18,1.00284e-16
2.98580,3.31131e+18,1.44111e-16
3.19935,3.31131e+18,2.02998e-16
3.42816,3.31131e+18,2.80548e-16
3.67334,3.31131e+18,3.80741e-16
3.93606,3.31131e+18,5.07869e-16
4.21756,3.31131e+18,6.66449e-16
4.51920,3.31131e+18,8.61114e-16
4.84241,3.31131e+18,1.09653e-15
5.18873,3.31131e+18,1.37734e-15
5.55983,3.31131e+18,1.70811e-15
5.95746,3.31131e+18,2.09309e-15
6.38354,3.31131e+18,2.53580e-15
6.84008,3.31131e+18,3.03887e-15
7.32928,3.31131e+18,3.60420e-15
7.85346,3.31131e+18,4.23283e-15
8.41514,3.31131e+18,4.92495e-15
9.01698,3.31131e+18,5.67999e-15
9.66187,3.31131e+18,6.49669e-15
10.3529,3.31131e+18,7.37334e-15
11.0933,3.31131e+18,8.30783e-15
11.8867,3.31131e+18,9.29734e-15
12.7368,3.31131e+18,1.03378e-14
13.6478,3.31131e+18,1.14238e-14
14.6238,3.31131e+18,1.25499e-14
15.6697,3.31131e+18,1.37101e-14
16.7904,3.31131e+18,1.48986e-14
17.9912,3.31131e+18,1.61091e-14
19.2780,3.31131e+18,1.73363e-14
20.6567,3.31131e+18,1.85747e-14
22.1341,3.31131e+18,1.98196e-14
23.7171,3.31131e+18,2.10665e-14
25.4133,3.31131e+18,2.23081e-14
27.2309,3.31131e+18,2.35373e-14
29.1784,3.31131e+18,2.47462e-14
31.2652,3.31131e+18,2.59279e-14
33.5013,3.31131e+18,2.70753e-14
35.8973,3.31131e+18,2.81816e-14
38.4646,3.31131e+18,2.92410e-14
41.2156,3.31131e+18,3.02476e-14
44.1633,3.31131e+18,3.11966e-14
47.3218,3.31131e+18,3.20840e-14
50.7062,3.31131e+18,3.29069e-14
54.3327,3.31131e+18,3.36635e-14
58.2185,3.31131e+18,3.43531e-14
62.3823,3.31131e+18,3.49756e-14
66.8438,3.31131e+18,3.55316e-14
71.6244,3.31131e+18,3.60225e-14
76.7470,3.31131e+18,3.64503e-14
82.2359,3.31131e+18,3.68171e-14
88.1173,3.31131e+18,3.71265e-14
94.4194,3.31131e+18,3.73812e-14
101.172,3.31131e+18,3.75815e-14
108.408,3.31131e+18,3.77275e-14
116.161,3.31131e+18,3.78201e-14
124.469,3.31131e+18,3.78597e-14
133.371,3.31131e+18,3.78477e-14
142.910,3.31131e+18,3.77846e-14
153.130,3.31131e+18,3.76725e-14
164.082,3.31131e+18,3.75121e-14
175.817,3.31131e+18,3.73056e-14
188.392,3.31131e+18,3.70548e-14
201.865,3.31131e+18,3.67618e-14
216.302,3.31131e+18,3.64284e-14
231.772,3.31131e+18,3.60572e-14
248.348,3.31131e+18,3.56501e-14
266.110,3.31131e+18,3.52095e-14
285.142,3.31131e+18,3.47381e-14
305.535,3.31131e+18,3.42379e-14
327.387,3.31131e+18,3.37113e-14
350.801,3.31131e+18,3.31611e-14
375.890,3.31131e+18,3.25893e-14
402.774,3.31131e+18,3.19986e-14
431.580,3.31131e+18,3.13911e-14
462.446,3.31131e+18,3.07689e-14
495.520,3.31131e+18,3.01346e-14
530.959,3.31131e+18,2.94903e-14
568.933,3.31131e+18,2.88378e-14
609.623,3.31131e+18,2.81794e-14
653.223,3.31131e+18,2.75165e-14
699.941,3.31131e+18,2.68515e-14
750.000,3.31131e+18,2.61856e-14
0.750000,3.46738e+18,1.40082e-22
0.803639,3.46738e+18,4.71341e-22
0.861115,3.46738e+18,1.46021e-21
0.922702,3.46738e+18,4.18732e-21
0.988693,3.46738e+18,1.11734e-20
1.05940,3.46738e+18,2.78911e-20
1.13517,3.46738e+18,6.54747e-20
1.21636,3.46738e+18,1.45315e-19
1.30335,3.46738e+18,3.06530e-19
1.39657,3.46738e+18,6.17811e-19
1.49645,3.46738e+18,1.19503e-18
1.60347,3.46738e+18,2.22359e-18
1.71815,3.46738e+18,3.98810e-18
1.84103,3.46738e+18,6.90840e-18
1.97270,3.46738e+18,1.15819e-17
2.11379,3.46738e+18,1.88297e-17
2.26496,3.46738e+18,2.97471e-17
2.42695,3.46738e+18,4.57578e-17
2.60053,3.46738e+18,6.86720e-17
2.78651,3.46738e+18,1.00754e-16
2.98580,3.46738e+18,1.44769e-16
3.19935,3.46738e+18,2.03918e-16
3.42816,3.46738e+18,2.81823e-16
3.67334,3.46738e+18,3.82498e-16
3.93606,3.46738e+18,5.10263e-16
4.21756,3.46738e+18,6.69655e-16
4.51920,3.46738e+18,8.65345e-16
4.84241,3.46738e+18,1.10201e-15
5.18873,3.46738e+18,1.38429e-15
5.55983,3.46738e+18,1.71670e-15
5.95746,3.46738e+18,2.10348e-15
6.38354,3.46738e+18,2.54802e-15
6.84008,3.46738e+18,3.05298e-15
7.32928,3.46738e+18,3.62015e-15
7.85346,3.46738e+18,4.25053e-15
8.41514,3.46738e+18,4.94421e-15
9.01698,3.46738e+18,5.70068e-15
9.66187,3.46738e+18,6.51863e-15
10.3529,3.46738e+18,7.39636e-15
11.0933,3.46738e+18,8.33180e-15
11.8867,3.46738e+18,9.32238e-15
12.7368,3.46738e+18,1.03637e-14
13.6478,3.46738e+18,1.14509e-14
14.6238,3.46738e+18,1.25782e-14
15.6697,3.46738e+18,1.37397e-14
16.7904,3.46738e+18,1.49296e-14
17.9912,3.46738e+18,1.61418e-14
19.2780,3.46738e+18,1.73707e-14
20.6567,3.46738e+18,1.86109e-14
22.1341,3.46738e+18,1.98580e-14
23.7171,3.46738e+18,2.11070e-14
25.4133,3.46738e+18,2.23511e-14
27.2309,3.46738e+18,2.35826e-14
29.1784,3.46738e+18,2.47939e-14
31.2652,3.46738e+18,2.59780e-14
33.5013,3.46738e+18,2.71277e-14
35.8973,3.46738e+18,2.82364e-14
38.4646,3.46738e+18,2.92976e-14
41.2156,3.46738e+18,3.03061e-14
44.1633,3.46738e+18,3.12567e-14
47.3218,3.46738e+18,3.21449e-14
50.7062,3.46738e+18,3.29685e-14
54.3327,3.46738e+18,3.37256e-14
58.2185,3.46738e+18,3.44152e-14
62.3823,3.46738e+18,3.50374e-14
66.8438,3.46738e+18,3.55930e-14
71.6244,3.46738e+18,3.60834e-14
76.7470,3.46738e+18,3.65105e-14
82.2359,3.46738e+18,3.68766e-14
88.1173,3.46738e+18,3.71852e-14
94.4194,3.46738e+18,3.74393e-14
101.172,3.46738e+18,3.76393e-14
108.408,3.46738e+18,3.77851e-14
116.161,3.46738e+18,3.78774e-14
124.469,3.46738e+18,3.79170e-14
133.371,3.46738e+18,3.79048e-14
142.910,3.46738e+18,3.78418e-14
153.130,3.46738e+18,3.77294e-14
164.082,3.46738e+18,3.75693e-14
175.817,3.46738e+18,3.73629e-14
188.392,3.46738e+18,3.71121e-14
201.865,3.46738e+18,3.68192e-14
216.302,3.46738e+18,3.64859e-14
231.772,3.46738e+18,3.61145e-14
248.348,3.46738e+18,3.57074e-14
266.110,3.46738e+18,3.52666e-14
285.142,3.46738e+18,3.47948e-14
305.535,3.46738e+18,3.42944e-14
327.387,3.46738e+18,3.37675e-14
350.801,3.46738e+18,3.32166e-14
375.890,3.46738e+18,3.26442e-14
402.774,3.46738e+18,3.20526e-14
431.580,3.46738e+18,3.14440e-14
462.446,3.46738e+18,3.08211e-14
495.520,3.46738e+18,3.01856e-14
530.959,3.46738e+18,2.95399e-14
568.933,3.46738e+18,2.88860e-14
609.623,3.46738e+18,2.82257e-14
653.223,3.46738e+18,2.75612e-14
699.941,3.46738e+18,2.68942e-14
750.000,3.46738e+18,2.62265e-14
0.750000,3.63078e+18,1.42181e-22
0.803639,3.63078e+18,4.78110e-22
0.861115,3.63078e+18,1.48031e-21
0.922702,3.63078e+18,4.24250e-21
0.988693,3.63078e+18,1.13141e-20
1.05940,3.63078e+18,2.82264e-20
1.13517,3.63078e+18,6.62235e-20
1.21636,3.63078e+18,1.46892e-19
1.30335,3.63078e+18,3.09675e-19
1.39657,3.63078e+18,6.23774e-19
1.49645,3.63078e+18,1.20583e-18
1.60347,3.63078e+18,2.24232e-18
1.71815,3.63078e+18,4.01925e-18
1.84103,3.63078e+18,6.95836e-18
1.97270,3.63078e+18,1.16592e-17
2.11379,3.63078e+18,1.89457e-17
2.26496,3.63078e+18,2.99169e-17
2.42695,3.63078e+18,4.60011e-17
2.60053,3.63078e+18,6.90161e-17
2.78651,3.63078e+18,1.01236e-16
2.98580,3.63078e+18,1.45444e-16
3.19935,3.63078e+18,2.04857e-16
3.42816,3.63078e+18,2.83124e-16
3.67334,3.63078e+18,3.84286e-16
3.93606,3.63078e+18,5.12694e-16
4.21756,3.63078e+18,6.72919e-16
4.51920,3.63078e+18,8.69644e-16
4.84241,3.63078e+18,1.10757e-15
5.18873,3.63078e+18,1.39134e-15
5.55983,3.63078e+18,1.72541e-15
5.95746,3.63078e+18,2.11399e-15
6.38354,3.63078e+18,2.56043e-15
6.84008,3.63078e+18,3.06727e-15
7.32928,3.63078e+18,3.63633e-15
7.85346,3.63078e+18,4.26841e-15
8.41514,3.63078e+18,4.96375e-15
9.01698,3.63078e+18,5.72164e-15
9.66187,3.63078e+18,6.54082e-15
10.3529,3.63078e+18,7.41970e-15
11.0933,3.63078e+18,8.35615e-15
11.8867,3.63078e+18,9.34781e-15
12.7368,3.63078e+18,1.03902e-14
13.6478,3.63078e+18,1.14785e-14
14.6238,3.63078e+18,1.26070e-14
15.6697,3.63078e+18,1.37699e-14
16.7904,3.63078e+18,1.49612e-14
17.9912,3.63078e+18,1.61751e-14
19.2780,3.63078e+18,1.74058e-14
20.6567,3.63078e+18,1.86480e-14
22.1341,3.63078e+18,1.98971e-14
23.7171,3.63078e+18,2.11484e-14
25.4133,3.63078e+18,2.23946e-14
27.2309,3.63078e+18,2.36286e-14
29.1784,3.63078e+18,2.48424e-14
31.2652,3.63078e+18,2.60290e-14
33.5013,3.63078e+18,2.71810e-14
35.8973,3.63078e+18,2.82920e-14
38.4646,3.63078e+18,2.93555e-14
41.2156,3.63078e+18,3.03658e-14
44.1633,3.63078e+18,3.13178e-14
47.3218,3.63078e+18,3.22072e-14
50.7062,3.63078e+18,3.30316e-14
54.3327,3.63078e+18,3.37890e-14
58.2185,3.63078e+18,3.44785e-14
62.3823,3.63078e+18,3.51006e-14
66.8438,3.63078e+18,3.56559e-14
71.6244,3.63078e+18,3.61456e-14
76.7470,3.63078e+18,3.65720e-14
82.2359,3.63078e+18,3.69376e-14
88.1173,3.63078e+18,3.72457e-14
94.4194,3.63078e+18,3.74990e-14
101.172,3.63078e+18,3.76986e-14
108.408,3.63078e+18,3.78441e-14
116.161,3.63078e+18,3.79362e-14
124.469,3.63078e+18,3.79757e-14
133.371,3.63078e+18,3.79633e-14
142.910,3.63078e+18,3.79003e-14
153.130,3.63078e+18,3.77879e-14
164.082,3.63078e+18,3.76277e-14
175.817,3.63078e+18,3.74212e-14
188.392,3.63078e+18,3.71707e-14
201.865,3.63078e+18,3.68776e-14
216.302,3.63078e+18,3.65442e-14
231.772,3.63078e+18,3.61728e-14
248.348,3.63078e+18,3.57654e-14
266.110,3.63078e+18,3.53246e-14
285.142,3.63078e+18,3.48524e-14
305.535,3.63078e+18,3.43514e-14
327.387,3.63078e+18,3.38240e-14
350.801,3.63078e+18,3.32727e-14
375.890,3.63078e+18,3.26996e-14
402.774,3.63078e+18,3.21072e-14
431.580,3.63078e+18,3.14978e-14
462.446,3.63078e+18,3.08736e-14
495.520,3.63078e+18,3.02370e-14
530.959,3.63078e+18,2.95899e-14
568.933,3.63078e+18,2.89344e-14
609.623,3.63078e+18,2.82727e-14
653.223,3.63078e+18,2.76066e-14
699.941,3.63078e+18,2.69378e-14
750.000,3.63078e+18,2.62680e-14
0.750000,3.80189e+18,1.44335e-22
0.803639,3.80189e+18,4.85056e-22
0.861115,3.80189e+18,1.50092e-21
0.922702,3.80189e+18,4.29902e-21
0.988693,3.80189e+18,1.14582e-20
1.05940,3.80189e+18,2.85692e-20
1.13517,3.80189e+18,6.69896e-20
1.21636,3.80189e+18,1.48504e-19
1.30335,3.80189e+18,3.12890e-19
1.39657,3.80189e+18,6.29871e-19
1.49645,3.80189e+18,1.21687e-18
1.60347,3.80189e+18,2.26146e-18
1.71815,3.80189e+18,4.05112e-18
1.84103,3.80189e+18,7.00943e-18
1.97270,3.80189e+18,1.17382e-17
2.11379,3.80189e+18,1.90645e-17
2.26496,3.80189e+18,3.00907e-17
2.42695,3.80189e+18,4.62504e-17
2.60053,3.80189e+18,6.93682e-17
2.78651,3.80189e+18,1.01730e-16
2.98580,3.80189e+18,1.46133e-16
3.19935,3.80189e+18,2.05816e-16
3.42816,3.80189e+18,2.84453e-16
3.67334,3.80189e+18,3.86111e-16
3.93606,3.80189e+18,5.15172e-16
4.21756,3.80189e+18,6.76236e-16
4.51920,3.80189e+18,8.74007e-16
4.84241,3.80189e+18,1.11321e-15
5.18873,3.80189e+18,1.39847e-15
5.55983,3.80189e+18,1.73425e-15
5.95746,3.80189e+18,2.12464e-15
6.38354,3.80189e+18,2.57298e-15
6.84008,3.80189e+18,3.08174e-15
7.32928,3.80189e+18,3.65266e-15
7.85346,3.80189e+18,4.28657e-15
8.41514,3.80189e+18,4.98356e-15
9.01698,3.80189e+18,5.74296e-15
9.66187,3.80189e+18,6.56344e-15
10.3529,3.80189e+18,7.44343e-15
11.0933,3.80189e+18,8.38098e-15
11.8867,3.80189e+18,9.37370e-15
12.7368,3.80189e+18,1.04173e-14
13.6478,3.80189e+18,1.15067e-14
14.6238,3.80189e+18,1.26365e-14
15.6697,3.80189e+18,1.38008e-14
16.7904,3.80189e+18,1.49937e-14
17.9912,3.80189e+18,1.62091e-14
19.2780,3.80189e+18,1.74417e-14
20.6567,3.80189e+18,1.86859e-14
22.1341,3.80189e+18,1.99371e-14
23.7171,3.80189e+18,2.11906e-14
25.4133,3.80189e+18,2.24394e-14
27.2309,3.80189e+18,2.36757e-14
29.1784,3.80189e+18,2.48921e-14
31.2652,3.80189e+18,2.60812e-14
33.5013,3.80189e+18,2.72356e-14
35.8973,3.80189e+18,2.83488e-14
38.4646,3.80189e+18,2.94145e-14
41.2156,3.80189e+18,3.04266e-14
44.1633,3.80189e+18,3.13804e-14
47.3218,3.80189e+18,3.22709e-14
50.7062,3.80189e+18,3.30958e-14
54.3327,3.80189e+18,3.38538e-14
58.2185,3.80189e+18,3.45435e-14
62.3823,3.80189e+18,3.51655e-14
66.8438,3.80189e+18,3.57203e-14
71.6244,3.80189e+18,3.62096e-14
76.7470,3.80189e+18,3.66351e-14
82.2359,3.80189e+18,3.70001e-14
88.1173,3.80189e+18,3.73074e-14
94.4194,3.80189e+18,3.75604e-14
101.172,3.80189e+18,3.77594e-14
108.408,3.80189e+18,3.79045e-14
116.161,3.80189e+18,3.79963e-14
124.469,3.80189e+18,3.80355e-14
133.371,3.80189e+18,3.80229e-14
142.910,3.80189e+18,3.79598e-14
153.130,3.80189e+18,3.78473e-14
164.082,3.80189e+18,3.76869e-14
175.817,3.80189e+18,3.74805e-14
188.392,3.80189e+18,3.72297e-14
201.865,3.80189e+18,3.69366e-14
216.302,3.80189e+18,3.66031e-14
231.772,3.80189e+18,3.62315e-14
248.348,3.80189e+18,3.58239e-14
266.110,3.80189e+18,3.53829e-14
285.142,3.80189e+18,3.49103e-14
305.535,3.80189e+18,3.44090e-14
327.387,3.80189e+18,3.38811e-14
350.801,3.80189e+18,3.33291e-14
375.890,3.80189e+18,3.27552e-14
402.774,3.80189e+18,3.21621e-14
431.580,3.80189e+18,3.15517e-14
462.446,3.80189e+18,3.09265e-14
495.520,3.80189e+18,3.02887e-14
530.959,3.80189e+18,2.96405e-14
568.933,3.80189e+18,2.89836e-14
609.623,3.80189e+18,2.83205e-14
653.223,3.80189e+18,2.76527e-14
699.941,3.80189e+18,2.69824e-14
750.000,3.80189e+18,2.63107e-14
0.750000,3.98108e+18,1.46542e-22
0.803639,3.98108e+18,4.92174e-22
0.861115,3.98108e+18,1.52202e-21
0.922702,3.98108e+18,4.35690e-21
0.988693,3.98108e+18,1.16057e-20
1.05940,3.98108e+18,2.89201e-20
1.13517,3.98108e+18,6.77733e-20
1.21636,3.98108e+18,1.50154e-19
1.30335,3.98108e+18,3.16180e-19
1.39657,3.98108e+18,6.36108e-19
1.49645,3.98108e+18,1.22817e-18
1.60347,3.98108e+18,2.28104e-18
1.71815,3.98108e+18,4.08372e-18
1.84103,3.98108e+18,7.06166e-18
1.97270,3.98108e+18,1.18192e-17
2.11379,3.98108e+18,1.91861e-17
2.26496,3.98108e+18,3.02688e-17
2.42695,3.98108e+18,4.65057e-17
2.60053,3.98108e+18,6.97290e-17
2.78651,3.98108e+18,1.02236e-16
2.98580,3.98108e+18,1.46840e-16
3.19935,3.98108e+18,2.06799e-16
3.42816,3.98108e+18,2.85812e-16
3.67334,3.98108e+18,3.87972e-16
3.93606,3.98108e+18,5.17694e-16
4.21756,3.98108e+18,6.79606e-16
4.51920,3.98108e+18,8.78443e-16
4.84241,3.98108e+18,1.11894e-15
5.18873,3.98108e+18,1.40571e-15
5.55983,3.98108e+18,1.74318e-15
5.95746,3.98108e+18,2.13544e-15
6.38354,3.98108e+18,2.58568e-15
6.84008,3.98108e+18,3.09640e-15
7.32928,3.98108e+18,3.66924e-15
7.85346,3.98108e+18,4.30499e-15
8.41514,3.98108e+18,5.00365e-15
9.01698,3.98108e+18,5.76456e-15
9.66187,3.98108e+18,6.58647e-15
10.3529,3.98108e+18,7.46763e-15
11.0933,3.98108e+18,8.40634e-15
11.8867,3.98108e+18,9.40012e-15
12.7368,3.98108e+18,1.04449e-14
13.6478,3.98108e+18,1.15356e-14
14.6238,3.98108e+18,1.26667e-14
15.6697,3.98108e+18,1.38324e-14
16.7904,3.98108e+18,1.50269e-14
17.9912,3.98108e+18,1.62440e-14
19.2780,3.98108e+18,1.74785e-14
20.6567,3.98108e+18,1.87247e-14
22.1341,3.98108e+18,1.99781e-14
23.7171,3.98108e+18,2.12339e-14
25.4133,3.98108e+18,2.24851e-14
27.2309,3.98108e+18,2.37238e-14
29.1784,3.98108e+18,2.49428e-14
31.2652,3.98108e+18,2.61343e-14
33.5013,3.98108e+18,2.72913e-14
35.8973,3.98108e+18,2.84068e-14
38.4646,3.98108e+18,2.94747e-14
41.2156,3.98108e+18,3.04889e-14
44.1633,3.98108e+18,3.14440e-14
47.3218,3.98108e+18,3.23359e-14
50.7062,3.98108e+18,3.31615e-14
54.3327,3.98108e+18,3.39198e-14
58.2185,3.98108e+18,3.46098e-14
62.3823,3.98108e+18,3.52316e-14
66.8438,3.98108e+18,3.57861e-14
71.6244,3.98108e+18,3.62746e-14
76.7470,3.98108e+18,3.66997e-14
82.2359,3.98108e+18,3.70641e-14
88.1173,3.98108e+18,3.73709e-14
94.4194,3.98108e+18,3.76233e-14
101.172,3.98108e+18,3.78216e-14
108.408,3.98108e+18,3.79663e-14
116.161,3.98108e+18,3.80576e-14
124.469,3.98108e+18,3.80967e-14
133.371,3.98108e+18,3.80839e-14
142.910,3.98108e+18,3.80205e-14
153.130,3.98108e+18,3.79078e-14
164.082,3.98108e+18,3.77473e-14
175.817,3.98108e+18,3.75408e-14
188.392,3.98108e+18,3.72898e-14
201.865,3.98108e+18,3.69965e-14
216.302,3.98108e+18,3.66628e-14
231.772,3.98108e+18,3.62911e-14
248.348,3.98108e+18,3.58833e-14
266.110,3.98108e+18,3.54417e-14
285.142,3.98108e+18,3.49690e-14
305.535,3.98108e+18,3.44673e-14
327.387,3.98108e+18,3.39387e-14
350.801,3.98108e+18,3.33861e-14
375.890,3.98108e+18,3.28117e-14
402.774,3.98108e+18,3.22177e-14
431.580,3.98108e+18,3.16064e-14
462.446,3.98108e+18,3.09801e-14
495.520,3.98108e+18,3.03411e-14
530.959,3.98108e+18,2.96916e-14
568.933,3.98108e+18,2.90335e-14
609.623,3.98108e+18,2.83689e-14
653.223,3.98108e+18,2.76997e-14
699.941,3.98108e+18,2.70275e-14
750.000,3.98108e+18,2.63542e-14
0.750000,4.16870e+18,1.48808e-22
0.803639,4.16870e+18,4.99471e-22
0.861115,4.16870e+18,1.54365e-21
0.922702,4.16870e+18,4.41618e-21
0.988693,4.16870e+18,1.17567e-20
1.05940,4.16870e+18,2.92797e-20
1.13517,4.16870e+18,6.85751e-20
1.21636,4.16870e+18,1.51841e-19
1.30335,4.16870e+18,3.19544e-19
1.39657,4.16870e+18,6.42486e-19
1.49645,4.16870e+18,1.23971e-18
1.60347,4.16870e+18,2.30107e-18
1.71815,4.16870e+18,4.11703e-18
1.84103,4.16870e+18,7.11512e-18
1.97270,4.16870e+18,1.19021e-17
2.11379,4.16870e+18,1.93107e-17
2.26496,4.16870e+18,3.04512e-17
2.42695,4.16870e+18,4.67674e-17
2.60053,4.16870e+18,7.00983e-17
2.78651,4.16870e+18,1.02754e-16
2.98580,4.16870e+18,1.47562e-16
3.19935,4.16870e+18,2.07803e-16
3.42816,4.16870e+18,2.87196e-16
3.67334,4.16870e+18,3.89872e-16
3.93606,4.16870e+18,5.20260e-16
4.21756,4.16870e+18,6.83032e-16
4.51920,4.16870e+18,8.82945e-16
4.84241,4.16870e+18,1.12474e-15
5.18873,4.16870e+18,1.41305e-15
5.55983,4.16870e+18,1.75224e-15
5.95746,4.16870e+18,2.14635e-15
6.38354,4.16870e+18,2.59855e-15
6.84008,4.16870e+18,3.11124e-15
7.32928,4.16870e+18,3.68604e-15
7.85346,4.16870e+18,4.32365e-15
8.41514,4.16870e+18,5.02404e-15
9.01698,4.16870e+18,5.78650e-15
9.66187,4.16870e+18,6.60978e-15
10.3529,4.16870e+18,7.49223e-15
11.0933,4.16870e+18,8.43210e-15
11.8867,4.16870e+18,9.42713e-15
12.7368,4.16870e+18,1.04731e-14
13.6478,4.16870e+18,1.15650e-14
14.6238,4.16870e+18,1.26975e-14
15.6697,4.16870e+18,1.38647e-14
16.7904,4.16870e+18,1.50607e-14
17.9912,4.16870e+18,1.62797e-14
19.2780,4.16870e+18,1.75160e-14
20.6567,4.16870e+18,1.87643e-14
22.1341,4.16870e+18,2.00199e-14
23.7171,4.16870e+18,2.12780e-14
25.4133,4.16870e+18,2.25317e-14
27.2309,4.16870e+18,2.37730e-14
29.1784,4.16870e+18,2.49945e-14
31.2652,4.16870e+18,2.61886e-14
33.5013,4.16870e+18,2.73482e-14
35.8973,4.16870e+18,2.84661e-14
38.4646,4.16870e+18,2.95362e-14
41.2156,4.16870e+18,3.05523e-14
44.1633,4.16870e+18,3.15091e-14
47.3218,4.16870e+18,3.24021e-14
50.7062,4.16870e+18,3.32287e-14
54.3327,4.16870e+18,3.39875e-14
58.2185,4.16870e+18,3.46776e-14
62.3823,4.16870e+18,3.52993e-14
66.8438,4.16870e+18,3.58533e-14
71.6244,4.16870e+18,3.63414e-14
76.7470,4.16870e+18,3.67660e-14
82.2359,4.16870e+18,3.71296e-14
88.1173,4.16870e+18,3.74356e-14
94.4194,4.16870e+18,3.76873e-14
101.172,4.16870e+18,3.78852e-14
108.408,4.16870e+18,3.80295e-14
116.161,4.16870e+18,3.81205e-14
124.469,4.16870e+18,3.81590e-14
133.371,4.16870e+18,3.81461e-14
142.910,4.16870e+18,3.80822e-14
153.130,4.16870e+18,3.79693e-14
164.082,4.16870e+18,3.78087e-14
175.817,4.16870e+18,3.76020e-14
188.392,4.16870e+18,3.73508e-14
201.865,4.16870e+18,3.70572e-14
216.302,4.16870e+18,3.67234e-14
231.772,4.16870e+18,3.63513e-14
248.348,4.16870e+18,3.59433e-14
266.110,4.16870e+18,3.55013e-14
285.142,4.16870e+18,3.50280e-14
305.535,4.16870e+18,3.45258e-14
327.387,4.16870e+18,3.39968e-14
350.801,4.16870e+18,3.34434e-14
375.890,4.16870e+18,3.28682e-14
402.774,4.16870e+18,3.22734e-14
431.580,4.16870e+18,3.16612e-14
462.446,4.16870e+18,3.10340e-14
495.520,4.16870e+18,3.03940e-14
530.959,4.16870e+18,2.97433e-14
568.933,4.16870e+18,2.90839e-14
609.623,4.16870e+18,2.84178e-14
653.223,4.16870e+18,2.77471e-14
699.941,4.16870e+18,2.70734e-14
750.000,4.16870e+18,2.63984e-14
0.750000,4.36515e+18,1.51133e-22
0.803639,4.36515e+18,5.06954e-22
0.861115,4.36515e+18,1.56582e-21
0.922702,4.36515e+18,4.47693e-21
0.988693,4.36515e+18,1.19114e-20
1.05940,4.36515e+18,2.96474e-20
1.13517,4.36515e+18,6.93964e-20
1.21636,4.36515e+18,1.53570e-19
1.30335,4.36515e+18,3.22984e-19
1.39657,4.36515e+18,6.49011e-19
1.49645,4.36515e+18,1.25153e-18
1.60347,4.36515e+18,2.32157e-18
1.71815,4.36515e+18,4.15119e-18
1.84103,4.36515e+18,7.16991e-18
1.97270,4.36515e+18,1.19870e-17
2.11379,4.36515e+18,1.94384e-17
2.26496,4.36515e+18,3.06384e-17
2.42695,4.36515e+18,4.70361e-17
2.60053,4.36515e+18,7.04780e-17
2.78651,4.36515e+18,1.03285e-16
2.98580,4.36515e+18,1.48303e-16
3.19935,4.36515e+18,2.08831e-16
3.42816,4.36515e+18,2.88614e-16
3.67334,4.36515e+18,3.91804e-16
3.93606,4.36515e+18,5.22876e-16
4.21756,4.36515e+18,6.86519e-16
4.51920,4.36515e+18,8.87524e-16
4.84241,4.36515e+18,1.13064e-15
5.18873,4.36515e+18,1.42047e-15
5.55983,4.36515e+18,1.76141e-15
5.95746,4.36515e+18,2.15738e-15
6.38354,4.36515e+18,2.61154e-15
6.84008,4.36515e+18,3.12624e-15
7.32928,4.36515e+18,3.70300e-15
7.85346,4.36515e+18,4.34251e-15
8.41514,4.36515e+18,5.04467e-15
9.01698,4.36515e+18,5.80875e-15
9.66187,4.36515e+18,6.63349e-15
10.3529,4.36515e+18,7.51719e-15
11.0933,4.36515e+18,8.45835e-15
11.8867,4.36515e+18,9.45457e-15
12.7368,4.36515e+18,1.05018e-14
13.6478,4.36515e+18,1.15951e-14
14.6238,4.36515e+18,1.27290e-14
15.6697,4.36515e+18,1.38978e-14
16.7904,4.36515e+18,1.50954e-14
17.9912,4.36515e+18,1.63162e-14
19.2780,4.36515e+18,1.75545e-14
20.6567,4.36515e+18,1.88048e-14
22.1341,4.36515e+18,2.00627e-14
23.7171,4.36515e+18,2.13232e-14
25.4133,4.36515e+18,2.25793e-14
27.2309,4.36515e+18,2.38232e-14
29.1784,4.36515e+18,2.50473e-14
31.2652,4.36515e+18,2.62440e-14
33.5013,4.36515e+18,2.74062e-14
35.8973,4.36515e+18,2.85266e-14
38.4646,4.36515e+18,2.95988e-14
41.2156,4.36515e+18,3.06170e-14
44.1633,4.36515e+18,3.15754e-14
47.3218,4.36515e+18,3.24696e-14
50.7062,4.36515e+18,3.32974e-14
54.3327,4.36515e+18,3.40565e-14
58.2185,4.36515e+18,3.47469e-14
62.3823,4.36515e+18,3.53685e-14
66.8438,4.36515e+18,3.59222e-14
71.6244,4.36515e+18,3.64099e-14
76.7470,4.36515e+18,3.68337e-14
82.2359,4.36515e+18,3.71967e-14
88.1173,4.36515e+18,3.75020e-14
94.4194,4.36515e+18,3.77532e-14
101.172,4.36515e+18,3.79505e-14
108.408,4.36515e+18,3.80942e-14
116.161,4.36515e+18,3.81849e-14
124.469,4.36515e+18,3.82230e-14
133.371,4.36515e+18,3.82094e-14
142.910,4.36515e+18,3.81454e-14
153.130,4.36515e+18,3.80324e-14
164.082,4.36515e+18,3.78714e-14
175.817,4.36515e+18,3.76641e-14
188.392,4.36515e+18,3.74128e-14
201.865,4.36515e+18,3.71190e-14
216.302,4.36515e+18,3.67848e-14
231.772,4.36515e+18,3.64126e-14
248.348,4.36515e+18,3.60038e-14
266.110,4.36515e+18,3.55615e-14
285.142,4.36515e+18,3.50879e-14
305.535,4.36515e+18,3.45850e-14
327.387,4.36515e+18,3.40555e-14
350.801,4.36515e+18,3.35015e-14
375.890,4.36515e+18,3.29256e-14
402.774,4.36515e+18,3.23297e-14
431.580,4.36515e+18,3.17168e-14
462.446,4.36515e+18,3.10886e-14
495.520,4.36515e+18,3.04475e-14
530.959,4.36515e+18,2.97956e-14
568.933,4.36515e+18,2.91349e-14
609.623,4.36515e+18,2.84676e-14
653.223,4.36515e+18,2.77955e-14
699.941,4.36515e+18,2.71202e-14
750.000,4.36515e+18,2.64437e-14
0.750000,4.57088e+18,1.53515e-22
0.803639,4.57088e+18,5.14625e-22
0.861115,4.57088e+18,1.58854e-21
0.922702,4.57088e+18,4.53916e-21
0.988693,4.57088e+18,1.20697e-20
1.05940,4.57088e+18,3.00239e-20
1.13517,4.57088e+18,7.02364e-20
1.21636,4.57088e+18,1.55337e-19
1.30335,4.57088e+18,3.26505e-19
1.39657,4.57088e+18,6.55690e-19
1.49645,4.57088e+18,1.26362e-18
1.60347,4.57088e+18,2.34254e-18
1.71815,4.57088e+18,4.18616e-18
1.84103,4.57088e+18,7.22600e-18
1.97270,4.57088e+18,1.20739e-17
2.11379,4.57088e+18,1.95693e-17
2.26496,4.57088e+18,3.08304e-17
2.42695,4.57088e+18,4.73118e-17
2.60053,4.57088e+18,7.08676e-17
2.78651,4.57088e+18,1.03831e-16
2.98580,4.57088e+18,1.49061e-16
3.19935,4.57088e+18,2.09881e-16
3.42816,4.57088e+18,2.90062e-16
3.67334,4.57088e+18,3.93781e-16
3.93606,4.57088e+18,5.25540e-16
4.21756,4.57088e+18,6.90061e-16
4.51920,4.57088e+18,8.92157e-16
4.84241,4.57088e+18,1.13660e-15
5.18873,4.57088e+18,1.42799e-15
5.55983,4.57088e+18,1.77069e-15
5.95746,4.57088e+18,2.16856e-15
6.38354,4.57088e+18,2.62470e-15
6.84008,4.57088e+18,3.14144e-15
7.32928,4.57088e+18,3.72019e-15
7.85346,4.57088e+18,4.36162e-15
8.41514,4.57088e+18,5.06561e-15
9.01698,4.57088e+18,5.83133e-15
9.66187,4.57088e+18,6.65755e-15
10.3529,4.57088e+18,7.54270e-15
11.0933,4.57088e+18,8.48508e-15
11.8867,4.57088e+18,9.48267e-15
12.7368,4.57088e+18,1.05312e-14
13.6478,4.57088e+18,1.16259e-14
14.6238,4.57088e+18,1.27613e-14
15.6697,4.57088e+18,1.39316e-14
16.7904,4.57088e+18,1.51310e-14
17.9912,4.57088e+18,1.63535e-14
19.2780,4.57088e+18,1.75937e-14
20.6567,4.57088e+18,1.88463e-14
22.1341,4.57088e+18,2.01065e-14
23.7171,4.57088e+18,2.13693e-14
25.4133,4.57088e+18,2.26279e-14
27.2309,4.57088e+18,2.38745e-14
29.1784,4.57088e+18,2.51012e-14
31.2652,4.57088e+18,2.63006e-14
33.5013,4.57088e+18,2.74652e-14
35.8973,4.57088e+18,2.85882e-14
38.4646,4.57088e+18,2.96628e-14
41.2156,4.57088e+18,3.06830e-14
44.1633,4.57088e+18,3.16431e-14
47.3218,4.57088e+18,3.25387e-14
50.7062,4.57088e+18,3.33673e-14
54.3327,4.57088e+18,3.41270e-14
58.2185,4.57088e+18,3.48175e-14
62.3823,4.57088e+18,3.54392e-14
66.8438,4.57088e+18,3.59927e-14
71.6244,4.57088e+18,3.64799e-14
76.7470,4.57088e+18,3.69030e-14
82.2359,4.57088e+18,3.72652e-14
88.1173,4.57088e+18,3.75702e-14
94.4194,4.57088e+18,3.78206e-14
101.172,4.57088e+18,3.80173e-14
108.408,4.57088e+18,3.81605e-14
116.161,4.57088e+18,3.82505e-14
124.469,4.57088e+18,3.82883e-14
133.371,4.57088e+18,3.82743e-14
142.910,4.57088e+18,3.82099e-14
153.130,4.57088e+18,3.80965e-14
164.082,4.57088e+18,3.79351e-14
175.817,4.57088e+18,3.77276e-14
188.392,4.57088e+18,3.74759e-14
201.865,4.57088e+18,3.71818e-14
216.302,4.57088e+18,3.68471e-14
231.772,4.57088e+18,3.64742e-14
248.348,4.57088e+18,3.60654e-14
266.110,4.57088e+18,3.56224e-14
285.142,4.57088e+18,3.51484e-14
305.535,4.57088e+18,3.46448e-14
327.387,4.57088e+18,3.41147e-14
350.801,4.57088e+18,3.35601e-14
375.890,4.57088e+18,3.29833e-14
402.774,4.57088e+18,3.23867e-14
431.580,4.57088e+18,3.17729e-14
462.446,4.57088e+18,3.11438e-14
495.520,4.57088e+18,3.05015e-14
530.959,4.57088e+18,2.98485e-14
568.933,4.57088e+18,2.91867e-14
609.623,4.57088e+18,2.85180e-14
653.223,4.57088e+18,2.78445e-14
699.941,4.57088e+18,2.71678e-14
750.000,4.57088e+18,2.64899e-14
0.750000,4.78630e+18,1.55962e-22
0.803639,4.78630e+18,5.22486e-22
0.861115,4.78630e+18,1.61181e-21
0.922702,4.78630e+18,4.60289e-21
0.988693,4.78630e+18,1.22319e-20
1.05940,4.78630e+18,3.04093e-20
1.13517,4.78630e+18,7.10963e-20
1.21636,4.78630e+18,1.57144e-19
1.30335,4.78630e+18,3.30109e-19
1.39657,4.78630e+18,6.62521e-19
1.49645,4.78630e+18,1.27600e-18
1.60347,4.78630e+18,2.36401e-18
1.71815,4.78630e+18,4.22191e-18
1.84103,4.78630e+18,7.28348e-18
1.97270,4.78630e+18,1.21631e-17
2.11379,4.78630e+18,1.97034e-17
2.26496,4.78630e+18,3.10273e-17
2.42695,4.78630e+18,4.75944e-17
2.60053,4.78630e+18,7.12677e-17
2.78651,4.78630e+18,1.04390e-16
2.98580,4.78630e+18,1.49841e-16
3.19935,4.78630e+18,2.10958e-16
3.42816,4.78630e+18,2.91541e-16
3.67334,4.78630e+18,3.95791e-16
3.93606,4.78630e+18,5.28249e-16
4.21756,4.78630e+18,6.93658e-16
4.51920,4.78630e+18,8.96863e-16
4.84241,4.78630e+18,1.14264e-15
5.18873,4.78630e+18,1.43560e-15
5.55983,4.78630e+18,1.78005e-15
5.95746,4.78630e+18,2.17983e-15
6.38354,4.78630e+18,2.63798e-15
6.84008,4.78630e+18,3.15675e-15
7.32928,4.78630e+18,3.73754e-15
7.85346,4.78630e+18,4.38091e-15
8.41514,4.78630e+18,5.08676e-15
9.01698,4.78630e+18,5.85419e-15
9.66187,4.78630e+18,6.68195e-15
10.3529,4.78630e+18,7.56850e-15
11.0933,4.78630e+18,8.51228e-15
11.8867,4.78630e+18,9.51122e-15
12.7368,4.78630e+18,1.05612e-14
13.6478,4.78630e+18,1.16573e-14
14.6238,4.78630e+18,1.27942e-14
15.6697,4.78630e+18,1.39662e-14
16.7904,4.78630e+18,1.51673e-14
17.9912,4.78630e+18,1.63918e-14
19.2780,4.78630e+18,1.76340e-14
20.6567,4.78630e+18,1.88887e-14
22.1341,4.78630e+18,2.01512e-14
23.7171,4.78630e+18,2.14165e-14
25.4133,4.78630e+18,2.26776e-14
27.2309,4.78630e+18,2.39268e-14
29.1784,4.78630e+18,2.51562e-14
31.2652,4.78630e+18,2.63583e-14
33.5013,4.78630e+18,2.75256e-14
35.8973,4.78630e+18,2.86510e-14
38.4646,4.78630e+18,2.97279e-14
41.2156,4.78630e+18,3.07503e-14
44.1633,4.78630e+18,3.17121e-14
47.3218,4.78630e+18,3.26092e-14
50.7062,4.78630e+18,3.34386e-14
54.3327,4.78630e+18,3.41991e-14
58.2185,4.78630e+18,3.48899e-14
62.3823,4.78630e+18,3.55114e-14
66.8438,4.78630e+18,3.60647e-14
71.6244,4.78630e+18,3.65514e-14
76.7470,4.78630e+18,3.69741e-14
82.2359,4.78630e+18,3.73357e-14
88.1173,4.78630e+18,3.76398e-14
94.4194,4.78630e+18,3.78894e-14
101.172,4.78630e+18,3.80856e-14
108.408,4.78630e+18,3.82283e-14
116.161,4.78630e+18,3.83180e-14
124.469,4.78630e+18,3.83551e-14
133.371,4.78630e+18,3.83407e-14
142.910,4.78630e+18,3.82759e-14
153.130,4.78630e+18,3.81618e-14
164.082,4.78630e+18,3.80001e-14
175.817,4.78630e+18,3.77922e-14
188.392,4.78630e+18,3.75401e-14
201.865,4.78630e+18,3.72455e-14
216.302,4.78630e+18,3.69105e-14
231.772,4.78630e+18,3.65371e-14
248.348,4.78630e+18,3.61277e-14
266.110,4.78630e+18,3.56844e-14
285.142,4.78630e+18,3.52095e-14
305.535,4.78630e+18,3.47055e-14
327.387,4.78630e+18,3.41745e-14
350.801,4.78630e+18,3.36192e-14
375.890,4.78630e+18,3.30416e-14
402.774,4.78630e+18,3.24444e-14
431.580,4.78630e+18,3.18295e-14
462.446,4.78630e+18,3.11993e-14
495.520,4.78630e+18,3.05561e-14
530.959,4.78630e+18,2.99020e-14
568.933,4.78630e+18,2.92390e-14
609.623,4.78630e+18,2.85691e-14
653.223,4.78630e+18,2.78942e-14
699.941,4.78630e+18,2.72162e-14
750.000,4.78630e+18,2.65368e-14
0.750000,5.01188e+18,1.58471e-22
0.803639,5.01188e+18,5.30560e-22
0.861115,5.01188e+18,1.63571e-21
0.922702,5.01188e+18,4.66821e-21
0.988693,5.01188e+18,1.23982e-20
1.05940,5.01188e+18,3.08042e-20
1.13517,5.01188e+18,7.19763e-20
1.21636,5.01188e+18,1.58997e-19
1.30335,5.01188e+18,3.33797e-19
1.39657,5.01188e+18,6.69510e-19
1.49645,5.01188e+18,1.28868e-18
1.60347,5.01188e+18,2.38599e-18
1.71815,5.01188e+18,4.25858e-18
1.84103,5.01188e+18,7.34235e-18
1.97270,5.01188e+18,1.22546e-17
2.11379,5.01188e+18,1.98413e-17
2.26496,5.01188e+18,3.12295e-17
2.42695,5.01188e+18,4.78849e-17
2.60053,5.01188e+18,7.16778e-17
2.78651,5.01188e+18,1.04963e-16
2.98580,5.01188e+18,1.50637e-16
3.19935,5.01188e+18,2.12060e-16
3.42816,5.01188e+18,2.93052e-16
3.67334,5.01188e+18,3.97847e-16
3.93606,5.01188e+18,5.31011e-16
4.21756,5.01188e+18,6.97317e-16
4.51920,5.01188e+18,9.01631e-16
4.84241,5.01188e+18,1.14876e-15
5.18873,5.01188e+18,1.44330e-15
5.55983,5.01188e+18,1.78953e-15
5.95746,5.01188e+18,2.19122e-15
6.38354,5.01188e+18,2.65141e-15
6.84008,5.01188e+18,3.17226e-15
7.32928,5.01188e+18,3.75509e-15
7.85346,5.01188e+18,4.40051e-15
8.41514,5.01188e+18,5.10820e-15
9.01698,5.01188e+18,5.87738e-15
9.66187,5.01188e+18,6.70677e-15
10.3529,5.01188e+18,7.59482e-15
11.0933,5.01188e+18,8.54003e-15
11.8867,5.01188e+18,9.54032e-15
12.7368,5.01188e+18,1.05918e-14
13.6478,5.01188e+18,1.16895e-14
14.6238,5.01188e+18,1.28280e-14
15.6697,5.01188e+18,1.40017e-14
16.7904,5.01188e+18,1.52046e-14
17.9912,5.01188e+18,1.64310e-14
19.2780,5.01188e+18,1.76753e-14
20.6567,5.01188e+18,1.89323e-14
22.1341,5.01188e+18,2.01970e-14
23.7171,5.01188e+18,2.14650e-14
25.4133,5.01188e+18,2.27286e-14
27.2309,5.01188e+18,2.39804e-14
29.1784,5.01188e+18,2.52126e-14
31.2652,5.01188e+18,2.64174e-14
33.5013,5.01188e+18,2.75873e-14
35.8973,5.01188e+18,2.87152e-14
38.4646,5.01188e+18,2.97947e-14
41.2156,5.01188e+18,3.08188e-14
44.1633,5.01188e+18,3.17828e-14
47.3218,5.01188e+18,3.26811e-14
50.7062,5.01188e+18,3.35114e-14
54.3327,5.01188e+18,3.42725e-14
58.2185,5.01188e+18,3.49637e-14
62.3823,5.01188e+18,3.55853e-14
66.8438,5.01188e+18,3.61383e-14
71.6244,5.01188e+18,3.66245e-14
76.7470,5.01188e+18,3.70467e-14
82.2359,5.01188e+18,3.74076e-14
88.1173,5.01188e+18,3.77110e-14
94.4194,5.01188e+18,3.79602e-14
101.172,5.01188e+18,3.81557e-14
108.408,5.01188e+18,3.82977e-14
116.161,5.01188e+18,3.83868e-14
124.469,5.01188e+18,3.84235e-14
133.371,5.01188e+18,3.84085e-14
142.910,5.01188e+18,3.83430e-14
153.130,5.01188e+18,3.82286e-14
164.082,5.01188e+18,3.80663e-14
175.817,5.01188e+18,3.78579e-14
188.392,5.01188e+18,3.76055e-14
201.865,5.01188e+18,3.73103e-14
216.302,5.01188e+18,3.69747e-14
231.772,5.01188e+18,3.66008e-14
248.348,5.01188e+18,3.61906e-14
266.110,5.01188e+18,3.57468e-14
285.142,5.01188e+18,3.52715e-14
305.535,5.01188e+18,3.47667e-14
327.387,5.01188e+18,3.42350e-14
350.801,5.01188e+18,3.36789e-14
375.890,5.01188e+18,3.31006e-14
402.774,5.01188e+18,3.25025e-14
431.580,5.01188e+18,3.18864e-14
462.446,5.01188e+18,3.12555e-14
495.520,5.01188e+18,3.06111e-14
530.959,5.01188e+18,2.99560e-14
568.933,5.01188e+18,2.92919e-14
609.623,5.01188e+18,2.86206e-14
653.223,5.01188e+18,2.79446e-14
699.941,5.01188e+18,2.72652e-14
750.000,5.01188e+18,2.65844e-14
0.750000,5.24807e+18,1.61047e-22
0.803639,5.24807e+18,5.38835e-22
0.861115,5.24807e+18,1.66017e-21
0.922702,5.24807e+18,4.73516e-21
0.988693,5.24807e+18,1.25684e-20
1.05940,5.24807e+18,3.12084e-20
1.13517,5.24807e+18,7.28776e-20
1.21636,5.24807e+18,1.60890e-19
1.30335,5.24807e+18,3.37569e-19
1.39657,5.24807e+18,6.76666e-19
1.49645,5.24807e+18,1.30162e-18
1.60347,5.24807e+18,2.40850e-18
1.71815,5.24807e+18,4.29609e-18
1.84103,5.24807e+18,7.40262e-18
1.97270,5.24807e+18,1.23482e-17
2.11379,5.24807e+18,1.99824e-17
2.26496,5.24807e+18,3.14369e-17
2.42695,5.24807e+18,4.81830e-17
2.60053,5.24807e+18,7.20990e-17
2.78651,5.24807e+18,1.05553e-16
2.98580,5.24807e+18,1.51456e-16
3.19935,5.24807e+18,2.13190e-16
3.42816,5.24807e+18,2.94598e-16
3.67334,5.24807e+18,3.99942e-16
3.93606,5.24807e+18,5.33818e-16
4.21756,5.24807e+18,7.01035e-16
4.51920,5.24807e+18,9.06473e-16
4.84241,5.24807e+18,1.15496e-15
5.18873,5.24807e+18,1.45108e-15
5.55983,5.24807e+18,1.79910e-15
5.95746,5.24807e+18,2.20274e-15
6.38354,5.24807e+18,2.66496e-15
6.84008,5.24807e+18,3.18791e-15
7.32928,5.24807e+18,3.77285e-15
7.85346,5.24807e+18,4.42028e-15
8.41514,5.24807e+18,5.12994e-15
9.01698,5.24807e+18,5.90094e-15
9.66187,5.24807e+18,6.73200e-15
10.3529,5.24807e+18,7.62160e-15
11.0933,5.24807e+18,8.56825e-15
11.8867,5.24807e+18,9.57010e-15
12.7368,5.24807e+18,1.06232e-14
13.6478,5.24807e+18,1.17224e-14
14.6238,5.24807e+18,1.28626e-14
15.6697,5.24807e+18,1.40379e-14
16.7904,5.24807e+18,1.52427e-14
17.9912,5.24807e+18,1.64711e-14
19.2780,5.24807e+18,1.77175e-14
20.6567,5.24807e+18,1.89766e-14
22.1341,5.24807e+18,2.02438e-14
23.7171,5.24807e+18,2.15141e-14
25.4133,5.24807e+18,2.27805e-14
27.2309,5.24807e+18,2.40350e-14
29.1784,5.24807e+18,2.52699e-14
31.2652,5.24807e+18,2.64774e-14
33.5013,5.24807e+18,2.76502e-14
35.8973,5.24807e+18,2.87807e-14
38.4646,5.24807e+18,2.98624e-14
41.2156,5.24807e+18,3.08889e-14
44.1633,5.24807e+18,3.18545e-14
47.3218,5.24807e+18,3.27543e-14
50.7062,5.24807e+18,3.35859e-14
54.3327,5.24807e+18,3.43475e-14
58.2185,5.24807e+18,3.50391e-14
62.3823,5.24807e+18,3.56606e-14
66.8438,5.24807e+18,3.62134e-14
71.6244,5.24807e+18,3.66993e-14
76.7470,5.24807e+18,3.71210e-14
82.2359,5.24807e+18,3.74812e-14
88.1173,5.24807e+18,3.77839e-14
94.4194,5.24807e+18,3.80326e-14
101.172,5.24807e+18,3.82273e-14
108.408,5.24807e+18,3.83688e-14
116.161,5.24807e+18,3.84571e-14
124.469,5.24807e+18,3.84929e-14
133.371,5.24807e+18,3.84776e-14
142.910,5.24807e+18,3.84117e-14
153.130,5.24807e+18,3.82967e-14
164.082,5.24807e+18,3.81339e-14
175.817,5.24807e+18,3.79249e-14
188.392,5.24807e+18,3.76715e-14
201.865,5.24807e+18,3.73759e-14
216.302,5.24807e+18,3.70398e-14
231.772,5.24807e+18,3.66653e-14
248.348,5.24807e+18,3.62546e-14
266.110,5.24807e+18,3.58102e-14
285.142,5.24807e+18,3.53338e-14
305.535,5.24807e+18,3.48284e-14
327.387,5.24807e+18,3.42961e-14
350.801,5.24807e+18,3.37390e-14
375.890,5.24807e+18,3.31599e-14
402.774,5.24807e+18,3.25610e-14
431.580,5.24807e+18,3.19442e-14
462.446,5.24807e+18,3.13121e-14
495.520,5.24807e+18,3.06669e-14
530.959,5.24807e+18,3.00108e-14
568.933,5.24807e+18,2.93454e-14
609.623,5.24807e+18,2.86732e-14
653.223,5.24807e+18,2.79958e-14
699.941,5.24807e+18,2.73152e-14
750.000,5.24807e+18,2.66331e-14
0.750000,5.49541e+18,1.63689e-22
0.803639,5.49541e+18,5.47318e-22
0.861115,5.49541e+18,1.68525e-21
0.922702,5.49541e+18,4.80375e-21
0.988693,5.49541e+18,1.27426e-20
1.05940,5.49541e+18,3.16222e-20
1.13517,5.49541e+18,7.37997e-20
1.21636,5.49541e+18,1.62829e-19
1.30335,5.49541e+18,3.41432e-19
1.39657,5.49541e+18,6.83985e-19
1.49645,5.49541e+18,1.31490e-18
1.60347,5.49541e+18,2.43154e-18
1.71815,5.49541e+18,4.33458e-18
1.84103,5.49541e+18,7.46449e-18
1.97270,5.49541e+18,1.24444e-17
2.11379,5.49541e+18,2.01276e-17
2.26496,5.49541e+18,3.16500e-17
2.42695,5.49541e+18,4.84893e-17
2.60053,5.49541e+18,7.25327e-17
2.78651,5.49541e+18,1.06158e-16
2.98580,5.49541e+18,1.52296e-16
3.19935,5.49541e+18,2.14347e-16
3.42816,5.49541e+18,2.96177e-16
3.67334,5.49541e+18,4.02081e-16
3.93606,5.49541e+18,5.36678e-16
4.21756,5.49541e+18,7.04810e-16
4.51920,5.49541e+18,9.11386e-16
4.84241,5.49541e+18,1.16123e-15
5.18873,5.49541e+18,1.45895e-15
5.55983,5.49541e+18,1.80876e-15
5.95746,5.49541e+18,2.21438e-15
6.38354,5.49541e+18,2.67866e-15
6.84008,5.49541e+18,3.20369e-15
7.32928,5.49541e+18,3.79074e-15
7.85346,5.49541e+18,4.44025e-15
8.41514,5.49541e+18,5.15188e-15
9.01698,5.49541e+18,5.92476e-15
9.66187,5.49541e+18,6.75755e-15
10.3529,5.49541e+18,7.64875e-15
11.0933,5.49541e+18,8.59700e-15
11.8867,5.49541e+18,9.60038e-15
12.7368,5.49541e+18,1.06551e-14
13.6478,5.49541e+18,1.17559e-14
14.6238,5.49541e+18,1.28978e-14
15.6697,5.49541e+18,1.40750e-14
16.7904,5.49541e+18,1.52817e-14
17.9912,5.49541e+18,1.65121e-14
19.2780,5.49541e+18,1.77607e-14
20.6567,5.49541e+18,1.90222e-14
22.1341,5.49541e+18,2.02917e-14
23.7171,5.49541e+18,2.15646e-14
25.4133,5.49541e+18,2.28337e-14
27.2309,5.49541e+18,2.40909e-14
29.1784,5.49541e+18,2.53286e-14
31.2652,5.49541e+18,2.65388e-14
33.5013,5.49541e+18,2.77142e-14
35.8973,5.49541e+18,2.88475e-14
38.4646,5.49541e+18,2.99316e-14
41.2156,5.49541e+18,3.09603e-14
44.1633,5.49541e+18,3.19277e-14
47.3218,5.49541e+18,3.28290e-14
50.7062,5.49541e+18,3.36617e-14
54.3327,5.49541e+18,3.44241e-14
58.2185,5.49541e+18,3.51161e-14
62.3823,5.49541e+18,3.57376e-14
66.8438,5.49541e+18,3.62904e-14
71.6244,5.49541e+18,3.67760e-14
76.7470,5.49541e+18,3.71970e-14
82.2359,5.49541e+18,3.75567e-14
88.1173,5.49541e+18,3.78587e-14
94.4194,5.49541e+18,3.81065e-14
101.172,5.49541e+18,3.83008e-14
108.408,5.49541e+18,3.84415e-14
116.161,5.49541e+18,3.85291e-14
124.469,5.49541e+18,3.85645e-14
133.371,5.49541e+18,3.85485e-14
142.910,5.49541e+18,3.84819e-14
153.130,5.49541e+18,3.83662e-14
164.082,5.49541e+18,3.82027e-14
175.817,5.49541e+18,3.79932e-14
188.392,5.49541e+18,3.77393e-14
201.865,5.49541e+18,3.74428e-14
216.302,5.49541e+18,3.71060e-14
231.772,5.49541e+18,3.67308e-14
248.348,5.49541e+18,3.63196e-14
266.110,5.49541e+18,3.58742e-14
285.142,5.49541e+18,3.53972e-14
305.535,5.49541e+18,3.48911e-14
327.387,5.49541e+18,3.43578e-14
350.801,5.49541e+18,3.38001e-14
375.890,5.49541e+18,3.32202e-14
402.774,5.49541e+18,3.26201e-14
431.580,5.49541e+18,3.20023e-14
462.446,5.49541e+18,3.13695e-14
495.520,5.49541e+18,3.07232e-14
530.959,5.49541e+18,3.00659e-14
568.933,5.49541e+18,2.93995e-14
609.623,5.49541e+18,2.87261e-14
653.223,5.49541e+18,2.80476e-14
699.941,5.49541e+18,2.73658e-14
750.000,5.49541e+18,2.66826e-14
0.750000,5.75440e+18,1.66401e-22
0.803639,5.75440e+18,5.56026e-22
0.861115,5.75440e+18,1.71097e-21
0.922702,5.75440e+18,4.87403e-21
0.988693,5.75440e+18,1.29212e-20
1.05940,5.75440e+18,3.20460e-20
1.13517,5.75440e+18,7.47443e-20
1.21636,5.75440e+18,1.64813e-19
1.30335,5.75440e+18,3.45383e-19
1.39657,5.75440e+18,6.91485e-19
1.49645,5.75440e+18,1.32849e-18
1.60347,5.75440e+18,2.45514e-18
1.71815,5.75440e+18,4.37396e-18
1.84103,5.75440e+18,7.52783e-18
1.97270,5.75440e+18,1.25429e-17
2.11379,5.75440e+18,2.02763e-17
2.26496,5.75440e+18,3.18685e-17
2.42695,5.75440e+18,4.88040e-17
2.60053,5.75440e+18,7.29767e-17
2.78651,5.75440e+18,1.06779e-16
2.98580,5.75440e+18,1.53157e-16
3.19935,5.75440e+18,2.15531e-16
3.42816,5.75440e+18,2.97793e-16
3.67334,5.75440e+18,4.04262e-16
3.93606,5.75440e+18,5.39589e-16
4.21756,5.75440e+18,7.08641e-16
4.51920,5.75440e+18,9.16354e-16
4.84241,5.75440e+18,1.16758e-15
5.18873,5.75440e+18,1.46690e-15
5.55983,5.75440e+18,1.81852e-15
5.95746,5.75440e+18,2.22607e-15
6.38354,5.75440e+18,2.69243e-15
6.84008,5.75440e+18,3.21962e-15
7.32928,5.75440e+18,3.80882e-15
7.85346,5.75440e+18,4.46040e-15
8.41514,5.75440e+18,5.17404e-15
9.01698,5.75440e+18,5.94884e-15
9.66187,5.75440e+18,6.78340e-15
10.3529,5.75440e+18,7.67634e-15
11.0933,5.75440e+18,8.62623e-15
11.8867,5.75440e+18,9.63127e-15
12.7368,5.75440e+18,1.06876e-14
13.6478,5.75440e+18,1.17903e-14
14.6238,5.75440e+18,1.29339e-14
15.6697,5.75440e+18,1.41130e-14
16.7904,5.75440e+18,1.53217e-14
17.9912,5.75440e+18,1.65541e-14
19.2780,5.75440e+18,1.78049e-14
20.6567,5.75440e+18,1.90687e-14
22.1341,5.75440e+18,2.03408e-14
23.7171,5.75440e+18,2.16162e-14
25.4133,5.75440e+18,2.28880e-14
27.2309,5.75440e+18,2.41480e-14
29.1784,5.75440e+18,2.53885e-14
31.2652,5.75440e+18,2.66016e-14
33.5013,5.75440e+18,2.77798e-14
35.8973,5.75440e+18,2.89156e-14
38.4646,5.75440e+18,3.00021e-14
41.2156,5.75440e+18,3.10332e-14
44.1633,5.75440e+18,3.20025e-14
47.3218,5.75440e+18,3.29053e-14
50.7062,5.75440e+18,3.37390e-14
54.3327,5.75440e+18,3.45023e-14
58.2185,5.75440e+18,3.51945e-14
62.3823,5.75440e+18,3.58166e-14
66.8438,5.75440e+18,3.63690e-14
71.6244,5.75440e+18,3.68545e-14
76.7470,5.75440e+18,3.72748e-14
82.2359,5.75440e+18,3.76340e-14
88.1173,5.75440e+18,3.79354e-14
94.4194,5.75440e+18,3.81825e-14
101.172,5.75440e+18,3.83759e-14
108.408,5.75440e+18,3.85162e-14
116.161,5.75440e+18,3.86031e-14
124.469,5.75440e+18,3.86378e-14
133.371,5.75440e+18,3.86209e-14
142.910,5.75440e+18,3.85537e-14
153.130,5.75440e+18,3.84372e-14
164.082,5.75440e+18,3.82730e-14
175.817,5.75440e+18,3.80627e-14
188.392,5.75440e+18,3.78081e-14
201.865,5.75440e+18,3.75110e-14
216.302,5.75440e+18,3.71734e-14
231.772,5.75440e+18,3.67975e-14
248.348,5.75440e+18,3.63853e-14
266.110,5.75440e+18,3.59393e-14
285.142,5.75440e+18,3.54615e-14
305.535,5.75440e+18,3.49545e-14
327.387,5.75440e+18,3.44205e-14
350.801,5.75440e+18,3.38619e-14
375.890,5.75440e+18,3.32809e-14
402.774,5.75440e+18,3.26800e-14
431.580,5.75440e+18,3.20614e-14
462.446,5.75440e+18,3.14273e-14
495.520,5.75440e+18,3.07802e-14
530.959,5.75440e+18,3.01217e-14
568.933,5.75440e+18,2.94543e-14
609.623,5.75440e+18,2.87798e-14
653.223,5.75440e+18,2.81003e-14
699.941,5.75440e+18,2.74174e-14
750.000,5.75440e+18,2.67327e-14
0.750000,6.02561e+18,1.69187e-22
0.803639,6.02561e+18,5.64959e-22
0.861115,6.02561e+18,1.73736e-21
0.922702,6.02561e+18,4.94610e-21
0.988693,6.02561e+18,1.31042e-20
1.05940,6.02561e+18,3.24802e-20
1.13517,6.02561e+18,7.57113e-20
1.21636,6.02561e+18,1.66846e-19
1.30335,6.02561e+18,3.49432e-19
1.39657,6.02561e+18,6.99161e-19
1.49645,6.02561e+18,1.34240e-18
1.60347,6.02561e+18,2.47933e-18
1.71815,6.02561e+18,4.41432e-18
1.84103,6.02561e+18,7.59289e-18
1.97270,6.02561e+18,1.26442e-17
2.11379,6.02561e+18,2.04291e-17
2.26496,6.02561e+18,3.20935e-17
2.42695,6.02561e+18,4.91273e-17
2.60053,6.02561e+18,7.34341e-17
2.78651,6.02561e+18,1.07418e-16
2.98580,6.02561e+18,1.54042e-16
3.19935,6.02561e+18,2.16746e-16
3.42816,6.02561e+18,2.99446e-16
3.67334,6.02561e+18,4.06487e-16
3.93606,6.02561e+18,5.42555e-16
4.21756,6.02561e+18,7.12539e-16
4.51920,6.02561e+18,9.21401e-16
4.84241,6.02561e+18,1.17400e-15
5.18873,6.02561e+18,1.47492e-15
5.55983,6.02561e+18,1.82837e-15
5.95746,6.02561e+18,2.23790e-15
6.38354,6.02561e+18,2.70634e-15
6.84008,6.02561e+18,3.23570e-15
7.32928,6.02561e+18,3.82707e-15
7.85346,6.02561e+18,4.48082e-15
8.41514,6.02561e+18,5.19655e-15
9.01698,6.02561e+18,5.97330e-15
9.66187,6.02561e+18,6.80977e-15
10.3529,6.02561e+18,7.70448e-15
11.0933,6.02561e+18,8.65607e-15
11.8867,6.02561e+18,9.66291e-15
12.7368,6.02561e+18,1.07210e-14
13.6478,6.02561e+18,1.18254e-14
14.6238,6.02561e+18,1.29710e-14
15.6697,6.02561e+18,1.41520e-14
16.7904,6.02561e+18,1.53627e-14
17.9912,6.02561e+18,1.65973e-14
19.2780,6.02561e+18,1.78503e-14
20.6567,6.02561e+18,1.91164e-14
22.1341,6.02561e+18,2.03911e-14
23.7171,6.02561e+18,2.16690e-14
25.4133,6.02561e+18,2.29434e-14
27.2309,6.02561e+18,2.42063e-14
29.1784,6.02561e+18,2.54497e-14
31.2652,6.02561e+18,2.66655e-14
33.5013,6.02561e+18,2.78464e-14
35.8973,6.02561e+18,2.89850e-14
38.4646,6.02561e+18,3.00740e-14
41.2156,6.02561e+18,3.11073e-14
44.1633,6.02561e+18,3.20785e-14
47.3218,6.02561e+18,3.29829e-14
50.7062,6.02561e+18,3.38179e-14
54.3327,6.02561e+18,3.45819e-14
58.2185,6.02561e+18,3.52748e-14
62.3823,6.02561e+18,3.58969e-14
66.8438,6.02561e+18,3.64493e-14
71.6244,6.02561e+18,3.69342e-14
76.7470,6.02561e+18,3.73543e-14
82.2359,6.02561e+18,3.77129e-14
88.1173,6.02561e+18,3.80134e-14
94.4194,6.02561e+18,3.82599e-14
101.172,6.02561e+18,3.84527e-14
108.408,6.02561e+18,3.85921e-14
116.161,6.02561e+18,3.86784e-14
124.469,6.02561e+18,3.87124e-14
133.371,6.02561e+18,3.86948e-14
142.910,6.02561e+18,3.86267e-14
153.130,6.02561e+18,3.85096e-14
164.082,6.02561e+18,3.83446e-14
175.817,6.02561e+18,3.81335e-14
188.392,6.02561e+18,3.78780e-14
201.865,6.02561e+18,3.75802e-14
216.302,6.02561e+18,3.72419e-14
231.772,6.02561e+18,3.68650e-14
248.348,6.02561e+18,3.64521e-14
266.110,6.02561e+18,3.60050e-14
285.142,6.02561e+18,3.55265e-14
305.535,6.02561e+18,3.50185e-14
327.387,6.02561e+18,3.44836e-14
350.801,6.02561e+18,3.39241e-14
375.890,6.02561e+18,3.33423e-14
402.774,6.02561e+18,3.27404e-14
431.580,6.02561e+18,3.21208e-14
462.446,6.02561e+18,3.14859e-14
495.520,6.02561e+18,3.08375e-14
530.959,6.02561e+18,3.01781e-14
568.933,6.02561e+18,2.95097e-14
609.623,6.02561e+18,2.88341e-14
653.223,6.02561e+18,2.81534e-14
699.941,6.02561e+18,2.74693e-14
750.000,6.02561e+18,2.67836e-14
0.750000,6.30956e+18,1.72045e-22
0.803639,6.30956e+18,5.74127e-22
0.861115,6.30956e+18,1.76440e-21
0.922702,6.30956e+18,5.01999e-21
0.988693,6.30956e+18,1.32917e-20
1.05940,6.30956e+18,3.29249e-20
1.13517,6.30956e+18,7.67018e-20
1.21636,6.30956e+18,1.68927e-19
1.30335,6.30956e+18,3.53577e-19
1.39657,6.30956e+18,7.07023e-19
1.49645,6.30956e+18,1.35666e-18
1.60347,6.30956e+18,2.50411e-18
1.71815,6.30956e+18,4.45570e-18
1.84103,6.30956e+18,7.65954e-18
1.97270,6.30956e+18,1.27480e-17
2.11379,6.30956e+18,2.05861e-17
2.26496,6.30956e+18,3.23246e-17
2.42695,6.30956e+18,4.94598e-17
2.60053,6.30956e+18,7.39043e-17
2.78651,6.30956e+18,1.08075e-16
2.98580,6.30956e+18,1.54949e-16
3.19935,6.30956e+18,2.17989e-16
3.42816,6.30956e+18,3.01134e-16
3.67334,6.30956e+18,4.08759e-16
3.93606,6.30956e+18,5.45569e-16
4.21756,6.30956e+18,7.16494e-16
4.51920,6.30956e+18,9.26512e-16
4.84241,6.30956e+18,1.18049e-15
5.18873,6.30956e+18,1.48304e-15
5.55983,6.30956e+18,1.83829e-15
5.95746,6.30956e+18,2.24982e-15
6.38354,6.30956e+18,2.72037e-15
6.84008,6.30956e+18,3.25188e-15
7.32928,6.30956e+18,3.84546e-15
7.85346,6.30956e+18,4.50141e-15
8.41514,6.30956e+18,5.21926e-15
9.01698,6.30956e+18,5.99806e-15
9.66187,6.30956e+18,6.83647e-15
10.3529,6.30956e+18,7.73301e-15
11.0933,6.30956e+18,8.68650e-15
11.8867,6.30956e+18,9.69511e-15
12.7368,6.30956e+18,1.07550e-14
13.6478,6.30956e+18,1.18614e-14
14.6238,6.30956e+18,1.30088e-14
15.6697,6.30956e+18,1.41919e-14
16.7904,6.30956e+18,1.54046e-14
17.9912,6.30956e+18,1.66415e-14
19.2780,6.30956e+18,1.78968e-14
20.6567,6.30956e+18,1.91653e-14
22.1341,6.30956e+18,2.04424e-14
23.7171,6.30956e+18,2.17232e-14
25.4133,6.30956e+18,2.30003e-14
27.2309,6.30956e+18,2.42660e-14
29.1784,6.30956e+18,2.55121e-14
31.2652,6.30956e+18,2.67309e-14
33.5013,6.30956e+18,2.79146e-14
35.8973,6.30956e+18,2.90559e-14
38.4646,6.30956e+18,3.01475e-14
41.2156,6.30956e+18,3.11832e-14
44.1633,6.30956e+18,3.21562e-14
47.3218,6.30956e+18,3.30622e-14
50.7062,6.30956e+18,3.38983e-14
54.3327,6.30956e+18,3.46633e-14
58.2185,6.30956e+18,3.53567e-14
62.3823,6.30956e+18,3.59790e-14
66.8438,6.30956e+18,3.65315e-14
71.6244,6.30956e+18,3.70161e-14
76.7470,6.30956e+18,3.74358e-14
82.2359,6.30956e+18,3.77937e-14
88.1173,6.30956e+18,3.80938e-14
94.4194,6.30956e+18,3.83394e-14
101.172,6.30956e+18,3.85316e-14
108.408,6.30956e+18,3.86701e-14
116.161,6.30956e+18,3.87556e-14
124.469,6.30956e+18,3.87888e-14
133.371,6.30956e+18,3.87704e-14
142.910,6.30956e+18,3.87016e-14
153.130,6.30956e+18,3.85833e-14
164.082,6.30956e+18,3.84177e-14
175.817,6.30956e+18,3.82058e-14
188.392,6.30956e+18,3.79494e-14
201.865,6.30956e+18,3.76507e-14
216.302,6.30956e+18,3.73113e-14
231.772,6.30956e+18,3.69337e-14
248.348,6.30956e+18,3.65197e-14
266.110,6.30956e+18,3.60720e-14
285.142,6.30956e+18,3.55925e-14
305.535,6.30956e+18,3.50837e-14
327.387,6.30956e+18,3.45476e-14
350.801,6.30956e+18,3.39871e-14
375.890,6.30956e+18,3.34044e-14
402.774,6.30956e+18,3.28015e-14
431.580,6.30956e+18,3.21809e-14
462.446,6.30956e+18,3.15449e-14
495.520,6.30956e+18,3.08956e-14
530.959,6.30956e+18,3.02351e-14
568.933,6.30956e+18,2.95656e-14
609.623,6.30956e+18,2.88889e-14
653.223,6.30956e+18,2.82073e-14
699.941,6.30956e+18,2.75220e-14
750.000,6.30956e+18,2.68353e-14
0.750000,6.60693e+18,1.74981e-22
0.803639,6.60693e+18,5.83531e-22
0.861115,6.60693e+18,1.79215e-21
0.922702,6.60693e+18,5.09566e-21
0.988693,6.60693e+18,1.34838e-20
1.05940,6.60693e+18,3.33806e-20
1.13517,6.60693e+18,7.77164e-20
1.21636,6.60693e+18,1.71058e-19
1.30335,6.60693e+18,3.57821e-19
1.39657,6.60693e+18,7.15073e-19
1.49645,6.60693e+18,1.37125e-18
1.60347,6.60693e+18,2.52948e-18
1.71815,6.60693e+18,4.49818e-18
1.84103,6.60693e+18,7.72795e-18
1.97270,6.60693e+18,1.28547e-17
2.11379,6.60693e+18,2.07474e-17
2.26496,6.60693e+18,3.25621e-17
2.42695,6.60693e+18,4.98017e-17
2.60053,6.60693e+18,7.43880e-17
2.78651,6.60693e+18,1.08748e-16
2.98580,6.60693e+18,1.55880e-16
3.19935,6.60693e+18,2.19264e-16
3.42816,6.60693e+18,3.02863e-16
3.67334,6.60693e+18,4.11076e-16
3.93606,6.60693e+18,5.48641e-16
4.21756,6.60693e+18,7.20509e-16
4.51920,6.60693e+18,9.31687e-16
4.84241,6.60693e+18,1.18706e-15
5.18873,6.60693e+18,1.49122e-15
5.55983,6.60693e+18,1.84832e-15
5.95746,6.60693e+18,2.26181e-15
6.38354,6.60693e+18,2.73450e-15
6.84008,6.60693e+18,3.26820e-15
7.32928,6.60693e+18,3.86403e-15
7.85346,6.60693e+18,4.52218e-15
8.41514,6.60693e+18,5.24220e-15
9.01698,6.60693e+18,6.02309e-15
9.66187,6.60693e+18,6.86352e-15
10.3529,6.60693e+18,7.76203e-15
11.0933,6.60693e+18,8.71734e-15
11.8867,6.60693e+18,9.72790e-15
12.7368,6.60693e+18,1.07898e-14
13.6478,6.60693e+18,1.18981e-14
14.6238,6.60693e+18,1.30475e-14
15.6697,6.60693e+18,1.42326e-14
16.7904,6.60693e+18,1.54477e-14
17.9912,6.60693e+18,1.66867e-14
19.2780,6.60693e+18,1.79444e-14
20.6567,6.60693e+18,1.92154e-14
22.1341,6.60693e+18,2.04950e-14
23.7171,6.60693e+18,2.17785e-14
25.4133,6.60693e+18,2.30584e-14
27.2309,6.60693e+18,2.43269e-14
29.1784,6.60693e+18,2.55761e-14
31.2652,6.60693e+18,2.67978e-14
33.5013,6.60693e+18,2.79844e-14
35.8973,6.60693e+18,2.91281e-14
38.4646,6.60693e+18,3.02224e-14
41.2156,6.60693e+18,3.12602e-14
44.1633,6.60693e+18,3.22354e-14
47.3218,6.60693e+18,3.31431e-14
50.7062,6.60693e+18,3.39805e-14
54.3327,6.60693e+18,3.47463e-14
58.2185,6.60693e+18,3.54402e-14
62.3823,6.60693e+18,3.60627e-14
66.8438,6.60693e+18,3.66153e-14
71.6244,6.60693e+18,3.70996e-14
76.7470,6.60693e+18,3.75190e-14
82.2359,6.60693e+18,3.78763e-14
88.1173,6.60693e+18,3.81758e-14
94.4194,6.60693e+18,3.84208e-14
101.172,6.60693e+18,3.86121e-14
108.408,6.60693e+18,3.87500e-14
116.161,6.60693e+18,3.88347e-14
124.469,6.60693e+18,3.88671e-14
133.371,6.60693e+18,3.88478e-14
142.910,6.60693e+18,3.87780e-14
153.130,6.60693e+18,3.86591e-14
164.082,6.60693e+18,3.84923e-14
175.817,6.60693e+18,3.82793e-14
188.392,6.60693e+18,3.80222e-14
201.865,6.60693e+18,3.77223e-14
216.302,6.60693e+18,3.73821e-14
231.772,6.60693e+18,3.70034e-14
248.348,6.60693e+18,3.65885e-14
266.110,6.60693e+18,3.61397e-14
285.142,6.60693e+18,3.56593e-14
305.535,6.60693e+18,3.51493e-14
327.387,6.60693e+18,3.46124e-14
350.801,6.60693e+18,3.40509e-14
375.890,6.60693e+18,3.34670e-14
402.774,6.60693e+18,3.28632e-14
431.580,6.60693e+18,3.22416e-14
462.446,6.60693e+18,3.16045e-14
495.520,6.60693e+18,3.09543e-14
530.959,6.60693e+18,3.02928e-14
568.933,6.60693e+18,2.96222e-14
609.623,6.60693e+18,2.89446e-14
653.223,6.60693e+18,2.82618e-14
699.941,6.60693e+18,2.75757e-14
750.000,6.60693e+18,2.68879e-14
0.750000,6.91831e+18,1.77996e-22
0.803639,6.91831e+18,5.93184e-22
0.861115,6.91831e+18,1.82060e-21
0.922702,6.91831e+18,5.17327e-21
0.988693,6.91831e+18,1.36807e-20
1.05940,6.91831e+18,3.38473e-20
1.13517,6.91831e+18,7.87547e-20
1.21636,6.91831e+18,1.73241e-19
1.30335,6.91831e+18,3.62170e-19
1.39657,6.91831e+18,7.23314e-19
1.49645,6.91831e+18,1.38621e-18
1.60347,6.91831e+18,2.55550e-18
1.71815,6.91831e+18,4.54170e-18
1.84103,6.91831e+18,7.79814e-18
1.97270,6.91831e+18,1.29641e-17
2.11379,6.91831e+18,2.09130e-17
2.26496,6.91831e+18,3.28061e-17
2.42695,6.91831e+18,5.01533e-17
2.60053,6.91831e+18,7.48851e-17
2.78651,6.91831e+18,1.09442e-16
2.98580,6.91831e+18,1.56837e-16
3.19935,6.91831e+18,2.20571e-16
3.42816,6.91831e+18,3.04633e-16
3.67334,6.91831e+18,4.13441e-16
3.93606,6.91831e+18,5.51768e-16
4.21756,6.91831e+18,7.24586e-16
4.51920,6.91831e+18,9.36929e-16
4.84241,6.91831e+18,1.19370e-15
5.18873,6.91831e+18,1.49948e-15
5.55983,6.91831e+18,1.85839e-15
5.95746,6.91831e+18,2.27391e-15
6.38354,6.91831e+18,2.74872e-15
6.84008,6.91831e+18,3.28464e-15
7.32928,6.91831e+18,3.88275e-15
7.85346,6.91831e+18,4.54318e-15
8.41514,6.91831e+18,5.26541e-15
9.01698,6.91831e+18,6.04851e-15
9.66187,6.91831e+18,6.89098e-15
10.3529,6.91831e+18,7.79152e-15
11.0933,6.91831e+18,8.74885e-15
11.8867,6.91831e+18,9.76143e-15
12.7368,6.91831e+18,1.08253e-14
13.6478,6.91831e+18,1.19357e-14
14.6238,6.91831e+18,1.30873e-14
15.6697,6.91831e+18,1.42746e-14
16.7904,6.91831e+18,1.54917e-14
17.9912,6.91831e+18,1.67331e-14
19.2780,6.91831e+18,1.79932e-14
20.6567,6.91831e+18,1.92667e-14
22.1341,6.91831e+18,2.05489e-14
23.7171,6.91831e+18,2.18350e-14
25.4133,6.91831e+18,2.31178e-14
27.2309,6.91831e+18,2.43891e-14
29.1784,6.91831e+18,2.56412e-14
31.2652,6.91831e+18,2.68658e-14
33.5013,6.91831e+18,2.80553e-14
35.8973,6.91831e+18,2.92019e-14
38.4646,6.91831e+18,3.02989e-14
41.2156,6.91831e+18,3.13389e-14
44.1633,6.91831e+18,3.23161e-14
47.3218,6.91831e+18,3.32254e-14
50.7062,6.91831e+18,3.40642e-14
54.3327,6.91831e+18,3.48310e-14
58.2185,6.91831e+18,3.55256e-14
62.3823,6.91831e+18,3.61485e-14
66.8438,6.91831e+18,3.67009e-14
71.6244,6.91831e+18,3.71853e-14
76.7470,6.91831e+18,3.76041e-14
82.2359,6.91831e+18,3.79610e-14
88.1173,6.91831e+18,3.82599e-14
94.4194,6.91831e+18,3.85042e-14
101.172,6.91831e+18,3.86947e-14
108.408,6.91831e+18,3.88318e-14
116.161,6.91831e+18,3.89156e-14
124.469,6.91831e+18,3.89470e-14
133.371,6.91831e+18,3.89268e-14
142.910,6.91831e+18,3.88561e-14
153.130,6.91831e+18,3.87362e-14
164.082,6.91831e+18,3.85685e-14
175.817,6.91831e+18,3.83546e-14
188.392,6.91831e+18,3.80963e-14
201.865,6.91831e+18,3.77955e-14
216.302,6.91831e+18,3.74541e-14
231.772,6.91831e+18,3.70744e-14
248.348,6.91831e+18,3.66585e-14
266.110,6.91831e+18,3.62087e-14
285.142,6.91831e+18,3.57271e-14
305.535,6.91831e+18,3.52160e-14
327.387,6.91831e+18,3.46781e-14
350.801,6.91831e+18,3.41155e-14
375.890,6.91831e+18,3.35305e-14
402.774,6.91831e+18,3.29257e-14
431.580,6.91831e+18,3.23030e-14
462.446,6.91831e+18,3.16649e-14
495.520,6.91831e+18,3.10135e-14
530.959,6.91831e+18,3.03510e-14
568.933,6.91831e+18,2.96795e-14
609.623,6.91831e+18,2.90009e-14
653.223,6.91831e+18,2.83169e-14
699.941,6.91831e+18,2.76299e-14
750.000,6.91831e+18,2.69411e-14
0.750000,7.24437e+18,1.81092e-22
0.803639,7.24437e+18,6.03093e-22
0.861115,7.24437e+18,1.84980e-21
0.922702,7.24437e+18,5.25290e-21
0.988693,7.24437e+18,1.38826e-20
1.05940,7.24437e+18,3.43257e-20
1.13517,7.24437e+18,7.98196e-20
1.21636,7.24437e+18,1.75476e-19
1.30335,7.24437e+18,3.66619e-19
1.39657,7.24437e+18,7.31762e-19
1.49645,7.24437e+18,1.40154e-18
1.60347,7.24437e+18,2.58216e-18
1.71815,7.24437e+18,4.58635e-18
1.84103,7.24437e+18,7.87016e-18
1.97270,7.24437e+18,1.30766e-17
2.11379,7.24437e+18,2.10833e-17
2.26496,7.24437e+18,3.30571e-17
2.42695,7.24437e+18,5.05152e-17
2.60053,7.24437e+18,7.53964e-17
2.78651,7.24437e+18,1.10155e-16
2.98580,7.24437e+18,1.57820e-16
3.19935,7.24437e+18,2.21911e-16
3.42816,7.24437e+18,3.06441e-16
3.67334,7.24437e+18,4.15855e-16
3.93606,7.24437e+18,5.54951e-16
4.21756,7.24437e+18,7.28727e-16
4.51920,7.24437e+18,9.42245e-16
4.84241,7.24437e+18,1.20041e-15
5.18873,7.24437e+18,1.50782e-15
5.55983,7.24437e+18,1.86857e-15
5.95746,7.24437e+18,2.28609e-15
6.38354,7.24437e+18,2.76302e-15
6.84008,7.24437e+18,3.30121e-15
7.32928,7.24437e+18,3.90159e-15
7.85346,7.24437e+18,4.56432e-15
8.41514,7.24437e+18,5.28884e-15
9.01698,7.24437e+18,6.07415e-15
9.66187,7.24437e+18,6.91888e-15
10.3529,7.24437e+18,7.82151e-15
11.0933,7.24437e+18,8.78095e-15
11.8867,7.24437e+18,9.79563e-15
12.7368,7.24437e+18,1.08616e-14
13.6478,7.24437e+18,1.19741e-14
14.6238,7.24437e+18,1.31279e-14
15.6697,7.24437e+18,1.43175e-14
16.7904,7.24437e+18,1.55370e-14
17.9912,7.24437e+18,1.67806e-14
19.2780,7.24437e+18,1.80431e-14
20.6567,7.24437e+18,1.93192e-14
22.1341,7.24437e+18,2.06041e-14
23.7171,7.24437e+18,2.18930e-14
25.4133,7.24437e+18,2.31786e-14
27.2309,7.24437e+18,2.44528e-14
29.1784,7.24437e+18,2.57079e-14
31.2652,7.24437e+18,2.69354e-14
33.5013,7.24437e+18,2.81277e-14
35.8973,7.24437e+18,2.92772e-14
38.4646,7.24437e+18,3.03767e-14
41.2156,7.24437e+18,3.14192e-14
44.1633,7.24437e+18,3.23986e-14
47.3218,7.24437e+18,3.33097e-14
50.7062,7.24437e+18,3.41496e-14
54.3327,7.24437e+18,3.49174e-14
58.2185,7.24437e+18,3.56128e-14
62.3823,7.24437e+18,3.62360e-14
66.8438,7.24437e+18,3.67886e-14
71.6244,7.24437e+18,3.72728e-14
76.7470,7.24437e+18,3.76912e-14
82.2359,7.24437e+18,3.80475e-14
88.1173,7.24437e+18,3.83459e-14
94.4194,7.24437e+18,3.85896e-14
101.172,7.24437e+18,3.87792e-14
108.408,7.24437e+18,3.89156e-14
116.161,7.24437e+18,3.89986e-14
124.469,7.24437e+18,3.90290e-14
133.371,7.24437e+18,3.90079e-14
142.910,7.24437e+18,3.89360e-14
153.130,7.24437e+18,3.88150e-14
164.082,7.24437e+18,3.86462e-14
175.817,7.24437e+18,3.84314e-14
188.392,7.24437e+18,3.81719e-14
201.865,7.24437e+18,3.78699e-14
216.302,7.24437e+18,3.75275e-14
231.772,7.24437e+18,3.71467e-14
248.348,7.24437e+18,3.67296e-14
266.110,7.24437e+18,3.62784e-14
285.142,7.24437e+18,3.57959e-14
305.535,7.24437e+18,3.52837e-14
327.387,7.24437e+18,3.47445e-14
350.801,7.24437e+18,3.41809e-14
375.890,7.24437e+18,3.35948e-14
402.774,7.24437e+18,3.29887e-14
431.580,7.24437e+18,3.23649e-14
462.446,7.24437e+18,3.17258e-14
495.520,7.24437e+18,3.10735e-14
530.959,7.24437e+18,3.04098e-14
568.933,7.24437e+18,2.97374e-14
609.623,7.24437e+18,2.90576e-14
653.223,7.24437e+18,2.83729e-14
699.941,7.24437e+18,2.76848e-14
750.000,7.24437e+18,2.69950e-14
0.750000,7.58576e+18,1.84272e-22
0.803639,7.58576e+18,6.13259e-22
0.861115,7.58576e+18,1.87974e-21
0.922702,7.58576e+18,5.33450e-21
0.988693,7.58576e+18,1.40894e-20
1.05940,7.58576e+18,3.48157e-20
1.13517,7.58576e+18,8.09100e-20
1.21636,7.58576e+18,1.77766e-19
1.30335,7.58576e+18,3.71177e-19
1.39657,7.58576e+18,7.40414e-19
1.49645,7.58576e+18,1.41723e-18
1.60347,7.58576e+18,2.60951e-18
1.71815,7.58576e+18,4.63212e-18
1.84103,7.58576e+18,7.94409e-18
1.97270,7.58576e+18,1.31921e-17
2.11379,7.58576e+18,2.12582e-17
2.26496,7.58576e+18,3.33152e-17
2.42695,7.58576e+18,5.08871e-17
2.60053,7.58576e+18,7.59229e-17
2.78651,7.58576e+18,1.10887e-16
2.98580,7.58576e+18,1.58828e-16
3.19935,7.58576e+18,2.23285e-16
3.42816,7.58576e+18,3.08290e-16
3.67334,7.58576e+18,4.18316e-16
3.93606,7.58576e+18,5.58189e-16
4.21756,7.58576e+18,7.32929e-16
4.51920,7.58576e+18,9.47612e-16
4.84241,7.58576e+18,1.20718e-15
5.18873,7.58576e+18,1.51623e-15
5.55983,7.58576e+18,1.87880e-15
5.95746,7.58576e+18,2.29833e-15
6.38354,7.58576e+18,2.77741e-15
6.84008,7.58576e+18,3.31787e-15
7.32928,7.58576e+18,3.92057e-15
7.85346,7.58576e+18,4.58564e-15
8.41514,7.58576e+18,5.31252e-15
9.01698,7.58576e+18,6.10012e-15
9.66187,7.58576e+18,6.94707e-15
10.3529,7.58576e+18,7.85194e-15
11.0933,7.58576e+18,8.81357e-15
11.8867,7.58576e+18,9.83045e-15
12.7368,7.58576e+18,1.08986e-14
13.6478,7.58576e+18,1.20134e-14
14.6238,7.58576e+18,1.31695e-14
15.6697,7.58576e+18,1.43613e-14
16.7904,7.58576e+18,1.55832e-14
17.9912,7.58576e+18,1.68293e-14
19.2780,7.58576e+18,1.80943e-14
20.6567,7.58576e+18,1.93729e-14
22.1341,7.58576e+18,2.06605e-14
23.7171,7.58576e+18,2.19522e-14
25.4133,7.58576e+18,2.32406e-14
27.2309,7.58576e+18,2.45179e-14
29.1784,7.58576e+18,2.57758e-14
31.2652,7.58576e+18,2.70063e-14
33.5013,7.58576e+18,2.82016e-14
35.8973,7.58576e+18,2.93538e-14
38.4646,7.58576e+18,3.04559e-14
41.2156,7.58576e+18,3.15008e-14
44.1633,7.58576e+18,3.24822e-14
47.3218,7.58576e+18,3.33951e-14
50.7062,7.58576e+18,3.42364e-14
54.3327,7.58576e+18,3.50053e-14
58.2185,7.58576e+18,3.57014e-14
62.3823,7.58576e+18,3.63249e-14
66.8438,7.58576e+18,3.68778e-14
71.6244,7.58576e+18,3.73619e-14
76.7470,7.58576e+18,3.77802e-14
82.2359,7.58576e+18,3.81361e-14
88.1173,7.58576e+18,3.84336e-14
94.4194,7.58576e+18,3.86765e-14
101.172,7.58576e+18,3.88658e-14
108.408,7.58576e+18,3.90010e-14
116.161,7.58576e+18,3.90831e-14
124.469,7.58576e+18,3.91126e-14
133.371,7.58576e+18,3.90905e-14
142.910,7.58576e+18,3.90178e-14
153.130,7.58576e+18,3.88955e-14
164.082,7.58576e+18,3.87256e-14
175.817,7.58576e+18,3.85093e-14
188.392,7.58576e+18,3.82488e-14
201.865,7.58576e+18,3.79457e-14
216.302,7.58576e+18,3.76021e-14
231.772,7.58576e+18,3.72199e-14
248.348,7.58576e+18,3.68016e-14
266.110,7.58576e+18,3.63493e-14
285.142,7.58576e+18,3.58654e-14
305.535,7.58576e+18,3.53520e-14
327.387,7.58576e+18,3.48119e-14
350.801,7.58576e+18,3.42468e-14
375.890,7.58576e+18,3.36597e-14
402.774,7.58576e+18,3.30525e-14
431.580,7.58576e+18,3.24275e-14
462.446,7.58576e+18,3.17873e-14
495.520,7.58576e+18,3.11338e-14
530.959,7.58576e+18,3.04693e-14
568.933,7.58576e+18,2.97956e-14
609.623,7.58576e+18,2.91151e-14
653.223,7.58576e+18,2.84293e-14
699.941,7.58576e+18,2.77403e-14
750.000,7.58576e+18,2.70497e-14
0.750000,7.94328e+18,1.87537e-22
0.803639,7.94328e+18,6.23702e-22
0.861115,7.94328e+18,1.91047e-21
0.922702,7.94328e+18,5.41820e-21
0.988693,7.94328e+18,1.43014e-20
1.05940,7.94328e+18,3.53177e-20
1.13517,7.94328e+18,8.20273e-20
1.21636,7.94328e+18,1.80111e-19
1.30335,7.94328e+18,3.75851e-19
1.39657,7.94328e+18,7.49281e-19
1.49645,7.94328e+18,1.43333e-18
1.60347,7.94328e+18,2.63754e-18
1.71815,7.94328e+18,4.67906e-18
1.84103,7.94328e+18,8.02000e-18
1.97270,7.94328e+18,1.33107e-17
2.11379,7.94328e+18,2.14383e-17
2.26496,7.94328e+18,3.35810e-17
2.42695,7.94328e+18,5.12702e-17
2.60053,7.94328e+18,7.64641e-17
2.78651,7.94328e+18,1.11642e-16
2.98580,7.94328e+18,1.59865e-16
3.19935,7.94328e+18,2.24696e-16
3.42816,7.94328e+18,3.10185e-16
3.67334,7.94328e+18,4.20831e-16
3.93606,7.94328e+18,5.61489e-16
4.21756,7.94328e+18,7.37202e-16
4.51920,7.94328e+18,9.53064e-16
4.84241,7.94328e+18,1.21403e-15
5.18873,7.94328e+18,1.52470e-15
5.55983,7.94328e+18,1.88911e-15
5.95746,7.94328e+18,2.31067e-15
6.38354,7.94328e+18,2.79192e-15
6.84008,7.94328e+18,3.33464e-15
7.32928,7.94328e+18,3.93970e-15
7.85346,7.94328e+18,4.60716e-15
8.41514,7.94328e+18,5.33647e-15
9.01698,7.94328e+18,6.12647e-15
9.66187,7.94328e+18,6.97572e-15
10.3529,7.94328e+18,7.88291e-15
11.0933,7.94328e+18,8.84682e-15
11.8867,7.94328e+18,9.86602e-15
12.7368,7.94328e+18,1.09366e-14
13.6478,7.94328e+18,1.20537e-14
14.6238,7.94328e+18,1.32121e-14
15.6697,7.94328e+18,1.44064e-14
16.7904,7.94328e+18,1.56306e-14
17.9912,7.94328e+18,1.68794e-14
19.2780,7.94328e+18,1.81468e-14
20.6567,7.94328e+18,1.94281e-14
22.1341,7.94328e+18,2.07183e-14
23.7171,7.94328e+18,2.20129e-14
25.4133,7.94328e+18,2.33043e-14
27.2309,7.94328e+18,2.45844e-14
29.1784,7.94328e+18,2.58453e-14
31.2652,7.94328e+18,2.70789e-14
33.5013,7.94328e+18,2.82770e-14
35.8973,7.94328e+18,2.94322e-14
38.4646,7.94328e+18,3.05369e-14
41.2156,7.94328e+18,3.15841e-14
44.1633,7.94328e+18,3.25677e-14
47.3218,7.94328e+18,3.34822e-14
50.7062,7.94328e+18,3.43250e-14
54.3327,7.94328e+18,3.50951e-14
58.2185,7.94328e+18,3.57918e-14
62.3823,7.94328e+18,3.64161e-14
66.8438,7.94328e+18,3.69690e-14
71.6244,7.94328e+18,3.74531e-14
76.7470,7.94328e+18,3.78709e-14
82.2359,7.94328e+18,3.82265e-14
88.1173,7.94328e+18,3.85236e-14
94.4194,7.94328e+18,3.87659e-14
101.172,7.94328e+18,3.89541e-14
108.408,7.94328e+18,3.90886e-14
116.161,7.94328e+18,3.91698e-14
124.469,7.94328e+18,3.91983e-14
133.371,7.94328e+18,3.91750e-14
142.910,7.94328e+18,3.91010e-14
153.130,7.94328e+18,3.89778e-14
164.082,7.94328e+18,3.88068e-14
175.817,7.94328e+18,3.85893e-14
188.392,7.94328e+18,3.83274e-14
201.865,7.94328e+18,3.80229e-14
216.302,7.94328e+18,3.76780e-14
231.772,7.94328e+18,3.72946e-14
248.348,7.94328e+18,3.68750e-14
266.110,7.94328e+18,3.64214e-14
285.142,7.94328e+18,3.59361e-14
305.535,7.94328e+18,3.54215e-14
327.387,7.94328e+18,3.48800e-14
350.801,7.94328e+18,3.43137e-14
375.890,7.94328e+18,3.37254e-14
402.774,7.94328e+18,3.31170e-14
431.580,7.94328e+18,3.24910e-14
462.446,7.94328e+18,3.18497e-14
495.520,7.94328e+18,3.11951e-14
530.959,7.94328e+18,3.05294e-14
568.933,7.94328e+18,2.98548e-14
609.623,7.94328e+18,2.91732e-14
653.223,7.94328e+18,2.84864e-14
699.941,7.94328e+18,2.77964e-14
750.000,7.94328e+18,2.71048e-14
0.750000,8.31764e+18,1.90893e-22
0.803639,8.31764e+18,6.34416e-22
0.861115,8.31764e+18,1.94200e-21
0.922702,8.31764e+18,5.50404e-21
0.988693,8.31764e+18,1.45189e-20
1.05940,8.31764e+18,3.58326e-20
1.13517,8.31764e+18,8.31720e-20
1.21636,8.31764e+18,1.82516e-19
1.30335,8.31764e+18,3.80637e-19
1.39657,8.31764e+18,7.58362e-19
1.49645,8.31764e+18,1.44984e-18
1.60347,8.31764e+18,2.66630e-18
1.71815,8.31764e+18,4.72727e-18
1.84103,8.31764e+18,8.09796e-18
1.97270,8.31764e+18,1.34326e-17
2.11379,8.31764e+18,2.16232e-17
2.26496,8.31764e+18,3.38542e-17
2.42695,8.31764e+18,5.16644e-17
2.60053,8.31764e+18,7.70218e-17
2.78651,8.31764e+18,1.12417e-16
2.98580,8.31764e+18,1.60931e-16
3.19935,8.31764e+18,2.26140e-16
3.42816,8.31764e+18,3.12122e-16
3.67334,8.31764e+18,4.23399e-16
3.93606,8.31764e+18,5.64838e-16
4.21756,8.31764e+18,7.41526e-16
4.51920,8.31764e+18,9.58574e-16
4.84241,8.31764e+18,1.22094e-15
5.18873,8.31764e+18,1.53323e-15
5.55983,8.31764e+18,1.89948e-15
5.95746,8.31764e+18,2.32304e-15
6.38354,8.31764e+18,2.80649e-15
6.84008,8.31764e+18,3.35150e-15
7.32928,8.31764e+18,3.95894e-15
7.85346,8.31764e+18,4.62884e-15
8.41514,8.31764e+18,5.36061e-15
9.01698,8.31764e+18,6.15305e-15
9.66187,8.31764e+18,7.00476e-15
10.3529,8.31764e+18,7.91437e-15
11.0933,8.31764e+18,8.88073e-15
11.8867,8.31764e+18,9.90233e-15
12.7368,8.31764e+18,1.09753e-14
13.6478,8.31764e+18,1.20949e-14
14.6238,8.31764e+18,1.32559e-14
15.6697,8.31764e+18,1.44526e-14
16.7904,8.31764e+18,1.56793e-14
17.9912,8.31764e+18,1.69306e-14
19.2780,8.31764e+18,1.82007e-14
20.6567,8.31764e+18,1.94846e-14
22.1341,8.31764e+18,2.07776e-14
23.7171,8.31764e+18,2.20749e-14
25.4133,8.31764e+18,2.33692e-14
27.2309,8.31764e+18,2.46524e-14
29.1784,8.31764e+18,2.59163e-14
31.2652,8.31764e+18,2.71528e-14
33.5013,8.31764e+18,2.83540e-14
35.8973,8.31764e+18,2.95119e-14
38.4646,8.31764e+18,3.06194e-14
41.2156,8.31764e+18,3.16689e-14
44.1633,8.31764e+18,3.26549e-14
47.3218,8.31764e+18,3.35712e-14
50.7062,8.31764e+18,3.44154e-14
54.3327,8.31764e+18,3.51867e-14
58.2185,8.31764e+18,3.58843e-14
62.3823,8.31764e+18,3.65090e-14
66.8438,8.31764e+18,3.70622e-14
71.6244,8.31764e+18,3.75462e-14
76.7470,8.31764e+18,3.79640e-14
82.2359,8.31764e+18,3.83191e-14
88.1173,8.31764e+18,3.86157e-14
94.4194,8.31764e+18,3.88571e-14
101.172,8.31764e+18,3.90447e-14
108.408,8.31764e+18,3.91784e-14
116.161,8.31764e+18,3.92585e-14
124.469,8.31764e+18,3.92859e-14
133.371,8.31764e+18,3.92616e-14
142.910,8.31764e+18,3.91866e-14
153.130,8.31764e+18,3.90618e-14
164.082,8.31764e+18,3.88895e-14
175.817,8.31764e+18,3.86708e-14
188.392,8.31764e+18,3.84076e-14
201.865,8.31764e+18,3.81017e-14
216.302,8.31764e+18,3.77553e-14
231.772,8.31764e+18,3.73706e-14
248.348,8.31764e+18,3.69494e-14
266.110,8.31764e+18,3.64945e-14
285.142,8.31764e+18,3.60078e-14
305.535,8.31764e+18,3.54919e-14
327.387,8.31764e+18,3.49491e-14
350.801,8.31764e+18,3.43817e-14
375.890,8.31764e+18,3.37919e-14
402.774,8.31764e+18,3.31824e-14
431.580,8.31764e+18,3.25552e-14
462.446,8.31764e+18,3.19125e-14
495.520,8.31764e+18,3.12568e-14
530.959,8.31764e+18,3.05901e-14
568.933,8.31764e+18,2.99145e-14
609.623,8.31764e+18,2.92319e-14
653.223,8.31764e+18,2.85441e-14
699.941,8.31764e+18,2.78533e-14
750.000,8.31764e+18,2.71609e-14
0.750000,8.70965e+18,1.94337e-22
0.803639,8.70965e+18,6.45425e-22
0.861115,8.70965e+18,1.97435e-21
0.922702,8.70965e+18,5.59209e-21
0.988693,8.70965e+18,1.47417e-20
1.05940,8.70965e+18,3.63601e-20
1.13517,8.70965e+18,8.43449e-20
1.21636,8.70965e+18,1.84977e-19
1.30335,8.70965e+18,3.85540e-19
1.39657,8.70965e+18,7.67671e-19
1.49645,8.70965e+18,1.46675e-18
1.60347,8.70965e+18,2.69580e-18
1.71815,8.70965e+18,4.77675e-18
1.84103,8.70965e+18,8.17799e-18
1.97270,8.70965e+18,1.35579e-17
2.11379,8.70965e+18,2.18135e-17
2.26496,8.70965e+18,3.41353e-17
2.42695,8.70965e+18,5.20700e-17
2.60053,8.70965e+18,7.75954e-17
2.78651,8.70965e+18,1.13215e-16
2.98580,8.70965e+18,1.62026e-16
3.19935,8.70965e+18,2.27624e-16
3.42816,8.70965e+18,3.14106e-16
3.67334,8.70965e+18,4.26021e-16
3.93606,8.70965e+18,5.68257e-16
4.21756,8.70965e+18,7.45920e-16
4.51920,8.70965e+18,9.64148e-16
4.84241,8.70965e+18,1.22791e-15
5.18873,8.70965e+18,1.54182e-15
5.55983,8.70965e+18,1.90991e-15
5.95746,8.70965e+18,2.33549e-15
6.38354,8.70965e+18,2.82110e-15
6.84008,8.70965e+18,3.36842e-15
7.32928,8.70965e+18,3.97827e-15
7.85346,8.70965e+18,4.65068e-15
8.41514,8.70965e+18,5.38491e-15
9.01698,8.70965e+18,6.17994e-15
9.66187,8.70965e+18,7.03422e-15
10.3529,8.70965e+18,7.94631e-15
11.0933,8.70965e+18,8.91515e-15
11.8867,8.70965e+18,9.93927e-15
12.7368,8.70965e+18,1.10149e-14
13.6478,8.70965e+18,1.21370e-14
14.6238,8.70965e+18,1.33005e-14
15.6697,8.70965e+18,1.44999e-14
16.7904,8.70965e+18,1.57292e-14
17.9912,8.70965e+18,1.69831e-14
19.2780,8.70965e+18,1.82559e-14
20.6567,8.70965e+18,1.95425e-14
22.1341,8.70965e+18,2.08383e-14
23.7171,8.70965e+18,2.21385e-14
25.4133,8.70965e+18,2.34358e-14
27.2309,8.70965e+18,2.47220e-14
29.1784,8.70965e+18,2.59889e-14
31.2652,8.70965e+18,2.72285e-14
33.5013,8.70965e+18,2.84326e-14
35.8973,8.70965e+18,2.95934e-14
38.4646,8.70965e+18,3.07035e-14
41.2156,8.70965e+18,3.17558e-14
44.1633,8.70965e+18,3.27437e-14
47.3218,8.70965e+18,3.36620e-14
50.7062,8.70965e+18,3.45079e-14
54.3327,8.70965e+18,3.52801e-14
58.2185,8.70965e+18,3.59786e-14
62.3823,8.70965e+18,3.66040e-14
66.8438,8.70965e+18,3.71574e-14
71.6244,8.70965e+18,3.76415e-14
76.7470,8.70965e+18,3.80591e-14
82.2359,8.70965e+18,3.84139e-14
88.1173,8.70965e+18,3.87099e-14
94.4194,8.70965e+18,3.89506e-14
101.172,8.70965e+18,3.91376e-14
108.408,8.70965e+18,3.92703e-14
116.161,8.70965e+18,3.93494e-14
124.469,8.70965e+18,3.93756e-14
133.371,8.70965e+18,3.93501e-14
142.910,8.70965e+18,3.92738e-14
153.130,8.70965e+18,3.91480e-14
164.082,8.70965e+18,3.89742e-14
175.817,8.70965e+18,3.87539e-14
188.392,8.70965e+18,3.84893e-14
201.865,8.70965e+18,3.81820e-14
216.302,8.70965e+18,3.78340e-14
231.772,8.70965e+18,3.74478e-14
248.348,8.70965e+18,3.70253e-14
266.110,8.70965e+18,3.65689e-14
285.142,8.70965e+18,3.60808e-14
305.535,8.70965e+18,3.55634e-14
327.387,8.70965e+18,3.50191e-14
350.801,8.70965e+18,3.44503e-14
375.890,8.70965e+18,3.38591e-14
402.774,8.70965e+18,3.32482e-14
431.580,8.70965e+18,3.26198e-14
462.446,8.70965e+18,3.19760e-14
495.520,8.70965e+18,3.13193e-14
530.959,8.70965e+18,3.06514e-14
568.933,8.70965e+18,2.99747e-14
609.623,8.70965e+18,2.92911e-14
653.223,8.70965e+18,2.86025e-14
699.941,8.70965e+18,2.79107e-14
750.000,8.70965e+18,2.72176e-14
0.750000,9.12009e+18,1.97879e-22
0.803639,9.12009e+18,6.56723e-22
0.861115,9.12009e+18,2.00756e-21
0.922702,9.12009e+18,5.68242e-21
0.988693,9.12009e+18,1.49703e-20
1.05940,9.12009e+18,3.69010e-20
1.13517,9.12009e+18,8.55471e-20
1.21636,9.12009e+18,1.87500e-19
1.30335,9.12009e+18,3.90567e-19
1.39657,9.12009e+18,7.77212e-19
1.49645,9.12009e+18,1.48408e-18
1.60347,9.12009e+18,2.72603e-18
1.71815,9.12009e+18,4.82750e-18
1.84103,9.12009e+18,8.26023e-18
1.97270,9.12009e+18,1.36867e-17
2.11379,9.12009e+18,2.20092e-17
2.26496,9.12009e+18,3.44247e-17
2.42695,9.12009e+18,5.24878e-17
2.60053,9.12009e+18,7.81863e-17
2.78651,9.12009e+18,1.14036e-16
2.98580,9.12009e+18,1.63151e-16
3.19935,9.12009e+18,2.29146e-16
3.42816,9.12009e+18,3.16138e-16
3.67334,9.12009e+18,4.28696e-16
3.93606,9.12009e+18,5.71736e-16
4.21756,9.12009e+18,7.50384e-16
4.51920,9.12009e+18,9.69799e-16
4.84241,9.12009e+18,1.23496e-15
5.18873,9.12009e+18,1.55049e-15
5.55983,9.12009e+18,1.92041e-15
5.95746,9.12009e+18,2.34801e-15
6.38354,9.12009e+18,2.83580e-15
6.84008,9.12009e+18,3.38546e-15
7.32928,9.12009e+18,3.99779e-15
7.85346,9.12009e+18,4.67272e-15
8.41514,9.12009e+18,5.40954e-15
9.01698,9.12009e+18,6.20720e-15
9.66187,9.12009e+18,7.06407e-15
10.3529,9.12009e+18,7.97881e-15
11.0933,9.12009e+18,8.95035e-15
11.8867,9.12009e+18,9.97711e-15
12.7368,9.12009e+18,1.10553e-14
13.6478,9.12009e+18,1.21802e-14
14.6238,9.12009e+18,1.33463e-14
15.6697,9.12009e+18,1.45483e-14
16.7904,9.12009e+18,1.57804e-14
17.9912,9.12009e+18,1.70369e-14
19.2780,9.12009e+18,1.83124e-14
20.6567,9.12009e+18,1.96017e-14
22.1341,9.12009e+18,2.09004e-14
23.7171,9.12009e+18,2.22035e-14
25.4133,9.12009e+18,2.35038e-14
27.2309,9.12009e+18,2.47931e-14
29.1784,9.12009e+18,2.60630e-14
31.2652,9.12009e+18,2.73056e-14
33.5013,9.12009e+18,2.85126e-14
35.8973,9.12009e+18,2.96762e-14
38.4646,9.12009e+18,3.07891e-14
41.2156,9.12009e+18,3.18439e-14
44.1633,9.12009e+18,3.28341e-14
47.3218,9.12009e+18,3.37542e-14
50.7062,9.12009e+18,3.46017e-14
54.3327,9.12009e+18,3.53752e-14
58.2185,9.12009e+18,3.60747e-14
62.3823,9.12009e+18,3.67007e-14
66.8438,9.12009e+18,3.72544e-14
71.6244,9.12009e+18,3.77387e-14
76.7470,9.12009e+18,3.81562e-14
82.2359,9.12009e+18,3.85107e-14
88.1173,9.12009e+18,3.88060e-14
94.4194,9.12009e+18,3.90463e-14
101.172,9.12009e+18,3.92321e-14
108.408,9.12009e+18,3.93640e-14
116.161,9.12009e+18,3.94422e-14
124.469,9.12009e+18,3.94674e-14
133.371,9.12009e+18,3.94407e-14
142.910,9.12009e+18,3.93629e-14
153.130,9.12009e+18,3.92357e-14
164.082,9.12009e+18,3.90604e-14
175.817,9.12009e+18,3.88388e-14
188.392,9.12009e+18,3.85726e-14
201.865,9.12009e+18,3.82640e-14
216.302,9.12009e+18,3.79143e-14
231.772,9.12009e+18,3.75266e-14
248.348,9.12009e+18,3.71025e-14
266.110,9.12009e+18,3.66446e-14
285.142,9.12009e+18,3.61548e-14
305.535,9.12009e+18,3.56359e-14
327.387,9.12009e+18,3.50902e-14
350.801,9.12009e+18,3.45198e-14
375.890,9.12009e+18,3.39275e-14
402.774,9.12009e+18,3.33151e-14
431.580,9.12009e+18,3.26854e-14
462.446,9.12009e+18,3.20404e-14
495.520,9.12009e+18,3.13822e-14
530.959,9.12009e+18,3.07134e-14
568.933,9.12009e+18,3.00355e-14
609.623,9.12009e+18,2.93510e-14
653.223,9.12009e+18,2.86614e-14
699.941,9.12009e+18,2.79687e-14
750.000,9.12009e+18,2.72748e-14
0.750000,9.54992e+18,2.01520e-22
0.803639,9.54992e+18,6.68328e-22
0.861115,9.54992e+18,2.04165e-21
0.922702,9.54992e+18,5.77513e-21
0.988693,9.54992e+18,1.52049e-20
1.05940,9.54992e+18,3.74555e-20
1.13517,9.54992e+18,8.67796e-20
1.21636,9.54992e+18,1.90088e-19
1.30335,9.54992e+18,3.95720e-19
1.39657,9.54992e+18,7.86998e-19
1.49645,9.54992e+18,1.50187e-18
1.60347,9.54992e+18,2.75707e-18
1.71815,9.54992e+18,4.87965e-18
1.84103,9.54992e+18,8.34473e-18
1.97270,9.54992e+18,1.38192e-17
2.11379,9.54992e+18,2.22108e-17
2.26496,9.54992e+18,3.47231e-17
2.42695,9.54992e+18,5.29187e-17
2.60053,9.54992e+18,7.87948e-17
2.78651,9.54992e+18,1.14882e-16
2.98580,9.54992e+18,1.64308e-16
3.19935,9.54992e+18,2.30707e-16
3.42816,9.54992e+18,3.18218e-16
3.67334,9.54992e+18,4.31427e-16
3.93606,9.54992e+18,5.75273e-16
4.21756,9.54992e+18,7.54909e-16
4.51920,9.54992e+18,9.75509e-16
4.84241,9.54992e+18,1.24207e-15
5.18873,9.54992e+18,1.55920e-15
5.55983,9.54992e+18,1.93096e-15
5.95746,9.54992e+18,2.36056e-15
6.38354,9.54992e+18,2.85055e-15
6.84008,9.54992e+18,3.40256e-15
7.32928,9.54992e+18,4.01736e-15
7.85346,9.54992e+18,4.69485e-15
8.41514,9.54992e+18,5.43440e-15
9.01698,9.54992e+18,6.23466e-15
9.66187,9.54992e+18,7.09431e-15
10.3529,9.54992e+18,8.01182e-15
11.0933,9.54992e+18,8.98610e-15
11.8867,9.54992e+18,1.00157e-14
12.7368,9.54992e+18,1.10967e-14
13.6478,9.54992e+18,1.22243e-14
14.6238,9.54992e+18,1.33932e-14
15.6697,9.54992e+18,1.45980e-14
16.7904,9.54992e+18,1.58328e-14
17.9912,9.54992e+18,1.70920e-14
19.2780,9.54992e+18,1.83704e-14
20.6567,9.54992e+18,1.96626e-14
22.1341,9.54992e+18,2.09641e-14
23.7171,9.54992e+18,2.22702e-14
25.4133,9.54992e+18,2.35734e-14
27.2309,9.54992e+18,2.48656e-14
29.1784,9.54992e+18,2.61386e-14
31.2652,9.54992e+18,2.73843e-14
33.5013,9.54992e+18,2.85943e-14
35.8973,9.54992e+18,2.97607e-14
38.4646,9.54992e+18,3.08763e-14
41.2156,9.54992e+18,3.19337e-14
44.1633,9.54992e+18,3.29261e-14
47.3218,9.54992e+18,3.38482e-14
50.7062,9.54992e+18,3.46973e-14
54.3327,9.54992e+18,3.54722e-14
58.2185,9.54992e+18,3.61726e-14
62.3823,9.54992e+18,3.67991e-14
66.8438,9.54992e+18,3.73536e-14
71.6244,9.54992e+18,3.78379e-14
76.7470,9.54992e+18,3.82554e-14
82.2359,9.54992e+18,3.86095e-14
88.1173,9.54992e+18,3.89045e-14
94.4194,9.54992e+18,3.91441e-14
101.172,9.54992e+18,3.93292e-14
108.408,9.54992e+18,3.94601e-14
116.161,9.54992e+18,3.95372e-14
124.469,9.54992e+18,3.95613e-14
133.371,9.54992e+18,3.95333e-14
142.910,9.54992e+18,3.94542e-14
153.130,9.54992e+18,3.93253e-14
164.082,9.54992e+18,3.91487e-14
175.817,9.54992e+18,3.89255e-14
188.392,9.54992e+18,3.86577e-14
201.865,9.54992e+18,3.83471e-14
216.302,9.54992e+18,3.79960e-14
231.772,9.54992e+18,3.76065e-14
248.348,9.54992e+18,3.71808e-14
266.110,9.54992e+18,3.67210e-14
285.142,9.54992e+18,3.62299e-14
305.535,9.54992e+18,3.57093e-14
327.387,9.54992e+18,3.51619e-14
350.801,9.54992e+18,3.45902e-14
375.890,9.54992e+18,3.39962e-14
402.774,9.54992e+18,3.33826e-14
431.580,9.54992e+18,3.27514e-14
462.446,9.54992e+18,3.21052e-14
495.520,9.54992e+18,3.14459e-14
530.959,9.54992e+18,3.07758e-14
568.933,9.54992e+18,3.00969e-14
609.623,9.54992e+18,2.94113e-14
653.223,9.54992e+18,2.87209e-14
699.941,9.54992e+18,2.80274e-14
750.000,9.54992e+18,2.73326e-14
0.750000,1.00000e+19,2.05260e-22
0.803639,1.00000e+19,6.80247e-22
0.861115,1.00000e+19,2.07663e-21
0.922702,1.00000e+19,5.87019e-21
0.988693,1.00000e+19,1.54453e-20
1.05940,1.00000e+19,3.80242e-20
1.13517,1.00000e+19,8.80430e-20
1.21636,1.00000e+19,1.92740e-19
1.30335,1.00000e+19,4.01002e-19
1.39657,1.00000e+19,7.97025e-19
1.49645,1.00000e+19,1.52012e-18
1.60347,1.00000e+19,2.78894e-18
1.71815,1.00000e+19,4.93318e-18
1.84103,1.00000e+19,8.43148e-18
1.97270,1.00000e+19,1.39553e-17
2.11379,1.00000e+19,2.24179e-17
2.26496,1.00000e+19,3.50298e-17
2.42695,1.00000e+19,5.33618e-17
2.60053,1.00000e+19,7.94221e-17
2.78651,1.00000e+19,1.15752e-16
2.98580,1.00000e+19,1.65498e-16
3.19935,1.00000e+19,2.32311e-16
3.42816,1.00000e+19,3.20347e-16
3.67334,1.00000e+19,4.34214e-16
3.93606,1.00000e+19,5.78881e-16
4.21756,1.00000e+19,7.59504e-16
4.51920,1.00000e+19,9.81287e-16
4.84241,1.00000e+19,1.24923e-15
5.18873,1.00000e+19,1.56798e-15
5.55983,1.00000e+19,1.94154e-15
5.95746,1.00000e+19,2.37317e-15
6.38354,1.00000e+19,2.86537e-15
6.84008,1.00000e+19,3.41974e-15
7.32928,1.00000e+19,4.03705e-15
7.85346,1.00000e+19,4.71717e-15
8.41514,1.00000e+19,5.45937e-15
9.01698,1.00000e+19,6.26248e-15
9.66187,1.00000e+19,7.12496e-15
10.3529,1.00000e+19,8.04532e-15
11.0933,1.00000e+19,9.02251e-15
11.8867,1.00000e+19,1.00550e-14
12.7368,1.00000e+19,1.11388e-14
13.6478,1.00000e+19,1.22694e-14
14.6238,1.00000e+19,1.34412e-14
15.6697,1.00000e+19,1.46488e-14
16.7904,1.00000e+19,1.58865e-14
17.9912,1.00000e+19,1.71486e-14
19.2780,1.00000e+19,1.84298e-14
20.6567,1.00000e+19,1.97248e-14
22.1341,1.00000e+19,2.10292e-14
23.7171,1.00000e+19,2.23382e-14
25.4133,1.00000e+19,2.36445e-14
27.2309,1.00000e+19,2.49399e-14
29.1784,1.00000e+19,2.62159e-14
31.2652,1.00000e+19,2.74647e-14
33.5013,1.00000e+19,2.86776e-14
35.8973,1.00000e+19,2.98471e-14
38.4646,1.00000e+19,3.09654e-14
41.2156,1.00000e+19,3.20250e-14
44.1633,1.00000e+19,3.30200e-14
47.3218,1.00000e+19,3.39440e-14
50.7062,1.00000e+19,3.47948e-14
54.3327,1.00000e+19,3.55712e-14
58.2185,1.00000e+19,3.62727e-14
62.3823,1.00000e+19,3.69001e-14
66.8438,1.00000e+19,3.74548e-14
71.6244,1.00000e+19,3.79395e-14
76.7470,1.00000e+19,3.83568e-14
82.2359,1.00000e+19,3.87108e-14
88.1173,1.00000e+19,3.90053e-14
94.4194,1.00000e+19,3.92445e-14
101.172,1.00000e+19,3.94287e-14
108.408,1.00000e+19,3.95586e-14
116.161,1.00000e+19,3.96345e-14
124.469,1.00000e+19,3.96574e-14
133.371,1.00000e+19,3.96280e-14
142.910,1.00000e+19,3.95475e-14
153.130,1.00000e+19,3.94175e-14
164.082,1.00000e+19,3.92389e-14
175.817,1.00000e+19,3.90141e-14
188.392,1.00000e+19,3.87446e-14
201.865,1.00000e+19,3.84324e-14
216.302,1.00000e+19,3.80794e-14
231.772,1.00000e+19,3.76881e-14
248.348,1.00000e+19,3.72606e-14
266.110,1.00000e+19,3.67993e-14
285.142,1.00000e+19,3.63064e-14
305.535,1.00000e+19,3.57842e-14
327.387,1.00000e+19,3.52350e-14
350.801,1.00000e+19,3.46618e-14
375.890,1.00000e+19,3.40662e-14
402.774,1.00000e+19,3.34511e-14
431.580,1.00000e+19,3.28185e-14
462.446,1.00000e+19,3.21710e-14
495.520,1.00000e+19,3.15106e-14
530.959,1.00000e+19,3.08392e-14
568.933,1.00000e+19,3.01593e-14
609.623,1.00000e+19,2.94725e-14
653.223,1.00000e+19,2.87811e-14
699.941,1.00000e+19,2.80868e-14
750.000,1.00000e+19,2.73911e-14
0.750000,1.04713e+19,2.09108e-22
0.803639,1.04713e+19,6.92498e-22
0.861115,1.04713e+19,2.11256e-21
0.922702,1.04713e+19,5.96782e-21
0.988693,1.04713e+19,1.56919e-20
1.05940,1.04713e+19,3.86071e-20
1.13517,1.04713e+19,8.93381e-20
1.21636,1.04713e+19,1.95459e-19
1.30335,1.04713e+19,4.06415e-19
1.39657,1.04713e+19,8.07307e-19
1.49645,1.04713e+19,1.53883e-18
1.60347,1.04713e+19,2.82162e-18
1.71815,1.04713e+19,4.98815e-18
1.84103,1.04713e+19,8.52068e-18
1.97270,1.04713e+19,1.40954e-17
2.11379,1.04713e+19,2.26312e-17
2.26496,1.04713e+19,3.53456e-17
2.42695,1.04713e+19,5.38181e-17
2.60053,1.04713e+19,8.00670e-17
2.78651,1.04713e+19,1.16647e-16
2.98580,1.04713e+19,1.66720e-16
3.19935,1.04713e+19,2.33953e-16
3.42816,1.04713e+19,3.22524e-16
3.67334,1.04713e+19,4.37059e-16
3.93606,1.04713e+19,5.82541e-16
4.21756,1.04713e+19,7.64160e-16
4.51920,1.04713e+19,9.87121e-16
4.84241,1.04713e+19,1.25646e-15
5.18873,1.04713e+19,1.57681e-15
5.55983,1.04713e+19,1.95217e-15
5.95746,1.04713e+19,2.38581e-15
6.38354,1.04713e+19,2.88020e-15
6.84008,1.04713e+19,3.43696e-15
7.32928,1.04713e+19,4.05680e-15
7.85346,1.04713e+19,4.73961e-15
8.41514,1.04713e+19,5.48463e-15
9.01698,1.04713e+19,6.29063e-15
9.66187,1.04713e+19,7.15604e-15
10.3529,1.04713e+19,8.07943e-15
11.0933,1.04713e+19,9.05958e-15
11.8867,1.04713e+19,1.00951e-14
12.7368,1.04713e+19,1.11821e-14
13.6478,1.04713e+19,1.23157e-14
14.6238,1.04713e+19,1.34905e-14
15.6697,1.04713e+19,1.47010e-14
16.7904,1.04713e+19,1.59417e-14
17.9912,1.04713e+19,1.72067e-14
19.2780,1.04713e+19,1.84907e-14
20.6567,1.04713e+19,1.97887e-14
22.1341,1.04713e+19,2.10961e-14
23.7171,1.04713e+19,2.24080e-14
25.4133,1.04713e+19,2.37174e-14
27.2309,1.04713e+19,2.50158e-14
29.1784,1.04713e+19,2.62950e-14
31.2652,1.04713e+19,2.75467e-14
33.5013,1.04713e+19,2.87628e-14
35.8973,1.04713e+19,2.99351e-14
38.4646,1.04713e+19,3.10561e-14
41.2156,1.04713e+19,3.21184e-14
44.1633,1.04713e+19,3.31155e-14
47.3218,1.04713e+19,3.40418e-14
50.7062,1.04713e+19,3.48941e-14
54.3327,1.04713e+19,3.56718e-14
58.2185,1.04713e+19,3.63745e-14
62.3823,1.04713e+19,3.70027e-14
66.8438,1.04713e+19,3.75580e-14
71.6244,1.04713e+19,3.80429e-14
76.7470,1.04713e+19,3.84604e-14
82.2359,1.04713e+19,3.88139e-14
88.1173,1.04713e+19,3.91083e-14
94.4194,1.04713e+19,3.93466e-14
101.172,1.04713e+19,3.95303e-14
108.408,1.04713e+19,3.96592e-14
116.161,1.04713e+19,3.97341e-14
124.469,1.04713e+19,3.97557e-14
133.371,1.04713e+19,3.97248e-14
142.910,1.04713e+19,3.96429e-14
153.130,1.04713e+19,3.95110e-14
164.082,1.04713e+19,3.93311e-14
175.817,1.04713e+19,3.91044e-14
188.392,1.04713e+19,3.88332e-14
201.865,1.04713e+19,3.85191e-14
216.302,1.04713e+19,3.81645e-14
231.772,1.04713e+19,3.77713e-14
248.348,1.04713e+19,3.73418e-14
266.110,1.04713e+19,3.68788e-14
285.142,1.04713e+19,3.63840e-14
305.535,1.04713e+19,3.58599e-14
327.387,1.04713e+19,3.53092e-14
350.801,1.04713e+19,3.47342e-14
375.890,1.04713e+19,3.41371e-14
402.774,1.04713e+19,3.35203e-14
431.580,1.04713e+19,3.28863e-14
462.446,1.04713e+19,3.22375e-14
495.520,1.04713e+19,3.15755e-14
530.959,1.04713e+19,3.09030e-14
568.933,1.04713e+19,3.02220e-14
609.623,1.04713e+19,2.95343e-14
653.223,1.04713e+19,2.88419e-14
699.941,1.04713e+19,2.81467e-14
750.000,1.04713e+19,2.74504e-14
0.750000,1.09648e+19,2.13060e-22
0.803639,1.09648e+19,7.05080e-22
0.861115,1.09648e+19,2.14946e-21
0.922702,1.09648e+19,6.06791e-21
0.988693,1.09648e+19,1.59450e-20
1.05940,1.09648e+19,3.92049e-20
1.13517,1.09648e+19,9.06665e-20
1.21636,1.09648e+19,1.98244e-19
1.30335,1.09648e+19,4.11964e-19
1.39657,1.09648e+19,8.17852e-19
1.49645,1.09648e+19,1.55801e-18
1.60347,1.09648e+19,2.85517e-18
1.71815,1.09648e+19,5.04460e-18
1.84103,1.09648e+19,8.61241e-18
1.97270,1.09648e+19,1.42394e-17
2.11379,1.09648e+19,2.28508e-17
2.26496,1.09648e+19,3.56710e-17
2.42695,1.09648e+19,5.42884e-17
2.60053,1.09648e+19,8.07320e-17
2.78651,1.09648e+19,1.17570e-16
2.98580,1.09648e+19,1.67977e-16
3.19935,1.09648e+19,2.35643e-16
3.42816,1.09648e+19,3.24755e-16
3.67334,1.09648e+19,4.39967e-16
3.93606,1.09648e+19,5.86282e-16
4.21756,1.09648e+19,7.68897e-16
4.51920,1.09648e+19,9.93043e-16
4.84241,1.09648e+19,1.26377e-15
5.18873,1.09648e+19,1.58570e-15
5.55983,1.09648e+19,1.96286e-15
5.95746,1.09648e+19,2.39852e-15
6.38354,1.09648e+19,2.89512e-15
6.84008,1.09648e+19,3.45426e-15
7.32928,1.09648e+19,4.07667e-15
7.85346,1.09648e+19,4.76221e-15
8.41514,1.09648e+19,5.51009e-15
9.01698,1.09648e+19,6.31904e-15
9.66187,1.09648e+19,7.18750e-15
10.3529,1.09648e+19,8.11399e-15
11.0933,1.09648e+19,9.09733e-15
11.8867,1.09648e+19,1.01360e-14
12.7368,1.09648e+19,1.12261e-14
13.6478,1.09648e+19,1.23629e-14
14.6238,1.09648e+19,1.35408e-14
15.6697,1.09648e+19,1.47544e-14
16.7904,1.09648e+19,1.59980e-14
17.9912,1.09648e+19,1.72661e-14
19.2780,1.09648e+19,1.85531e-14
20.6567,1.09648e+19,1.98540e-14
22.1341,1.09648e+19,2.11644e-14
23.7171,1.09648e+19,2.24793e-14
25.4133,1.09648e+19,2.37917e-14
27.2309,1.09648e+19,2.50933e-14
29.1784,1.09648e+19,2.63757e-14
31.2652,1.09648e+19,2.76304e-14
33.5013,1.09648e+19,2.88495e-14
35.8973,1.09648e+19,3.00247e-14
38.4646,1.09648e+19,3.11486e-14
41.2156,1.09648e+19,3.22135e-14
44.1633,1.09648e+19,3.32129e-14
47.3218,1.09648e+19,3.41410e-14
50.7062,1.09648e+19,3.49954e-14
54.3327,1.09648e+19,3.57745e-14
58.2185,1.09648e+19,3.64784e-14
62.3823,1.09648e+19,3.71074e-14
66.8438,1.09648e+19,3.76635e-14
71.6244,1.09648e+19,3.81487e-14
76.7470,1.09648e+19,3.85663e-14
82.2359,1.09648e+19,3.89196e-14
88.1173,1.09648e+19,3.92134e-14
94.4194,1.09648e+19,3.94513e-14
101.172,1.09648e+19,3.96342e-14
108.408,1.09648e+19,3.97620e-14
116.161,1.09648e+19,3.98358e-14
124.469,1.09648e+19,3.98560e-14
133.371,1.09648e+19,3.98239e-14
142.910,1.09648e+19,3.97404e-14
153.130,1.09648e+19,3.96068e-14
164.082,1.09648e+19,3.94252e-14
175.817,1.09648e+19,3.91967e-14
188.392,1.09648e+19,3.89234e-14
201.865,1.09648e+19,3.86075e-14
216.302,1.09648e+19,3.82509e-14
231.772,1.09648e+19,3.78558e-14
248.348,1.09648e+19,3.74245e-14
266.110,1.09648e+19,3.69594e-14
285.142,1.09648e+19,3.64626e-14
305.535,1.09648e+19,3.59368e-14
327.387,1.09648e+19,3.53843e-14
350.801,1.09648e+19,3.48074e-14
375.890,1.09648e+19,3.42088e-14
402.774,1.09648e+19,3.35903e-14
431.580,1.09648e+19,3.29550e-14
462.446,1.09648e+19,3.23046e-14
495.520,1.09648e+19,3.16414e-14
530.959,1.09648e+19,3.09677e-14
568.933,1.09648e+19,3.02854e-14
609.623,1.09648e+19,2.95967e-14
653.223,1.09648e+19,2.89033e-14
699.941,1.09648e+19,2.82072e-14
750.000,1.09648e+19,2.75100e-14
0.750000,1.14815e+19,2.17124e-22
0.803639,1.14815e+19,7.18005e-22
0.861115,1.14815e+19,2.18734e-21
0.922702,1.14815e+19,6.17073e-21
0.988693,1.14815e+19,1.62045e-20
1.05940,1.14815e+19,3.98183e-20
1.13517,1.14815e+19,9.20286e-20
1.21636,1.14815e+19,2.01102e-19
1.30335,1.14815e+19,4.17656e-19
1.39657,1.14815e+19,8.28671e-19
1.49645,1.14815e+19,1.57771e-18
1.60347,1.14815e+19,2.88961e-18
1.71815,1.14815e+19,5.10261e-18
1.84103,1.14815e+19,8.70662e-18
1.97270,1.14815e+19,1.43875e-17
2.11379,1.14815e+19,2.30766e-17
2.26496,1.14815e+19,3.60060e-17
2.42695,1.14815e+19,5.47727e-17
2.60053,1.14815e+19,8.14164e-17
2.78651,1.14815e+19,1.18518e-16
2.98580,1.14815e+19,1.69271e-16
3.19935,1.14815e+19,2.37376e-16
3.42816,1.14815e+19,3.27043e-16
3.67334,1.14815e+19,4.42939e-16
3.93606,1.14815e+19,5.90087e-16
4.21756,1.14815e+19,7.73705e-16
4.51920,1.14815e+19,9.99039e-16
4.84241,1.14815e+19,1.27114e-15
5.18873,1.14815e+19,1.59467e-15
5.55983,1.14815e+19,1.97364e-15
5.95746,1.14815e+19,2.41130e-15
6.38354,1.14815e+19,2.91012e-15
6.84008,1.14815e+19,3.47169e-15
7.32928,1.14815e+19,4.09669e-15
7.85346,1.14815e+19,4.78502e-15
8.41514,1.14815e+19,5.53584e-15
9.01698,1.14815e+19,6.34784e-15
9.66187,1.14815e+19,7.21949e-15
10.3529,1.14815e+19,8.14923e-15
11.0933,1.14815e+19,9.13583e-15
11.8867,1.14815e+19,1.01778e-14
12.7368,1.14815e+19,1.12713e-14
13.6478,1.14815e+19,1.24112e-14
14.6238,1.14815e+19,1.35924e-14
15.6697,1.14815e+19,1.48092e-14
16.7904,1.14815e+19,1.60560e-14
17.9912,1.14815e+19,1.73271e-14
19.2780,1.14815e+19,1.86172e-14
20.6567,1.14815e+19,1.99211e-14
22.1341,1.14815e+19,2.12344e-14
23.7171,1.14815e+19,2.25526e-14
25.4133,1.14815e+19,2.38680e-14
27.2309,1.14815e+19,2.51727e-14
29.1784,1.14815e+19,2.64580e-14
31.2652,1.14815e+19,2.77160e-14
33.5013,1.14815e+19,2.89381e-14
35.8973,1.14815e+19,3.01161e-14
38.4646,1.14815e+19,3.12428e-14
41.2156,1.14815e+19,3.23104e-14
44.1633,1.14815e+19,3.33123e-14
47.3218,1.14815e+19,3.42425e-14
50.7062,1.14815e+19,3.50986e-14
54.3327,1.14815e+19,3.58794e-14
58.2185,1.14815e+19,3.65843e-14
62.3823,1.14815e+19,3.72144e-14
66.8438,1.14815e+19,3.77710e-14
71.6244,1.14815e+19,3.82566e-14
76.7470,1.14815e+19,3.86743e-14
82.2359,1.14815e+19,3.90276e-14
88.1173,1.14815e+19,3.93210e-14
94.4194,1.14815e+19,3.95584e-14
101.172,1.14815e+19,3.97404e-14
108.408,1.14815e+19,3.98674e-14
116.161,1.14815e+19,3.99401e-14
124.469,1.14815e+19,3.99589e-14
133.371,1.14815e+19,3.99254e-14
142.910,1.14815e+19,3.98402e-14
153.130,1.14815e+19,3.97049e-14
164.082,1.14815e+19,3.95215e-14
175.817,1.14815e+19,3.92911e-14
188.392,1.14815e+19,3.90159e-14
201.865,1.14815e+19,3.86979e-14
216.302,1.14815e+19,3.83393e-14
231.772,1.14815e+19,3.79421e-14
248.348,1.14815e+19,3.75088e-14
266.110,1.14815e+19,3.70416e-14
285.142,1.14815e+19,3.65429e-14
305.535,1.14815e+19,3.60152e-14
327.387,1.14815e+19,3.54607e-14
350.801,1.14815e+19,3.48820e-14
375.890,1.14815e+19,3.42815e-14
402.774,1.14815e+19,3.36617e-14
431.580,1.14815e+19,3.30244e-14
462.446,1.14815e+19,3.23725e-14
495.520,1.14815e+19,3.17080e-14
530.959,1.14815e+19,3.10329e-14
568.933,1.14815e+19,3.03495e-14
609.623,1.14815e+19,2.96596e-14
653.223,1.14815e+19,2.89652e-14
699.941,1.14815e+19,2.82684e-14
750.000,1.14815e+19,2.75704e-14
0.750000,1.20226e+19,2.21308e-22
0.803639,1.20226e+19,7.31301e-22
0.861115,1.20226e+19,2.22628e-21
0.922702,1.20226e+19,6.27630e-21
0.988693,1.20226e+19,1.64712e-20
1.05940,1.20226e+19,4.04477e-20
1.13517,1.20226e+19,9.34258e-20
1.21636,1.20226e+19,2.04033e-19
1.30335,1.20226e+19,4.23494e-19
1.39657,1.20226e+19,8.39770e-19
1.49645,1.20226e+19,1.59792e-18
1.60347,1.20226e+19,2.92497e-18
1.71815,1.20226e+19,5.16212e-18
1.84103,1.20226e+19,8.80344e-18
1.97270,1.20226e+19,1.45398e-17
2.11379,1.20226e+19,2.33088e-17
2.26496,1.20226e+19,3.63506e-17
2.42695,1.20226e+19,5.52714e-17
2.60053,1.20226e+19,8.21207e-17
2.78651,1.20226e+19,1.19494e-16
2.98580,1.20226e+19,1.70600e-16
3.19935,1.20226e+19,2.39152e-16
3.42816,1.20226e+19,3.29380e-16
3.67334,1.20226e+19,4.45972e-16
3.93606,1.20226e+19,5.93960e-16
4.21756,1.20226e+19,7.78587e-16
4.51920,1.20226e+19,1.00510e-15
4.84241,1.20226e+19,1.27859e-15
5.18873,1.20226e+19,1.60369e-15
5.55983,1.20226e+19,1.98445e-15
5.95746,1.20226e+19,2.42412e-15
6.38354,1.20226e+19,2.92516e-15
6.84008,1.20226e+19,3.48917e-15
7.32928,1.20226e+19,4.11684e-15
7.85346,1.20226e+19,4.80799e-15
8.41514,1.20226e+19,5.56181e-15
9.01698,1.20226e+19,6.37696e-15
9.66187,1.20226e+19,7.25186e-15
10.3529,1.20226e+19,8.18499e-15
11.0933,1.20226e+19,9.17505e-15
11.8867,1.20226e+19,1.02204e-14
12.7368,1.20226e+19,1.13173e-14
13.6478,1.20226e+19,1.24607e-14
14.6238,1.20226e+19,1.36452e-14
15.6697,1.20226e+19,1.48653e-14
16.7904,1.20226e+19,1.61152e-14
17.9912,1.20226e+19,1.73895e-14
19.2780,1.20226e+19,1.86826e-14
20.6567,1.20226e+19,1.99896e-14
22.1341,1.20226e+19,2.13060e-14
23.7171,1.20226e+19,2.26272e-14
25.4133,1.20226e+19,2.39458e-14
27.2309,1.20226e+19,2.52536e-14
29.1784,1.20226e+19,2.65421e-14
31.2652,1.20226e+19,2.78031e-14
33.5013,1.20226e+19,2.90282e-14
35.8973,1.20226e+19,3.02094e-14
38.4646,1.20226e+19,3.13389e-14
41.2156,1.20226e+19,3.24090e-14
44.1633,1.20226e+19,3.34133e-14
47.3218,1.20226e+19,3.43458e-14
50.7062,1.20226e+19,3.52038e-14
54.3327,1.20226e+19,3.59860e-14
58.2185,1.20226e+19,3.66923e-14
62.3823,1.20226e+19,3.73234e-14
66.8438,1.20226e+19,3.78809e-14
71.6244,1.20226e+19,3.83669e-14
76.7470,1.20226e+19,3.87848e-14
82.2359,1.20226e+19,3.91381e-14
88.1173,1.20226e+19,3.94311e-14
94.4194,1.20226e+19,3.96678e-14
101.172,1.20226e+19,3.98491e-14
108.408,1.20226e+19,3.99750e-14
116.161,1.20226e+19,4.00465e-14
124.469,1.20226e+19,4.00640e-14
133.371,1.20226e+19,4.00288e-14
142.910,1.20226e+19,3.99421e-14
153.130,1.20226e+19,3.98050e-14
164.082,1.20226e+19,3.96197e-14
175.817,1.20226e+19,3.93874e-14
188.392,1.20226e+19,3.91101e-14
201.865,1.20226e+19,3.87902e-14
216.302,1.20226e+19,3.84293e-14
231.772,1.20226e+19,3.80301e-14
248.348,1.20226e+19,3.75946e-14
266.110,1.20226e+19,3.71254e-14
285.142,1.20226e+19,3.66245e-14
305.535,1.20226e+19,3.60947e-14
327.387,1.20226e+19,3.55383e-14
350.801,1.20226e+19,3.49577e-14
375.890,1.20226e+19,3.43554e-14
402.774,1.20226e+19,3.37338e-14
431.580,1.20226e+19,3.30950e-14
462.446,1.20226e+19,3.24416e-14
495.520,1.20226e+19,3.17755e-14
530.959,1.20226e+19,3.10991e-14
568.933,1.20226e+19,3.04144e-14
609.623,1.20226e+19,2.97235e-14
653.223,1.20226e+19,2.90282e-14
699.941,1.20226e+19,2.83303e-14
750.000,1.20226e+19,2.76318e-14
0.750000,1.25893e+19,2.25610e-22
0.803639,1.25893e+19,7.44971e-22
0.861115,1.25893e+19,2.26628e-21
0.922702,1.25893e+19,6.38478e-21
0.988693,1.25893e+19,1.67448e-20
1.05940,1.25893e+19,4.10936e-20
1.13517,1.25893e+19,9.48594e-20
1.21636,1.25893e+19,2.07039e-19
1.30335,1.25893e+19,4.29486e-19
1.39657,1.25893e+19,8.51155e-19
1.49645,1.25893e+19,1.61866e-18
1.60347,1.25893e+19,2.96125e-18
1.71815,1.25893e+19,5.22331e-18
1.84103,1.25893e+19,8.90293e-18
1.97270,1.25893e+19,1.46964e-17
2.11379,1.25893e+19,2.35479e-17
2.26496,1.25893e+19,3.67054e-17
2.42695,1.25893e+19,5.57842e-17
2.60053,1.25893e+19,8.28463e-17
2.78651,1.25893e+19,1.20499e-16
2.98580,1.25893e+19,1.71964e-16
3.19935,1.25893e+19,2.40977e-16
3.42816,1.25893e+19,3.31779e-16
3.67334,1.25893e+19,4.49074e-16
3.93606,1.25893e+19,5.97911e-16
4.21756,1.25893e+19,7.83551e-16
4.51920,1.25893e+19,1.01126e-15
4.84241,1.25893e+19,1.28613e-15
5.18873,1.25893e+19,1.61281e-15
5.55983,1.25893e+19,1.99536e-15
5.95746,1.25893e+19,2.43704e-15
6.38354,1.25893e+19,2.94034e-15
6.84008,1.25893e+19,3.50681e-15
7.32928,1.25893e+19,4.13713e-15
7.85346,1.25893e+19,4.83119e-15
8.41514,1.25893e+19,5.58809e-15
9.01698,1.25893e+19,6.40649e-15
9.66187,1.25893e+19,7.28480e-15
10.3529,1.25893e+19,8.22136e-15
11.0933,1.25893e+19,9.21497e-15
11.8867,1.25893e+19,1.02640e-14
12.7368,1.25893e+19,1.13644e-14
13.6478,1.25893e+19,1.25113e-14
14.6238,1.25893e+19,1.36993e-14
15.6697,1.25893e+19,1.49227e-14
16.7904,1.25893e+19,1.61759e-14
17.9912,1.25893e+19,1.74534e-14
19.2780,1.25893e+19,1.87497e-14
20.6567,1.25893e+19,2.00598e-14
22.1341,1.25893e+19,2.13793e-14
23.7171,1.25893e+19,2.27037e-14
25.4133,1.25893e+19,2.40255e-14
27.2309,1.25893e+19,2.53363e-14
29.1784,1.25893e+19,2.66282e-14
31.2652,1.25893e+19,2.78923e-14
33.5013,1.25893e+19,2.91204e-14
35.8973,1.25893e+19,3.03045e-14
38.4646,1.25893e+19,3.14367e-14
41.2156,1.25893e+19,3.25096e-14
44.1633,1.25893e+19,3.35163e-14
47.3218,1.25893e+19,3.44510e-14
50.7062,1.25893e+19,3.53108e-14
54.3327,1.25893e+19,3.60948e-14
58.2185,1.25893e+19,3.68024e-14
62.3823,1.25893e+19,3.74346e-14
66.8438,1.25893e+19,3.79927e-14
71.6244,1.25893e+19,3.84793e-14
76.7470,1.25893e+19,3.88974e-14
82.2359,1.25893e+19,3.92507e-14
88.1173,1.25893e+19,3.95435e-14
94.4194,1.25893e+19,3.97797e-14
101.172,1.25893e+19,3.99603e-14
108.408,1.25893e+19,4.00852e-14
116.161,1.25893e+19,4.01553e-14
124.469,1.25893e+19,4.01716e-14
133.371,1.25893e+19,4.01348e-14
142.910,1.25893e+19,4.00462e-14
153.130,1.25893e+19,3.99075e-14
164.082,1.25893e+19,3.97201e-14
175.817,1.25893e+19,3.94857e-14
188.392,1.25893e+19,3.92063e-14
201.865,1.25893e+19,3.88842e-14
216.302,1.25893e+19,3.85212e-14
231.772,1.25893e+19,3.81197e-14
248.348,1.25893e+19,3.76820e-14
266.110,1.25893e+19,3.72106e-14
285.142,1.25893e+19,3.67077e-14
305.535,1.25893e+19,3.61757e-14
327.387,1.25893e+19,3.56173e-14
350.801,1.25893e+19,3.50346e-14
375.890,1.25893e+19,3.44305e-14
402.774,1.25893e+19,3.38069e-14
431.580,1.25893e+19,3.31666e-14
462.446,1.25893e+19,3.25114e-14
495.520,1.25893e+19,3.18440e-14
530.959,1.25893e+19,3.11663e-14
568.933,1.25893e+19,3.04802e-14
609.623,1.25893e+19,2.97883e-14
653.223,1.25893e+19,2.90920e-14
699.941,1.25893e+19,2.83931e-14
750.000,1.25893e+19,2.76939e-14
0.750000,1.31826e+19,2.30039e-22
0.803639,1.31826e+19,7.59030e-22
0.861115,1.31826e+19,2.30741e-21
0.922702,1.31826e+19,6.49619e-21
0.988693,1.31826e+19,1.70258e-20
1.05940,1.31826e+19,4.17566e-20
1.13517,1.31826e+19,9.63312e-20
1.21636,1.31826e+19,2.10127e-19
1.30335,1.31826e+19,4.35631e-19
1.39657,1.31826e+19,8.62839e-19
1.49645,1.31826e+19,1.63995e-18
1.60347,1.31826e+19,2.99850e-18
1.71815,1.31826e+19,5.28611e-18
1.84103,1.31826e+19,9.00510e-18
1.97270,1.31826e+19,1.48574e-17
2.11379,1.31826e+19,2.37937e-17
2.26496,1.31826e+19,3.70701e-17
2.42695,1.31826e+19,5.63119e-17
2.60053,1.31826e+19,8.35917e-17
2.78651,1.31826e+19,1.21531e-16
2.98580,1.31826e+19,1.73365e-16
3.19935,1.31826e+19,2.42846e-16
3.42816,1.31826e+19,3.34232e-16
3.67334,1.31826e+19,4.52237e-16
3.93606,1.31826e+19,6.01937e-16
4.21756,1.31826e+19,7.88591e-16
4.51920,1.31826e+19,1.01749e-15
4.84241,1.31826e+19,1.29374e-15
5.18873,1.31826e+19,1.62200e-15
5.55983,1.31826e+19,2.00634e-15
5.95746,1.31826e+19,2.45005e-15
6.38354,1.31826e+19,2.95557e-15
6.84008,1.31826e+19,3.52451e-15
7.32928,1.31826e+19,4.15757e-15
7.85346,1.31826e+19,4.85454e-15
8.41514,1.31826e+19,5.61459e-15
9.01698,1.31826e+19,6.43635e-15
9.66187,1.31826e+19,7.31817e-15
10.3529,1.31826e+19,8.25835e-15
11.0933,1.31826e+19,9.25562e-15
11.8867,1.31826e+19,1.03084e-14
12.7368,1.31826e+19,1.14125e-14
13.6478,1.31826e+19,1.25630e-14
14.6238,1.31826e+19,1.37546e-14
15.6697,1.31826e+19,1.49815e-14
16.7904,1.31826e+19,1.62382e-14
17.9912,1.31826e+19,1.75189e-14
19.2780,1.31826e+19,1.88183e-14
20.6567,1.31826e+19,2.01318e-14
22.1341,1.31826e+19,2.14544e-14
23.7171,1.31826e+19,2.27819e-14
25.4133,1.31826e+19,2.41069e-14
27.2309,1.31826e+19,2.54211e-14
29.1784,1.31826e+19,2.67159e-14
31.2652,1.31826e+19,2.79831e-14
33.5013,1.31826e+19,2.92145e-14
35.8973,1.31826e+19,3.04014e-14
38.4646,1.31826e+19,3.15365e-14
41.2156,1.31826e+19,3.26121e-14
44.1633,1.31826e+19,3.36212e-14
47.3218,1.31826e+19,3.45581e-14
50.7062,1.31826e+19,3.54200e-14
54.3327,1.31826e+19,3.62055e-14
58.2185,1.31826e+19,3.69147e-14
62.3823,1.31826e+19,3.75479e-14
66.8438,1.31826e+19,3.81071e-14
71.6244,1.31826e+19,3.85942e-14
76.7470,1.31826e+19,3.90125e-14
82.2359,1.31826e+19,3.93659e-14
88.1173,1.31826e+19,3.96585e-14
94.4194,1.31826e+19,3.98941e-14
101.172,1.31826e+19,4.00737e-14
108.408,1.31826e+19,4.01977e-14
116.161,1.31826e+19,4.02668e-14
124.469,1.31826e+19,4.02815e-14
133.371,1.31826e+19,4.02432e-14
142.910,1.31826e+19,4.01529e-14
153.130,1.31826e+19,4.00121e-14
164.082,1.31826e+19,3.98228e-14
175.817,1.31826e+19,3.95864e-14
188.392,1.31826e+19,3.93046e-14
201.865,1.31826e+19,3.89802e-14
216.302,1.31826e+19,3.86149e-14
231.772,1.31826e+19,3.82112e-14
248.348,1.31826e+19,3.77712e-14
266.110,1.31826e+19,3.72975e-14
285.142,1.31826e+19,3.67923e-14
305.535,1.31826e+19,3.62580e-14
327.387,1.31826e+19,3.56974e-14
350.801,1.31826e+19,3.51127e-14
375.890,1.31826e+19,3.45065e-14
402.774,1.31826e+19,3.38812e-14
431.580,1.31826e+19,3.32389e-14
462.446,1.31826e+19,3.25822e-14
495.520,1.31826e+19,3.19132e-14
530.959,1.31826e+19,3.12340e-14
568.933,1.31826e+19,3.05468e-14
609.623,1.31826e+19,2.98536e-14
653.223,1.31826e+19,2.91562e-14
699.941,1.31826e+19,2.84566e-14
750.000,1.31826e+19,2.77566e-14
0.750000,1.38038e+19,2.34597e-22
0.803639,1.38038e+19,7.73484e-22
0.861115,1.38038e+19,2.34967e-21
0.922702,1.38038e+19,6.61064e-21
0.988693,1.38038e+19,1.73144e-20
1.05940,1.38038e+19,4.24375e-20
1.13517,1.38038e+19,9.78411e-20
1.21636,1.38038e+19,2.13292e-19
1.30335,1.38038e+19,4.41934e-19
1.39657,1.38038e+19,8.74820e-19
1.49645,1.38038e+19,1.66178e-18
1.60347,1.38038e+19,3.03675e-18
1.71815,1.38038e+19,5.35061e-18
1.84103,1.38038e+19,9.11017e-18
1.97270,1.38038e+19,1.50228e-17
2.11379,1.38038e+19,2.40464e-17
2.26496,1.38038e+19,3.74453e-17
2.42695,1.38038e+19,5.68551e-17
2.60053,1.38038e+19,8.43595e-17
2.78651,1.38038e+19,1.22592e-16
2.98580,1.38038e+19,1.74806e-16
3.19935,1.38038e+19,2.44766e-16
3.42816,1.38038e+19,3.36747e-16
3.67334,1.38038e+19,4.55476e-16
3.93606,1.38038e+19,6.06045e-16
4.21756,1.38038e+19,7.93725e-16
4.51920,1.38038e+19,1.02383e-15
4.84241,1.38038e+19,1.30145e-15
5.18873,1.38038e+19,1.63129e-15
5.55983,1.38038e+19,2.01743e-15
5.95746,1.38038e+19,2.46316e-15
6.38354,1.38038e+19,2.97094e-15
6.84008,1.38038e+19,3.54240e-15
7.32928,1.38038e+19,4.17821e-15
7.85346,1.38038e+19,4.87819e-15
8.41514,1.38038e+19,5.64145e-15
9.01698,1.38038e+19,6.46664e-15
9.66187,1.38038e+19,7.35203e-15
10.3529,1.38038e+19,8.29599e-15
11.0933,1.38038e+19,9.29713e-15
11.8867,1.38038e+19,1.03537e-14
12.7368,1.38038e+19,1.14616e-14
13.6478,1.38038e+19,1.26159e-14
14.6238,1.38038e+19,1.38111e-14
15.6697,1.38038e+19,1.50417e-14
16.7904,1.38038e+19,1.63018e-14
17.9912,1.38038e+19,1.75858e-14
19.2780,1.38038e+19,1.88886e-14
20.6567,1.38038e+19,2.02051e-14
22.1341,1.38038e+19,2.15311e-14
23.7171,1.38038e+19,2.28617e-14
25.4133,1.38038e+19,2.41900e-14
27.2309,1.38038e+19,2.55074e-14
29.1784,1.38038e+19,2.68056e-14
31.2652,1.38038e+19,2.80760e-14
33.5013,1.38038e+19,2.93104e-14
35.8973,1.38038e+19,3.05005e-14
38.4646,1.38038e+19,3.16383e-14
41.2156,1.38038e+19,3.27167e-14
44.1633,1.38038e+19,3.37283e-14
47.3218,1.38038e+19,3.46674e-14
50.7062,1.38038e+19,3.55313e-14
54.3327,1.38038e+19,3.63186e-14
58.2185,1.38038e+19,3.70292e-14
62.3823,1.38038e+19,3.76638e-14
66.8438,1.38038e+19,3.82238e-14
71.6244,1.38038e+19,3.87115e-14
76.7470,1.38038e+19,3.91303e-14
82.2359,1.38038e+19,3.94837e-14
88.1173,1.38038e+19,3.97760e-14
94.4194,1.38038e+19,4.00112e-14
101.172,1.38038e+19,4.01900e-14
108.408,1.38038e+19,4.03129e-14
116.161,1.38038e+19,4.03807e-14
124.469,1.38038e+19,4.03940e-14
133.371,1.38038e+19,4.03539e-14
142.910,1.38038e+19,4.02617e-14
153.130,1.38038e+19,4.01191e-14
164.082,1.38038e+19,3.99276e-14
175.817,1.38038e+19,3.96888e-14
188.392,1.38038e+19,3.94050e-14
201.865,1.38038e+19,3.90782e-14
216.302,1.38038e+19,3.87106e-14
231.772,1.38038e+19,3.83043e-14
248.348,1.38038e+19,3.78618e-14
266.110,1.38038e+19,3.73857e-14
285.142,1.38038e+19,3.68780e-14
305.535,1.38038e+19,3.63418e-14
327.387,1.38038e+19,3.57790e-14
350.801,1.38038e+19,3.51922e-14
375.890,1.38038e+19,3.45840e-14
402.774,1.38038e+19,3.39567e-14
431.580,1.38038e+19,3.33125e-14
462.446,1.38038e+19,3.26541e-14
495.520,1.38038e+19,3.19834e-14
530.959,1.38038e+19,3.13029e-14
568.933,1.38038e+19,3.06145e-14
609.623,1.38038e+19,2.99201e-14
653.223,1.38038e+19,2.92218e-14
699.941,1.38038e+19,2.85214e-14
750.000,1.38038e+19,2.78203e-14
0.750000,1.44544e+19,2.39292e-22
0.803639,1.44544e+19,7.88370e-22
0.861115,1.44544e+19,2.39314e-21
0.922702,1.44544e+19,6.72830e-21
0.988693,1.44544e+19,1.76108e-20
1.05940,1.44544e+19,4.31364e-20
1.13517,1.44544e+19,9.93913e-20
1.21636,1.44544e+19,2.16541e-19
1.30335,1.44544e+19,4.48406e-19
1.39657,1.44544e+19,8.87123e-19
1.49645,1.44544e+19,1.68420e-18
1.60347,1.44544e+19,3.07602e-18
1.71815,1.44544e+19,5.41684e-18
1.84103,1.44544e+19,9.21805e-18
1.97270,1.44544e+19,1.51929e-17
2.11379,1.44544e+19,2.43063e-17
2.26496,1.44544e+19,3.78315e-17
2.42695,1.44544e+19,5.74137e-17
2.60053,1.44544e+19,8.51484e-17
2.78651,1.44544e+19,1.23684e-16
2.98580,1.44544e+19,1.76286e-16
3.19935,1.44544e+19,2.46735e-16
3.42816,1.44544e+19,3.39320e-16
3.67334,1.44544e+19,4.58784e-16
3.93606,1.44544e+19,6.10230e-16
4.21756,1.44544e+19,7.98947e-16
4.51920,1.44544e+19,1.03025e-15
4.84241,1.44544e+19,1.30926e-15
5.18873,1.44544e+19,1.64069e-15
5.55983,1.44544e+19,2.02862e-15
5.95746,1.44544e+19,2.47637e-15
6.38354,1.44544e+19,2.98645e-15
6.84008,1.44544e+19,3.56043e-15
7.32928,1.44544e+19,4.19903e-15
7.85346,1.44544e+19,4.90205e-15
8.41514,1.44544e+19,5.66865e-15
9.01698,1.44544e+19,6.49735e-15
9.66187,1.44544e+19,7.38649e-15
10.3529,1.44544e+19,8.33431e-15
11.0933,1.44544e+19,9.33936e-15
11.8867,1.44544e+19,1.03999e-14
12.7368,1.44544e+19,1.15118e-14
13.6478,1.44544e+19,1.26699e-14
14.6238,1.44544e+19,1.38690e-14
15.6697,1.44544e+19,1.51032e-14
16.7904,1.44544e+19,1.63670e-14
17.9912,1.44544e+19,1.76546e-14
19.2780,1.44544e+19,1.89607e-14
20.6567,1.44544e+19,2.02805e-14
22.1341,1.44544e+19,2.16097e-14
23.7171,1.44544e+19,2.29437e-14
25.4133,1.44544e+19,2.42752e-14
27.2309,1.44544e+19,2.55959e-14
29.1784,1.44544e+19,2.68972e-14
31.2652,1.44544e+19,2.81708e-14
33.5013,1.44544e+19,2.94084e-14
35.8973,1.44544e+19,3.06013e-14
38.4646,1.44544e+19,3.17423e-14
41.2156,1.44544e+19,3.28232e-14
44.1633,1.44544e+19,3.38373e-14
47.3218,1.44544e+19,3.47787e-14
50.7062,1.44544e+19,3.56447e-14
54.3327,1.44544e+19,3.64338e-14
58.2185,1.44544e+19,3.71460e-14
62.3823,1.44544e+19,3.77818e-14
66.8438,1.44544e+19,3.83428e-14
71.6244,1.44544e+19,3.88313e-14
76.7470,1.44544e+19,3.92503e-14
82.2359,1.44544e+19,3.96039e-14
88.1173,1.44544e+19,3.98961e-14
94.4194,1.44544e+19,4.01307e-14
101.172,1.44544e+19,4.03088e-14
108.408,1.44544e+19,4.04308e-14
116.161,1.44544e+19,4.04973e-14
124.469,1.44544e+19,4.05089e-14
133.371,1.44544e+19,4.04672e-14
142.910,1.44544e+19,4.03732e-14
153.130,1.44544e+19,4.02285e-14
164.082,1.44544e+19,4.00347e-14
175.817,1.44544e+19,3.97938e-14
188.392,1.44544e+19,3.95076e-14
201.865,1.44544e+19,3.91784e-14
216.302,1.44544e+19,3.88082e-14
231.772,1.44544e+19,3.83994e-14
248.348,1.44544e+19,3.79547e-14
266.110,1.44544e+19,3.74759e-14
285.142,1.44544e+19,3.69661e-14
305.535,1.44544e+19,3.64271e-14
327.387,1.44544e+19,3.58621e-14
350.801,1.44544e+19,3.52731e-14
375.890,1.44544e+19,3.46628e-14
402.774,1.44544e+19,3.40334e-14
431.580,1.44544e+19,3.33875e-14
462.446,1.44544e+19,3.27272e-14
495.520,1.44544e+19,3.20551e-14
530.959,1.44544e+19,3.13729e-14
568.933,1.44544e+19,3.06832e-14
609.623,1.44544e+19,2.99876e-14
653.223,1.44544e+19,2.92881e-14
699.941,1.44544e+19,2.85870e-14
750.000,1.44544e+19,2.78851e-14
0.750000,1.51356e+19,2.44127e-22
0.803639,1.51356e+19,8.03689e-22
0.861115,1.51356e+19,2.43787e-21
0.922702,1.51356e+19,6.84929e-21
0.988693,1.51356e+19,1.79155e-20
1.05940,1.51356e+19,4.38548e-20
1.13517,1.51356e+19,1.00984e-19
1.21636,1.51356e+19,2.19879e-19
1.30335,1.51356e+19,4.55050e-19
1.39657,1.51356e+19,8.99757e-19
1.49645,1.51356e+19,1.70722e-18
1.60347,1.51356e+19,3.11635e-18
1.71815,1.51356e+19,5.48494e-18
1.84103,1.51356e+19,9.32895e-18
1.97270,1.51356e+19,1.53676e-17
2.11379,1.51356e+19,2.45735e-17
2.26496,1.51356e+19,3.82286e-17
2.42695,1.51356e+19,5.79885e-17
2.60053,1.51356e+19,8.59600e-17
2.78651,1.51356e+19,1.24806e-16
2.98580,1.51356e+19,1.77806e-16
3.19935,1.51356e+19,2.48755e-16
3.42816,1.51356e+19,3.41958e-16
3.67334,1.51356e+19,4.62171e-16
3.93606,1.51356e+19,6.14505e-16
4.21756,1.51356e+19,8.04268e-16
4.51920,1.51356e+19,1.03678e-15
4.84241,1.51356e+19,1.31719e-15
5.18873,1.51356e+19,1.65020e-15
5.55983,1.51356e+19,2.03993e-15
5.95746,1.51356e+19,2.48972e-15
6.38354,1.51356e+19,3.00209e-15
6.84008,1.51356e+19,3.57867e-15
7.32928,1.51356e+19,4.22009e-15
7.85346,1.51356e+19,4.92623e-15
8.41514,1.51356e+19,5.69622e-15
9.01698,1.51356e+19,6.52853e-15
9.66187,1.51356e+19,7.42149e-15
10.3529,1.51356e+19,8.37328e-15
11.0933,1.51356e+19,9.38242e-15
11.8867,1.51356e+19,1.04471e-14
12.7368,1.51356e+19,1.15631e-14
13.6478,1.51356e+19,1.27253e-14
14.6238,1.51356e+19,1.39283e-14
15.6697,1.51356e+19,1.51663e-14
16.7904,1.51356e+19,1.64337e-14
17.9912,1.51356e+19,1.77248e-14
19.2780,1.51356e+19,1.90344e-14
20.6567,1.51356e+19,2.03576e-14
22.1341,1.51356e+19,2.16901e-14
23.7171,1.51356e+19,2.30273e-14
25.4133,1.51356e+19,2.43623e-14
27.2309,1.51356e+19,2.56862e-14
29.1784,1.51356e+19,2.69908e-14
31.2652,1.51356e+19,2.82678e-14
33.5013,1.51356e+19,2.95084e-14
35.8973,1.51356e+19,3.07044e-14
38.4646,1.51356e+19,3.18481e-14
41.2156,1.51356e+19,3.29319e-14
44.1633,1.51356e+19,3.39486e-14
47.3218,1.51356e+19,3.48924e-14
50.7062,1.51356e+19,3.57603e-14
54.3327,1.51356e+19,3.65515e-14
58.2185,1.51356e+19,3.72653e-14
62.3823,1.51356e+19,3.79023e-14
66.8438,1.51356e+19,3.84643e-14
71.6244,1.51356e+19,3.89535e-14
76.7470,1.51356e+19,3.93731e-14
82.2359,1.51356e+19,3.97266e-14
88.1173,1.51356e+19,4.00186e-14
94.4194,1.51356e+19,4.02530e-14
101.172,1.51356e+19,4.04302e-14
108.408,1.51356e+19,4.05510e-14
116.161,1.51356e+19,4.06163e-14
124.469,1.51356e+19,4.06264e-14
133.371,1.51356e+19,4.05829e-14
142.910,1.51356e+19,4.04869e-14
153.130,1.51356e+19,4.03401e-14
164.082,1.51356e+19,4.01441e-14
175.817,1.51356e+19,3.99008e-14
188.392,1.51356e+19,3.96122e-14
201.865,1.51356e+19,3.92805e-14
216.302,1.51356e+19,3.89077e-14
231.772,1.51356e+19,3.84966e-14
248.348,1.51356e+19,3.80490e-14
266.110,1.51356e+19,3.75678e-14
285.142,1.51356e+19,3.70553e-14
305.535,1.51356e+19,3.65141e-14
327.387,1.51356e+19,3.59466e-14
350.801,1.51356e+19,3.53554e-14
375.890,1.51356e+19,3.47428e-14
402.774,1.51356e+19,3.41113e-14
431.580,1.51356e+19,3.34635e-14
462.446,1.51356e+19,3.28016e-14
495.520,1.51356e+19,3.21276e-14
530.959,1.51356e+19,3.14440e-14
568.933,1.51356e+19,3.07529e-14
609.623,1.51356e+19,3.00561e-14
653.223,1.51356e+19,2.93556e-14
699.941,1.51356e+19,2.86533e-14
750.000,1.51356e+19,2.79511e-14
0.750000,1.58490e+19,2.49109e-22
0.803639,1.58490e+19,8.19459e-22
0.861115,1.58490e+19,2.48391e-21
0.922702,1.58490e+19,6.97373e-21
0.988693,1.58490e+19,1.82288e-20
1.05940,1.58490e+19,4.45930e-20
1.13517,1.58490e+19,1.02620e-19
1.21636,1.58490e+19,2.23307e-19
1.30335,1.58490e+19,4.61874e-19
1.39657,1.58490e+19,9.12728e-19
1.49645,1.58490e+19,1.73087e-18
1.60347,1.58490e+19,3.15778e-18
1.71815,1.58490e+19,5.55487e-18
1.84103,1.58490e+19,9.44295e-18
1.97270,1.58490e+19,1.55474e-17
2.11379,1.58490e+19,2.48485e-17
2.26496,1.58490e+19,3.86370e-17
2.42695,1.58490e+19,5.85794e-17
2.60053,1.58490e+19,8.67950e-17
2.78651,1.58490e+19,1.25959e-16
2.98580,1.58490e+19,1.79367e-16
3.19935,1.58490e+19,2.50828e-16
3.42816,1.58490e+19,3.44660e-16
3.67334,1.58490e+19,4.65631e-16
3.93606,1.58490e+19,6.18869e-16
4.21756,1.58490e+19,8.09686e-16
4.51920,1.58490e+19,1.04342e-15
4.84241,1.58490e+19,1.32521e-15
5.18873,1.58490e+19,1.65982e-15
5.55983,1.58490e+19,2.05136e-15
5.95746,1.58490e+19,2.50321e-15
6.38354,1.58490e+19,3.01791e-15
6.84008,1.58490e+19,3.59705e-15
7.32928,1.58490e+19,4.24137e-15
7.85346,1.58490e+19,4.95068e-15
8.41514,1.58490e+19,5.72410e-15
9.01698,1.58490e+19,6.56017e-15
9.66187,1.58490e+19,7.45710e-15
10.3529,1.58490e+19,8.41301e-15
11.0933,1.58490e+19,9.42637e-15
11.8867,1.58490e+19,1.04953e-14
12.7368,1.58490e+19,1.16154e-14
13.6478,1.58490e+19,1.27818e-14
14.6238,1.58490e+19,1.39888e-14
15.6697,1.58490e+19,1.52308e-14
16.7904,1.58490e+19,1.65019e-14
17.9912,1.58490e+19,1.77967e-14
19.2780,1.58490e+19,1.91098e-14
20.6567,1.58490e+19,2.04364e-14
22.1341,1.58490e+19,2.17722e-14
23.7171,1.58490e+19,2.31131e-14
25.4133,1.58490e+19,2.44511e-14
27.2309,1.58490e+19,2.57784e-14
29.1784,1.58490e+19,2.70864e-14
31.2652,1.58490e+19,2.83663e-14
33.5013,1.58490e+19,2.96102e-14
35.8973,1.58490e+19,3.08093e-14
38.4646,1.58490e+19,3.19561e-14
41.2156,1.58490e+19,3.30425e-14
44.1633,1.58490e+19,3.40619e-14
47.3218,1.58490e+19,3.50081e-14
50.7062,1.58490e+19,3.58783e-14
54.3327,1.58490e+19,3.66713e-14
58.2185,1.58490e+19,3.73866e-14
62.3823,1.58490e+19,3.80250e-14
66.8438,1.58490e+19,3.85883e-14
71.6244,1.58490e+19,3.90785e-14
76.7470,1.58490e+19,3.94986e-14
82.2359,1.58490e+19,3.98522e-14
88.1173,1.58490e+19,4.01442e-14
94.4194,1.58490e+19,4.03778e-14
101.172,1.58490e+19,4.05545e-14
108.408,1.58490e+19,4.06742e-14
116.161,1.58490e+19,4.07381e-14
124.469,1.58490e+19,4.07466e-14
133.371,1.58490e+19,4.07014e-14
142.910,1.58490e+19,4.06034e-14
153.130,1.58490e+19,4.04544e-14
164.082,1.58490e+19,4.02562e-14
175.817,1.58490e+19,4.00104e-14
188.392,1.58490e+19,3.97192e-14
201.865,1.58490e+19,3.93848e-14
216.302,1.58490e+19,3.90096e-14
231.772,1.58490e+19,3.85956e-14
248.348,1.58490e+19,3.81454e-14
266.110,1.58490e+19,3.76615e-14
285.142,1.58490e+19,3.71466e-14
305.535,1.58490e+19,3.66028e-14
327.387,1.58490e+19,3.60328e-14
350.801,1.58490e+19,3.54392e-14
375.890,1.58490e+19,3.48243e-14
402.774,1.58490e+19,3.41908e-14
431.580,1.58490e+19,3.35410e-14
462.446,1.58490e+19,3.28772e-14
495.520,1.58490e+19,3.22015e-14
530.959,1.58490e+19,3.15163e-14
568.933,1.58490e+19,3.08236e-14
609.623,1.58490e+19,3.01256e-14
653.223,1.58490e+19,2.94241e-14
699.941,1.58490e+19,2.87209e-14
750.000,1.58490e+19,2.80179e-14
0.750000,1.65958e+19,2.54239e-22
0.803639,1.65958e+19,8.35694e-22
0.861115,1.65958e+19,2.53126e-21
0.922702,1.65958e+19,7.10166e-21
0.988693,1.65958e+19,1.85507e-20
1.05940,1.65958e+19,4.53511e-20
1.13517,1.65958e+19,1.04299e-19
1.21636,1.65958e+19,2.26824e-19
1.30335,1.65958e+19,4.68876e-19
1.39657,1.65958e+19,9.26041e-19
1.49645,1.65958e+19,1.75513e-18
1.60347,1.65958e+19,3.20030e-18
1.71815,1.65958e+19,5.62670e-18
1.84103,1.65958e+19,9.55998e-18
1.97270,1.65958e+19,1.57320e-17
2.11379,1.65958e+19,2.51309e-17
2.26496,1.65958e+19,3.90569e-17
2.42695,1.65958e+19,5.91868e-17
2.60053,1.65958e+19,8.76531e-17
2.78651,1.65958e+19,1.27143e-16
2.98580,1.65958e+19,1.80969e-16
3.19935,1.65958e+19,2.52953e-16
3.42816,1.65958e+19,3.47424e-16
3.67334,1.65958e+19,4.69170e-16
3.93606,1.65958e+19,6.23321e-16
4.21756,1.65958e+19,8.15205e-16
4.51920,1.65958e+19,1.05016e-15
4.84241,1.65958e+19,1.33337e-15
5.18873,1.65958e+19,1.66957e-15
5.55983,1.65958e+19,2.06292e-15
5.95746,1.65958e+19,2.51683e-15
6.38354,1.65958e+19,3.03385e-15
6.84008,1.65958e+19,3.61565e-15
7.32928,1.65958e+19,4.26289e-15
7.85346,1.65958e+19,4.97545e-15
8.41514,1.65958e+19,5.75239e-15
9.01698,1.65958e+19,6.59230e-15
9.66187,1.65958e+19,7.49326e-15
10.3529,1.65958e+19,8.45342e-15
11.0933,1.65958e+19,9.47114e-15
11.8867,1.65958e+19,1.05444e-14
12.7368,1.65958e+19,1.16690e-14
13.6478,1.65958e+19,1.28396e-14
14.6238,1.65958e+19,1.40507e-14
15.6697,1.65958e+19,1.52967e-14
16.7904,1.65958e+19,1.65718e-14
17.9912,1.65958e+19,1.78703e-14
19.2780,1.65958e+19,1.91870e-14
20.6567,1.65958e+19,2.05171e-14
22.1341,1.65958e+19,2.18563e-14
23.7171,1.65958e+19,2.32005e-14
25.4133,1.65958e+19,2.45420e-14
27.2309,1.65958e+19,2.58726e-14
29.1784,1.65958e+19,2.71839e-14
31.2652,1.65958e+19,2.84673e-14
33.5013,1.65958e+19,2.97142e-14
35.8973,1.65958e+19,3.09165e-14
38.4646,1.65958e+19,3.20661e-14
41.2156,1.65958e+19,3.31555e-14
44.1633,1.65958e+19,3.41773e-14
47.3218,1.65958e+19,3.51261e-14
50.7062,1.65958e+19,3.59985e-14
54.3327,1.65958e+19,3.67935e-14
58.2185,1.65958e+19,3.75106e-14
62.3823,1.65958e+19,3.81505e-14
66.8438,1.65958e+19,3.87149e-14
71.6244,1.65958e+19,3.92057e-14
76.7470,1.65958e+19,3.96264e-14
82.2359,1.65958e+19,3.99804e-14
88.1173,1.65958e+19,4.02722e-14
94.4194,1.65958e+19,4.05053e-14
101.172,1.65958e+19,4.06811e-14
108.408,1.65958e+19,4.07998e-14
116.161,1.65958e+19,4.08623e-14
124.469,1.65958e+19,4.08694e-14
133.371,1.65958e+19,4.08223e-14
142.910,1.65958e+19,4.07224e-14
153.130,1.65958e+19,4.05710e-14
164.082,1.65958e+19,4.03704e-14
175.817,1.65958e+19,4.01221e-14
188.392,1.65958e+19,3.98284e-14
201.865,1.65958e+19,3.94915e-14
216.302,1.65958e+19,3.91134e-14
231.772,1.65958e+19,3.86965e-14
248.348,1.65958e+19,3.82438e-14
266.110,1.65958e+19,3.77572e-14
285.142,1.65958e+19,3.72396e-14
305.535,1.65958e+19,3.66932e-14
327.387,1.65958e+19,3.61206e-14
350.801,1.65958e+19,3.55245e-14
375.890,1.65958e+19,3.49074e-14
402.774,1.65958e+19,3.42717e-14
431.580,1.65958e+19,3.36198e-14
462.446,1.65958e+19,3.29540e-14
495.520,1.65958e+19,3.22766e-14
530.959,1.65958e+19,3.15898e-14
568.933,1.65958e+19,3.08957e-14
609.623,1.65958e+19,3.01965e-14
653.223,1.65958e+19,2.94940e-14
699.941,1.65958e+19,2.87898e-14
750.000,1.65958e+19,2.80859e-14
0.750000,1.73780e+19,2.59532e-22
0.803639,1.73780e+19,8.52427e-22
0.861115,1.73780e+19,2.58002e-21
0.922702,1.73780e+19,7.23333e-21
0.988693,1.73780e+19,1.88818e-20
1.05940,1.73780e+19,4.61307e-20
1.13517,1.73780e+19,1.06025e-19
1.21636,1.73780e+19,2.30441e-19
1.30335,1.73780e+19,4.76072e-19
1.39657,1.73780e+19,9.39713e-19
1.49645,1.73780e+19,1.78006e-18
1.60347,1.73780e+19,3.24401e-18
1.71815,1.73780e+19,5.70047e-18
1.84103,1.73780e+19,9.68035e-18
1.97270,1.73780e+19,1.59219e-17
2.11379,1.73780e+19,2.54214e-17
2.26496,1.73780e+19,3.94888e-17
2.42695,1.73780e+19,5.98121e-17
2.60053,1.73780e+19,8.85359e-17
2.78651,1.73780e+19,1.28361e-16
2.98580,1.73780e+19,1.82616e-16
3.19935,1.73780e+19,2.55135e-16
3.42816,1.73780e+19,3.50260e-16
3.67334,1.73780e+19,4.72794e-16
3.93606,1.73780e+19,6.27869e-16
4.21756,1.73780e+19,8.20832e-16
4.51920,1.73780e+19,1.05704e-15
4.84241,1.73780e+19,1.34164e-15
5.18873,1.73780e+19,1.67945e-15
5.55983,1.73780e+19,2.07464e-15
5.95746,1.73780e+19,2.53062e-15
6.38354,1.73780e+19,3.05002e-15
6.84008,1.73780e+19,3.63445e-15
7.32928,1.73780e+19,4.28467e-15
7.85346,1.73780e+19,5.00054e-15
8.41514,1.73780e+19,5.78112e-15
9.01698,1.73780e+19,6.62490e-15
9.66187,1.73780e+19,7.52999e-15
10.3529,1.73780e+19,8.49460e-15
11.0933,1.73780e+19,9.51677e-15
11.8867,1.73780e+19,1.05946e-14
12.7368,1.73780e+19,1.17236e-14
13.6478,1.73780e+19,1.28986e-14
14.6238,1.73780e+19,1.41141e-14
15.6697,1.73780e+19,1.53642e-14
16.7904,1.73780e+19,1.66433e-14
17.9912,1.73780e+19,1.79456e-14
19.2780,1.73780e+19,1.92659e-14
20.6567,1.73780e+19,2.05996e-14
22.1341,1.73780e+19,2.19424e-14
23.7171,1.73780e+19,2.32899e-14
25.4133,1.73780e+19,2.46350e-14
27.2309,1.73780e+19,2.59689e-14
29.1784,1.73780e+19,2.72836e-14
31.2652,1.73780e+19,2.85702e-14
33.5013,1.73780e+19,2.98203e-14
35.8973,1.73780e+19,3.10258e-14
38.4646,1.73780e+19,3.21784e-14
41.2156,1.73780e+19,3.32706e-14
44.1633,1.73780e+19,3.42952e-14
47.3218,1.73780e+19,3.52463e-14
50.7062,1.73780e+19,3.61209e-14
54.3327,1.73780e+19,3.69178e-14
58.2185,1.73780e+19,3.76368e-14
62.3823,1.73780e+19,3.82783e-14
66.8438,1.73780e+19,3.88439e-14
71.6244,1.73780e+19,3.93357e-14
76.7470,1.73780e+19,3.97570e-14
82.2359,1.73780e+19,4.01111e-14
88.1173,1.73780e+19,4.04029e-14
94.4194,1.73780e+19,4.06358e-14
101.172,1.73780e+19,4.08108e-14
108.408,1.73780e+19,4.09284e-14
116.161,1.73780e+19,4.09895e-14
124.469,1.73780e+19,4.09950e-14
133.371,1.73780e+19,4.09460e-14
142.910,1.73780e+19,4.08439e-14
153.130,1.73780e+19,4.06905e-14
164.082,1.73780e+19,4.04874e-14
175.817,1.73780e+19,4.02366e-14
188.392,1.73780e+19,3.99401e-14
201.865,1.73780e+19,3.96003e-14
216.302,1.73780e+19,3.92194e-14
231.772,1.73780e+19,3.87999e-14
248.348,1.73780e+19,3.83442e-14
266.110,1.73780e+19,3.78548e-14
285.142,1.73780e+19,3.73344e-14
305.535,1.73780e+19,3.67852e-14
327.387,1.73780e+19,3.62100e-14
350.801,1.73780e+19,3.56116e-14
375.890,1.73780e+19,3.49921e-14
402.774,1.73780e+19,3.43540e-14
431.580,1.73780e+19,3.37001e-14
462.446,1.73780e+19,3.30324e-14
495.520,1.73780e+19,3.23531e-14
530.959,1.73780e+19,3.16646e-14
568.933,1.73780e+19,3.09691e-14
609.623,1.73780e+19,3.02685e-14
653.223,1.73780e+19,2.95648e-14
699.941,1.73780e+19,2.88600e-14
750.000,1.73780e+19,2.81551e-14
0.750000,1.81970e+19,2.64986e-22
0.803639,1.81970e+19,8.69655e-22
0.861115,1.81970e+19,2.63020e-21
0.922702,1.81970e+19,7.36879e-21
0.988693,1.81970e+19,1.92224e-20
1.05940,1.81970e+19,4.69319e-20
1.13517,1.81970e+19,1.07800e-19
1.21636,1.81970e+19,2.34154e-19
1.30335,1.81970e+19,4.83461e-19
1.39657,1.81970e+19,9.53750e-19
1.49645,1.81970e+19,1.80565e-18
1.60347,1.81970e+19,3.28887e-18
1.71815,1.81970e+19,5.77624e-18
1.84103,1.81970e+19,9.80392e-18
1.97270,1.81970e+19,1.61169e-17
2.11379,1.81970e+19,2.57199e-17
2.26496,1.81970e+19,3.99322e-17
2.42695,1.81970e+19,6.04542e-17
2.60053,1.81970e+19,8.94426e-17
2.78651,1.81970e+19,1.29613e-16
2.98580,1.81970e+19,1.84305e-16
3.19935,1.81970e+19,2.57371e-16
3.42816,1.81970e+19,3.53166e-16
3.67334,1.81970e+19,4.76495e-16
3.93606,1.81970e+19,6.32511e-16
4.21756,1.81970e+19,8.26566e-16
4.51920,1.81970e+19,1.06402e-15
4.84241,1.81970e+19,1.35006e-15
5.18873,1.81970e+19,1.68948e-15
5.55983,1.81970e+19,2.08651e-15
5.95746,1.81970e+19,2.54459e-15
6.38354,1.81970e+19,3.06636e-15
6.84008,1.81970e+19,3.65351e-15
7.32928,1.81970e+19,4.30676e-15
7.85346,1.81970e+19,5.02600e-15
8.41514,1.81970e+19,5.81026e-15
9.01698,1.81970e+19,6.65806e-15
9.66187,1.81970e+19,7.56746e-15
10.3529,1.81970e+19,8.53651e-15
11.0933,1.81970e+19,9.56328e-15
11.8867,1.81970e+19,1.06458e-14
12.7368,1.81970e+19,1.17794e-14
13.6478,1.81970e+19,1.29589e-14
14.6238,1.81970e+19,1.41788e-14
15.6697,1.81970e+19,1.54332e-14
16.7904,1.81970e+19,1.67163e-14
17.9912,1.81970e+19,1.80225e-14
19.2780,1.81970e+19,1.93467e-14
20.6567,1.81970e+19,2.06839e-14
22.1341,1.81970e+19,2.20303e-14
23.7171,1.81970e+19,2.33814e-14
25.4133,1.81970e+19,2.47298e-14
27.2309,1.81970e+19,2.60673e-14
29.1784,1.81970e+19,2.73855e-14
31.2652,1.81970e+19,2.86753e-14
33.5013,1.81970e+19,2.99286e-14
35.8973,1.81970e+19,3.11372e-14
38.4646,1.81970e+19,3.22928e-14
41.2156,1.81970e+19,3.33882e-14
44.1633,1.81970e+19,3.44153e-14
47.3218,1.81970e+19,3.53690e-14
50.7062,1.81970e+19,3.62459e-14
54.3327,1.81970e+19,3.70450e-14
58.2185,1.81970e+19,3.77658e-14
62.3823,1.81970e+19,3.84089e-14
66.8438,1.81970e+19,3.89757e-14
71.6244,1.81970e+19,3.94683e-14
76.7470,1.81970e+19,3.98903e-14
82.2359,1.81970e+19,4.02449e-14
88.1173,1.81970e+19,4.05365e-14
94.4194,1.81970e+19,4.07690e-14
101.172,1.81970e+19,4.09433e-14
108.408,1.81970e+19,4.10599e-14
116.161,1.81970e+19,4.11196e-14
124.469,1.81970e+19,4.11233e-14
133.371,1.81970e+19,4.10725e-14
142.910,1.81970e+19,4.09682e-14
153.130,1.81970e+19,4.08125e-14
164.082,1.81970e+19,4.06069e-14
175.817,1.81970e+19,4.03534e-14
188.392,1.81970e+19,4.00541e-14
201.865,1.81970e+19,3.97114e-14
216.302,1.81970e+19,3.93277e-14
231.772,1.81970e+19,3.89053e-14
248.348,1.81970e+19,3.84467e-14
266.110,1.81970e+19,3.79545e-14
285.142,1.81970e+19,3.74311e-14
305.535,1.81970e+19,3.68792e-14
327.387,1.81970e+19,3.63015e-14
350.801,1.81970e+19,3.57002e-14
375.890,1.81970e+19,3.50782e-14
402.774,1.81970e+19,3.44380e-14
431.580,1.81970e+19,3.37817e-14
462.446,1.81970e+19,3.31120e-14
495.520,1.81970e+19,3.24309e-14
530.959,1.81970e+19,3.17408e-14
568.933,1.81970e+19,3.10438e-14
609.623,1.81970e+19,3.03419e-14
653.223,1.81970e+19,2.96371e-14
699.941,1.81970e+19,2.89311e-14
750.000,1.81970e+19,2.82255e-14
0.750000,1.90546e+19,2.70611e-22
0.803639,1.90546e+19,8.87420e-22
0.861115,1.90546e+19,2.68190e-21
0.922702,1.90546e+19,7.50826e-21
0.988693,1.90546e+19,1.95728e-20
1.05940,1.90546e+19,4.77562e-20
1.13517,1.90546e+19,1.09624e-19
1.21636,1.90546e+19,2.37970e-19
1.30335,1.90546e+19,4.91053e-19
1.39657,1.90546e+19,9.68186e-19
1.49645,1.90546e+19,1.83196e-18
1.60347,1.90546e+19,3.33498e-18
1.71815,1.90546e+19,5.85412e-18
1.84103,1.90546e+19,9.93095e-18
1.97270,1.90546e+19,1.63175e-17
2.11379,1.90546e+19,2.60267e-17
2.26496,1.90546e+19,4.03885e-17
2.42695,1.90546e+19,6.11148e-17
2.60053,1.90546e+19,9.03745e-17
2.78651,1.90546e+19,1.30899e-16
2.98580,1.90546e+19,1.86042e-16
3.19935,1.90546e+19,2.59667e-16
3.42816,1.90546e+19,3.56144e-16
3.67334,1.90546e+19,4.80285e-16
3.93606,1.90546e+19,6.37258e-16
4.21756,1.90546e+19,8.32420e-16
4.51920,1.90546e+19,1.07113e-15
4.84241,1.90546e+19,1.35860e-15
5.18873,1.90546e+19,1.69965e-15
5.55983,1.90546e+19,2.09852e-15
5.95746,1.90546e+19,2.55873e-15
6.38354,1.90546e+19,3.08291e-15
6.84008,1.90546e+19,3.67278e-15
7.32928,1.90546e+19,4.32915e-15
7.85346,1.90546e+19,5.05175e-15
8.41514,1.90546e+19,5.83985e-15
9.01698,1.90546e+19,6.69172e-15
9.66187,1.90546e+19,7.60554e-15
10.3529,1.90546e+19,8.57917e-15
11.0933,1.90546e+19,9.61079e-15
11.8867,1.90546e+19,1.06980e-14
12.7368,1.90546e+19,1.18363e-14
13.6478,1.90546e+19,1.30205e-14
14.6238,1.90546e+19,1.42450e-14
15.6697,1.90546e+19,1.55037e-14
16.7904,1.90546e+19,1.67910e-14
17.9912,1.90546e+19,1.81012e-14
19.2780,1.90546e+19,1.94293e-14
20.6567,1.90546e+19,2.07702e-14
22.1341,1.90546e+19,2.21201e-14
23.7171,1.90546e+19,2.34748e-14
25.4133,1.90546e+19,2.48268e-14
27.2309,1.90546e+19,2.61679e-14
29.1784,1.90546e+19,2.74893e-14
31.2652,1.90546e+19,2.87825e-14
33.5013,1.90546e+19,3.00392e-14
35.8973,1.90546e+19,3.12509e-14
38.4646,1.90546e+19,3.24095e-14
41.2156,1.90546e+19,3.35077e-14
44.1633,1.90546e+19,3.45377e-14
47.3218,1.90546e+19,3.54938e-14
50.7062,1.90546e+19,3.63733e-14
54.3327,1.90546e+19,3.71744e-14
58.2185,1.90546e+19,3.78969e-14
62.3823,1.90546e+19,3.85419e-14
66.8438,1.90546e+19,3.91100e-14
71.6244,1.90546e+19,3.96038e-14
76.7470,1.90546e+19,4.00265e-14
82.2359,1.90546e+19,4.03814e-14
88.1173,1.90546e+19,4.06729e-14
94.4194,1.90546e+19,4.09049e-14
101.172,1.90546e+19,4.10786e-14
108.408,1.90546e+19,4.11941e-14
116.161,1.90546e+19,4.12524e-14
124.469,1.90546e+19,4.12544e-14
133.371,1.90546e+19,4.12017e-14
142.910,1.90546e+19,4.10951e-14
153.130,1.90546e+19,4.09368e-14
164.082,1.90546e+19,4.07287e-14
175.817,1.90546e+19,4.04725e-14
188.392,1.90546e+19,4.01706e-14
201.865,1.90546e+19,3.98251e-14
216.302,1.90546e+19,3.94382e-14
231.772,1.90546e+19,3.90128e-14
248.348,1.90546e+19,3.85513e-14
266.110,1.90546e+19,3.80559e-14
285.142,1.90546e+19,3.75297e-14
305.535,1.90546e+19,3.69751e-14
327.387,1.90546e+19,3.63945e-14
350.801,1.90546e+19,3.57907e-14
375.890,1.90546e+19,3.51662e-14
402.774,1.90546e+19,3.45235e-14
431.580,1.90546e+19,3.38650e-14
462.446,1.90546e+19,3.31931e-14
495.520,1.90546e+19,3.25103e-14
530.959,1.90546e+19,3.18185e-14
568.933,1.90546e+19,3.11198e-14
609.623,1.90546e+19,3.04165e-14
653.223,1.90546e+19,2.97106e-14
699.941,1.90546e+19,2.90037e-14
750.000,1.90546e+19,2.82974e-14
0.750000,1.99526e+19,2.76412e-22
0.803639,1.99526e+19,9.05724e-22
0.861115,1.99526e+19,2.73517e-21
0.922702,1.99526e+19,7.65185e-21
0.988693,1.99526e+19,1.99333e-20
1.05940,1.99526e+19,4.86036e-20
1.13517,1.99526e+19,1.11499e-19
1.21636,1.99526e+19,2.41894e-19
1.30335,1.99526e+19,4.98853e-19
1.39657,1.99526e+19,9.83005e-19
1.49645,1.99526e+19,1.85898e-18
1.60347,1.99526e+19,3.38234e-18
1.71815,1.99526e+19,5.93419e-18
1.84103,1.99526e+19,1.00615e-17
1.97270,1.99526e+19,1.65236e-17
2.11379,1.99526e+19,2.63420e-17
2.26496,1.99526e+19,4.08576e-17
2.42695,1.99526e+19,6.17932e-17
2.60053,1.99526e+19,9.13328e-17
2.78651,1.99526e+19,1.32220e-16
2.98580,1.99526e+19,1.87824e-16
3.19935,1.99526e+19,2.62021e-16
3.42816,1.99526e+19,3.59193e-16
3.67334,1.99526e+19,4.84166e-16
3.93606,1.99526e+19,6.42109e-16
4.21756,1.99526e+19,8.38386e-16
4.51920,1.99526e+19,1.07839e-15
4.84241,1.99526e+19,1.36731e-15
5.18873,1.99526e+19,1.71000e-15
5.55983,1.99526e+19,2.11074e-15
5.95746,1.99526e+19,2.57308e-15
6.38354,1.99526e+19,3.09970e-15
6.84008,1.99526e+19,3.69236e-15
7.32928,1.99526e+19,4.35181e-15
7.85346,1.99526e+19,5.07797e-15
8.41514,1.99526e+19,5.86989e-15
9.01698,1.99526e+19,6.72599e-15
9.66187,1.99526e+19,7.64429e-15
10.3529,1.99526e+19,8.62271e-15
11.0933,1.99526e+19,9.65916e-15
11.8867,1.99526e+19,1.07513e-14
12.7368,1.99526e+19,1.18945e-14
13.6478,1.99526e+19,1.30835e-14
14.6238,1.99526e+19,1.43125e-14
15.6697,1.99526e+19,1.55758e-14
16.7904,1.99526e+19,1.68675e-14
17.9912,1.99526e+19,1.81818e-14
19.2780,1.99526e+19,1.95137e-14
20.6567,1.99526e+19,2.08584e-14
22.1341,1.99526e+19,2.22121e-14
23.7171,1.99526e+19,2.35704e-14
25.4133,1.99526e+19,2.49260e-14
27.2309,1.99526e+19,2.62706e-14
29.1784,1.99526e+19,2.75954e-14
31.2652,1.99526e+19,2.88922e-14
33.5013,1.99526e+19,3.01522e-14
35.8973,1.99526e+19,3.13670e-14
38.4646,1.99526e+19,3.25288e-14
41.2156,1.99526e+19,3.36299e-14
44.1633,1.99526e+19,3.46626e-14
47.3218,1.99526e+19,3.56214e-14
50.7062,1.99526e+19,3.65032e-14
54.3327,1.99526e+19,3.73067e-14
58.2185,1.99526e+19,3.80313e-14
62.3823,1.99526e+19,3.86777e-14
66.8438,1.99526e+19,3.92472e-14
71.6244,1.99526e+19,3.97423e-14
76.7470,1.99526e+19,4.01655e-14
82.2359,1.99526e+19,4.05210e-14
88.1173,1.99526e+19,4.08125e-14
94.4194,1.99526e+19,4.10443e-14
101.172,1.99526e+19,4.12171e-14
108.408,1.99526e+19,4.13314e-14
116.161,1.99526e+19,4.13882e-14
124.469,1.99526e+19,4.13885e-14
133.371,1.99526e+19,4.13338e-14
142.910,1.99526e+19,4.12250e-14
153.130,1.99526e+19,4.10643e-14
164.082,1.99526e+19,4.08535e-14
175.817,1.99526e+19,4.05945e-14
188.392,1.99526e+19,4.02896e-14
201.865,1.99526e+19,3.99411e-14
216.302,1.99526e+19,3.95513e-14
231.772,1.99526e+19,3.91228e-14
248.348,1.99526e+19,3.86580e-14
266.110,1.99526e+19,3.81598e-14
285.142,1.99526e+19,3.76305e-14
305.535,1.99526e+19,3.70729e-14
327.387,1.99526e+19,3.64895e-14
350.801,1.99526e+19,3.58830e-14
375.890,1.99526e+19,3.52560e-14
402.774,1.99526e+19,3.46107e-14
431.580,1.99526e+19,3.39500e-14
462.446,1.99526e+19,3.32761e-14
495.520,1.99526e+19,3.25912e-14
530.959,1.99526e+19,3.18976e-14
568.933,1.99526e+19,3.11974e-14
609.623,1.99526e+19,3.04928e-14
653.223,1.99526e+19,2.97856e-14
699.941,1.99526e+19,2.90776e-14
750.000,1.99526e+19,2.83707e-14
0.750000,2.08929e+19,2.82397e-22
0.803639,2.08929e+19,9.24589e-22
0.861115,2.08929e+19,2.79004e-21
0.922702,2.08929e+19,7.79967e-21
0.988693,2.08929e+19,2.03044e-20
1.05940,2.08929e+19,4.94754e-20
1.13517,2.08929e+19,1.13427e-19
1.21636,2.08929e+19,2.45926e-19
1.30335,2.08929e+19,5.06871e-19
1.39657,2.08929e+19,9.98238e-19
1.49645,2.08929e+19,1.88674e-18
1.60347,2.08929e+19,3.43100e-18
1.71815,2.08929e+19,6.01636e-18
1.84103,2.08929e+19,1.01956e-17
1.97270,2.08929e+19,1.67353e-17
2.11379,2.08929e+19,2.66662e-17
2.26496,2.08929e+19,4.13395e-17
2.42695,2.08929e+19,6.24911e-17
2.60053,2.08929e+19,9.23167e-17
2.78651,2.08929e+19,1.33576e-16
2.98580,2.08929e+19,1.89653e-16
3.19935,2.08929e+19,2.64436e-16
3.42816,2.08929e+19,3.62320e-16
3.67334,2.08929e+19,4.88137e-16
3.93606,2.08929e+19,6.47066e-16
4.21756,2.08929e+19,8.44481e-16
4.51920,2.08929e+19,1.08577e-15
4.84241,2.08929e+19,1.37616e-15
5.18873,2.08929e+19,1.72050e-15
5.55983,2.08929e+19,2.12311e-15
5.95746,2.08929e+19,2.58764e-15
6.38354,2.08929e+19,3.11673e-15
6.84008,2.08929e+19,3.71218e-15
7.32928,2.08929e+19,4.37483e-15
7.85346,2.08929e+19,5.10458e-15
8.41514,2.08929e+19,5.90045e-15
9.01698,2.08929e+19,6.76087e-15
9.66187,2.08929e+19,7.68378e-15
10.3529,2.08929e+19,8.66707e-15
11.0933,2.08929e+19,9.70851e-15
11.8867,2.08929e+19,1.08057e-14
12.7368,2.08929e+19,1.19539e-14
13.6478,2.08929e+19,1.31478e-14
14.6238,2.08929e+19,1.43817e-14
15.6697,2.08929e+19,1.56495e-14
16.7904,2.08929e+19,1.69456e-14
17.9912,2.08929e+19,1.82641e-14
19.2780,2.08929e+19,1.96000e-14
20.6567,2.08929e+19,2.09486e-14
22.1341,2.08929e+19,2.23060e-14
23.7171,2.08929e+19,2.36679e-14
25.4133,2.08929e+19,2.50273e-14
27.2309,2.08929e+19,2.63754e-14
29.1784,2.08929e+19,2.77038e-14
31.2652,2.08929e+19,2.90039e-14
33.5013,2.08929e+19,3.02673e-14
35.8973,2.08929e+19,3.14854e-14
38.4646,2.08929e+19,3.26501e-14
41.2156,2.08929e+19,3.37541e-14
44.1633,2.08929e+19,3.47899e-14
47.3218,2.08929e+19,3.57514e-14
50.7062,2.08929e+19,3.66355e-14
54.3327,2.08929e+19,3.74413e-14
58.2185,2.08929e+19,3.81680e-14
62.3823,2.08929e+19,3.88161e-14
66.8438,2.08929e+19,3.93869e-14
71.6244,2.08929e+19,3.98831e-14
76.7470,2.08929e+19,4.03072e-14
82.2359,2.08929e+19,4.06631e-14
88.1173,2.08929e+19,4.09547e-14
94.4194,2.08929e+19,4.11863e-14
101.172,2.08929e+19,4.13582e-14
108.408,2.08929e+19,4.14715e-14
116.161,2.08929e+19,4.15270e-14
124.469,2.08929e+19,4.15254e-14
133.371,2.08929e+19,4.14685e-14
142.910,2.08929e+19,4.13575e-14
153.130,2.08929e+19,4.11943e-14
164.082,2.08929e+19,4.09809e-14
175.817,2.08929e+19,4.07190e-14
188.392,2.08929e+19,4.04112e-14
201.865,2.08929e+19,4.00596e-14
216.302,2.08929e+19,3.96667e-14
231.772,2.08929e+19,3.92351e-14
248.348,2.08929e+19,3.87674e-14
266.110,2.08929e+19,3.82659e-14
285.142,2.08929e+19,3.77333e-14
305.535,2.08929e+19,3.71727e-14
327.387,2.08929e+19,3.65865e-14
350.801,2.08929e+19,3.59771e-14
375.890,2.08929e+19,3.53474e-14
402.774,2.08929e+19,3.46999e-14
431.580,2.08929e+19,3.40366e-14
462.446,2.08929e+19,3.33606e-14
495.520,2.08929e+19,3.26735e-14
530.959,2.08929e+19,3.19782e-14
568.933,2.08929e+19,3.12765e-14
609.623,2.08929e+19,3.05705e-14
653.223,2.08929e+19,2.98620e-14
699.941,2.08929e+19,2.91530e-14
750.000,2.08929e+19,2.84454e-14
0.750000,2.18776e+19,2.88575e-22
0.803639,2.18776e+19,9.44066e-22
0.861115,2.18776e+19,2.84660e-21
0.922702,2.18776e+19,7.95202e-21
0.988693,2.18776e+19,2.06864e-20
1.05940,2.18776e+19,5.03727e-20
1.13517,2.18776e+19,1.15409e-19
1.21636,2.18776e+19,2.50072e-19
1.30335,2.18776e+19,5.15117e-19
1.39657,2.18776e+19,1.01388e-18
1.49645,2.18776e+19,1.91527e-18
1.60347,2.18776e+19,3.48102e-18
1.71815,2.18776e+19,6.10087e-18
1.84103,2.18776e+19,1.03335e-17
1.97270,2.18776e+19,1.69530e-17
2.11379,2.18776e+19,2.69996e-17
2.26496,2.18776e+19,4.18351e-17
2.42695,2.18776e+19,6.32082e-17
2.60053,2.18776e+19,9.33287e-17
2.78651,2.18776e+19,1.34970e-16
2.98580,2.18776e+19,1.91531e-16
3.19935,2.18776e+19,2.66914e-16
3.42816,2.18776e+19,3.65525e-16
3.67334,2.18776e+19,4.92202e-16
3.93606,2.18776e+19,6.52136e-16
4.21756,2.18776e+19,8.50702e-16
4.51920,2.18776e+19,1.09330e-15
4.84241,2.18776e+19,1.38517e-15
5.18873,2.18776e+19,1.73119e-15
5.55983,2.18776e+19,2.13571e-15
5.95746,2.18776e+19,2.60241e-15
6.38354,2.18776e+19,3.13400e-15
6.84008,2.18776e+19,3.73234e-15
7.32928,2.18776e+19,4.39823e-15
7.85346,2.18776e+19,5.13158e-15
8.41514,2.18776e+19,5.93146e-15
9.01698,2.18776e+19,6.79630e-15
9.66187,2.18776e+19,7.72402e-15
10.3529,2.18776e+19,8.71225e-15
11.0933,2.18776e+19,9.75893e-15
11.8867,2.18776e+19,1.08612e-14
12.7368,2.18776e+19,1.20146e-14
13.6478,2.18776e+19,1.32136e-14
14.6238,2.18776e+19,1.44523e-14
15.6697,2.18776e+19,1.57249e-14
16.7904,2.18776e+19,1.70254e-14
17.9912,2.18776e+19,1.83483e-14
19.2780,2.18776e+19,1.96884e-14
20.6567,2.18776e+19,2.10409e-14
22.1341,2.18776e+19,2.24020e-14
23.7171,2.18776e+19,2.37679e-14
25.4133,2.18776e+19,2.51309e-14
27.2309,2.18776e+19,2.64825e-14
29.1784,2.18776e+19,2.78146e-14
31.2652,2.18776e+19,2.91182e-14
33.5013,2.18776e+19,3.03849e-14
35.8973,2.18776e+19,3.16062e-14
38.4646,2.18776e+19,3.27741e-14
41.2156,2.18776e+19,3.38809e-14
44.1633,2.18776e+19,3.49196e-14
47.3218,2.18776e+19,3.58838e-14
50.7062,2.18776e+19,3.67706e-14
54.3327,2.18776e+19,3.75786e-14
58.2185,2.18776e+19,3.83074e-14
62.3823,2.18776e+19,3.89571e-14
66.8438,2.18776e+19,3.95298e-14
71.6244,2.18776e+19,4.00271e-14
76.7470,2.18776e+19,4.04521e-14
82.2359,2.18776e+19,4.08084e-14
88.1173,2.18776e+19,4.11002e-14
94.4194,2.18776e+19,4.13312e-14
101.172,2.18776e+19,4.15024e-14
108.408,2.18776e+19,4.16147e-14
116.161,2.18776e+19,4.16688e-14
124.469,2.18776e+19,4.16656e-14
133.371,2.18776e+19,4.16065e-14
142.910,2.18776e+19,4.14932e-14
153.130,2.18776e+19,4.13275e-14
164.082,2.18776e+19,4.11112e-14
175.817,2.18776e+19,4.08463e-14
188.392,2.18776e+19,4.05354e-14
201.865,2.18776e+19,4.01807e-14
216.302,2.18776e+19,3.97847e-14
231.772,2.18776e+19,3.93498e-14
248.348,2.18776e+19,3.88787e-14
266.110,2.18776e+19,3.83740e-14
285.142,2.18776e+19,3.78386e-14
305.535,2.18776e+19,3.72749e-14
327.387,2.18776e+19,3.66856e-14
350.801,2.18776e+19,3.60733e-14
375.890,2.18776e+19,3.54409e-14
402.774,2.18776e+19,3.47906e-14
431.580,2.18776e+19,3.41252e-14
462.446,2.18776e+19,3.34467e-14
495.520,2.18776e+19,3.27578e-14
530.959,2.18776e+19,3.20606e-14
568.933,2.18776e+19,3.13571e-14
609.623,2.18776e+19,3.06498e-14
653.223,2.18776e+19,2.99401e-14
699.941,2.18776e+19,2.92301e-14
750.000,2.18776e+19,2.85215e-14
0.750000,2.29087e+19,2.94952e-22
0.803639,2.29087e+19,9.64145e-22
0.861115,2.29087e+19,2.90492e-21
0.922702,2.29087e+19,8.10895e-21
0.988693,2.29087e+19,2.10799e-20
1.05940,2.29087e+19,5.12965e-20
1.13517,2.29087e+19,1.17450e-19
1.21636,2.29087e+19,2.54336e-19
1.30335,2.29087e+19,5.23590e-19
1.39657,2.29087e+19,1.02998e-18
1.49645,2.29087e+19,1.94459e-18
1.60347,2.29087e+19,3.53241e-18
1.71815,2.29087e+19,6.18769e-18
1.84103,2.29087e+19,1.04751e-17
1.97270,2.29087e+19,1.71767e-17
2.11379,2.29087e+19,2.73418e-17
2.26496,2.29087e+19,4.23441e-17
2.42695,2.29087e+19,6.39444e-17
2.60053,2.29087e+19,9.43672e-17
2.78651,2.29087e+19,1.36400e-16
2.98580,2.29087e+19,1.93458e-16
3.19935,2.29087e+19,2.69452e-16
3.42816,2.29087e+19,3.68803e-16
3.67334,2.29087e+19,4.96360e-16
3.93606,2.29087e+19,6.57316e-16
4.21756,2.29087e+19,8.57054e-16
4.51920,2.29087e+19,1.10098e-15
4.84241,2.29087e+19,1.39435e-15
5.18873,2.29087e+19,1.74206e-15
5.55983,2.29087e+19,2.14851e-15
5.95746,2.29087e+19,2.61740e-15
6.38354,2.29087e+19,3.15153e-15
6.84008,2.29087e+19,3.75279e-15
7.32928,2.29087e+19,4.42198e-15
7.85346,2.29087e+19,5.15904e-15
8.41514,2.29087e+19,5.96304e-15
9.01698,2.29087e+19,6.83240e-15
9.66187,2.29087e+19,7.76493e-15
10.3529,2.29087e+19,8.75834e-15
11.0933,2.29087e+19,9.81022e-15
11.8867,2.29087e+19,1.09179e-14
12.7368,2.29087e+19,1.20765e-14
13.6478,2.29087e+19,1.32806e-14
14.6238,2.29087e+19,1.45245e-14
15.6697,2.29087e+19,1.58018e-14
16.7904,2.29087e+19,1.71070e-14
17.9912,2.29087e+19,1.84343e-14
19.2780,2.29087e+19,1.97785e-14
20.6567,2.29087e+19,2.11351e-14
22.1341,2.29087e+19,2.25001e-14
23.7171,2.29087e+19,2.38697e-14
25.4133,2.29087e+19,2.52365e-14
27.2309,2.29087e+19,2.65919e-14
29.1784,2.29087e+19,2.79275e-14
31.2652,2.29087e+19,2.92345e-14
33.5013,2.29087e+19,3.05046e-14
35.8973,2.29087e+19,3.17294e-14
38.4646,2.29087e+19,3.29005e-14
41.2156,2.29087e+19,3.40103e-14
44.1633,2.29087e+19,3.50519e-14
47.3218,2.29087e+19,3.60188e-14
50.7062,2.29087e+19,3.69082e-14
54.3327,2.29087e+19,3.77186e-14
58.2185,2.29087e+19,3.84494e-14
62.3823,2.29087e+19,3.91013e-14
66.8438,2.29087e+19,3.96752e-14
71.6244,2.29087e+19,4.01739e-14
76.7470,2.29087e+19,4.05999e-14
82.2359,2.29087e+19,4.09567e-14
88.1173,2.29087e+19,4.12484e-14
94.4194,2.29087e+19,4.14792e-14
101.172,2.29087e+19,4.16497e-14
108.408,2.29087e+19,4.17607e-14
116.161,2.29087e+19,4.18133e-14
124.469,2.29087e+19,4.18082e-14
133.371,2.29087e+19,4.17470e-14
142.910,2.29087e+19,4.16313e-14
153.130,2.29087e+19,4.14631e-14
164.082,2.29087e+19,4.12440e-14
175.817,2.29087e+19,4.09761e-14
188.392,2.29087e+19,4.06623e-14
201.865,2.29087e+19,4.03043e-14
216.302,2.29087e+19,3.99050e-14
231.772,2.29087e+19,3.94668e-14
248.348,2.29087e+19,3.89924e-14
266.110,2.29087e+19,3.84845e-14
285.142,2.29087e+19,3.79457e-14
305.535,2.29087e+19,3.73788e-14
327.387,2.29087e+19,3.67866e-14
350.801,2.29087e+19,3.61714e-14
375.890,2.29087e+19,3.55360e-14
402.774,2.29087e+19,3.48832e-14
431.580,2.29087e+19,3.42152e-14
462.446,2.29087e+19,3.35346e-14
495.520,2.29087e+19,3.28435e-14
530.959,2.29087e+19,3.21444e-14
568.933,2.29087e+19,3.14394e-14
609.623,2.29087e+19,3.07304e-14
653.223,2.29087e+19,3.00196e-14
699.941,2.29087e+19,2.93085e-14
750.000,2.29087e+19,2.85992e-14
0.750000,2.39883e+19,3.01537e-22
0.803639,2.39883e+19,9.84869e-22
0.861115,2.39883e+19,2.96503e-21
0.922702,2.39883e+19,8.27062e-21
0.988693,2.39883e+19,2.14850e-20
1.05940,2.39883e+19,5.22470e-20
1.13517,2.39883e+19,1.19549e-19
1.21636,2.39883e+19,2.58722e-19
1.30335,2.39883e+19,5.32300e-19
1.39657,2.39883e+19,1.04651e-18
1.49645,2.39883e+19,1.97472e-18
1.60347,2.39883e+19,3.58523e-18
1.71815,2.39883e+19,6.27691e-18
1.84103,2.39883e+19,1.06208e-17
1.97270,2.39883e+19,1.74066e-17
2.11379,2.39883e+19,2.76938e-17
2.26496,2.39883e+19,4.28676e-17
2.42695,2.39883e+19,6.47019e-17
2.60053,2.39883e+19,9.54348e-17
2.78651,2.39883e+19,1.37871e-16
2.98580,2.39883e+19,1.95437e-16
3.19935,2.39883e+19,2.72061e-16
3.42816,2.39883e+19,3.72169e-16
3.67334,2.39883e+19,5.00621e-16
3.93606,2.39883e+19,6.62621e-16
4.21756,2.39883e+19,8.63548e-16
4.51920,2.39883e+19,1.10882e-15
4.84241,2.39883e+19,1.40370e-15
5.18873,2.39883e+19,1.75313e-15
5.55983,2.39883e+19,2.16154e-15
5.95746,2.39883e+19,2.63268e-15
6.38354,2.39883e+19,3.16940e-15
6.84008,2.39883e+19,3.77357e-15
7.32928,2.39883e+19,4.44613e-15
7.85346,2.39883e+19,5.18698e-15
8.41514,2.39883e+19,5.99520e-15
9.01698,2.39883e+19,6.86912e-15
9.66187,2.39883e+19,7.80663e-15
10.3529,2.39883e+19,8.80527e-15
11.0933,2.39883e+19,9.86260e-15
11.8867,2.39883e+19,1.09757e-14
12.7368,2.39883e+19,1.21398e-14
13.6478,2.39883e+19,1.33492e-14
14.6238,2.39883e+19,1.45981e-14
15.6697,2.39883e+19,1.58805e-14
16.7904,2.39883e+19,1.71904e-14
17.9912,2.39883e+19,1.85222e-14
19.2780,2.39883e+19,1.98707e-14
20.6567,2.39883e+19,2.12314e-14
22.1341,2.39883e+19,2.26004e-14
23.7171,2.39883e+19,2.39739e-14
25.4133,2.39883e+19,2.53444e-14
27.2309,2.39883e+19,2.67036e-14
29.1784,2.39883e+19,2.80428e-14
31.2652,2.39883e+19,2.93535e-14
33.5013,2.39883e+19,3.06270e-14
35.8973,2.39883e+19,3.18550e-14
38.4646,2.39883e+19,3.30292e-14
41.2156,2.39883e+19,3.41423e-14
44.1633,2.39883e+19,3.51869e-14
47.3218,2.39883e+19,3.61566e-14
50.7062,2.39883e+19,3.70486e-14
54.3327,2.39883e+19,3.78614e-14
58.2185,2.39883e+19,3.85945e-14
62.3823,2.39883e+19,3.92481e-14
66.8438,2.39883e+19,3.98241e-14
71.6244,2.39883e+19,4.03239e-14
76.7470,2.39883e+19,4.07507e-14
82.2359,2.39883e+19,4.11080e-14
88.1173,2.39883e+19,4.14002e-14
94.4194,2.39883e+19,4.16306e-14
101.172,2.39883e+19,4.18004e-14
108.408,2.39883e+19,4.19103e-14
116.161,2.39883e+19,4.19611e-14
124.469,2.39883e+19,4.19545e-14
133.371,2.39883e+19,4.18910e-14
142.910,2.39883e+19,4.17730e-14
153.130,2.39883e+19,4.16020e-14
164.082,2.39883e+19,4.13798e-14
175.817,2.39883e+19,4.11092e-14
188.392,2.39883e+19,4.07920e-14
201.865,2.39883e+19,4.04308e-14
216.302,2.39883e+19,4.00282e-14
231.772,2.39883e+19,3.95866e-14
248.348,2.39883e+19,3.91087e-14
266.110,2.39883e+19,3.85975e-14
285.142,2.39883e+19,3.80554e-14
305.535,2.39883e+19,3.74852e-14
327.387,2.39883e+19,3.68897e-14
350.801,2.39883e+19,3.62717e-14
375.890,2.39883e+19,3.56336e-14
402.774,2.39883e+19,3.49780e-14
431.580,2.39883e+19,3.43073e-14
462.446,2.39883e+19,3.36244e-14
495.520,2.39883e+19,3.29313e-14
530.959,2.39883e+19,3.22303e-14
568.933,2.39883e+19,3.15234e-14
609.623,2.39883e+19,3.08131e-14
653.223,2.39883e+19,3.01008e-14
699.941,2.39883e+19,2.93888e-14
750.000,2.39883e+19,2.86785e-14
0.750000,2.51188e+19,3.08339e-22
0.803639,2.51188e+19,1.00625e-21
0.861115,2.51188e+19,3.02707e-21
0.922702,2.51188e+19,8.43732e-21
0.988693,2.51188e+19,2.19024e-20
1.05940,2.51188e+19,5.32257e-20
1.13517,2.51188e+19,1.21710e-19
1.21636,2.51188e+19,2.63235e-19
1.30335,2.51188e+19,5.41258e-19
1.39657,2.51188e+19,1.06353e-18
1.49645,2.51188e+19,2.00571e-18
1.60347,2.51188e+19,3.63953e-18
1.71815,2.51188e+19,6.36861e-18
1.84103,2.51188e+19,1.07704e-17
1.97270,2.51188e+19,1.76429e-17
2.11379,2.51188e+19,2.80556e-17
2.26496,2.51188e+19,4.34053e-17
2.42695,2.51188e+19,6.54798e-17
2.60053,2.51188e+19,9.65318e-17
2.78651,2.51188e+19,1.39381e-16
2.98580,2.51188e+19,1.97467e-16
3.19935,2.51188e+19,2.74736e-16
3.42816,2.51188e+19,3.75616e-16
3.67334,2.51188e+19,5.04985e-16
3.93606,2.51188e+19,6.68042e-16
4.21756,2.51188e+19,8.70178e-16
4.51920,2.51188e+19,1.11682e-15
4.84241,2.51188e+19,1.41325e-15
5.18873,2.51188e+19,1.76441e-15
5.55983,2.51188e+19,2.17479e-15
5.95746,2.51188e+19,2.64821e-15
6.38354,2.51188e+19,3.18755e-15
6.84008,2.51188e+19,3.79472e-15
7.32928,2.51188e+19,4.47071e-15
7.85346,2.51188e+19,5.21542e-15
8.41514,2.51188e+19,6.02794e-15
9.01698,2.51188e+19,6.90662e-15
9.66187,2.51188e+19,7.84918e-15
10.3529,2.51188e+19,8.85323e-15
11.0933,2.51188e+19,9.91609e-15
11.8867,2.51188e+19,1.10348e-14
12.7368,2.51188e+19,1.22045e-14
13.6478,2.51188e+19,1.34192e-14
14.6238,2.51188e+19,1.46734e-14
15.6697,2.51188e+19,1.59610e-14
16.7904,2.51188e+19,1.72757e-14
17.9912,2.51188e+19,1.86122e-14
19.2780,2.51188e+19,1.99651e-14
20.6567,2.51188e+19,2.13299e-14
22.1341,2.51188e+19,2.27030e-14
23.7171,2.51188e+19,2.40805e-14
25.4133,2.51188e+19,2.54549e-14
27.2309,2.51188e+19,2.68179e-14
29.1784,2.51188e+19,2.81609e-14
31.2652,2.51188e+19,2.94750e-14
33.5013,2.51188e+19,3.07519e-14
35.8973,2.51188e+19,3.19833e-14
38.4646,2.51188e+19,3.31609e-14
41.2156,2.51188e+19,3.42771e-14
44.1633,2.51188e+19,3.53246e-14
47.3218,2.51188e+19,3.62971e-14
50.7062,2.51188e+19,3.71917e-14
54.3327,2.51188e+19,3.80070e-14
58.2185,2.51188e+19,3.87424e-14
62.3823,2.51188e+19,3.93980e-14
66.8438,2.51188e+19,3.99757e-14
71.6244,2.51188e+19,4.04768e-14
76.7470,2.51188e+19,4.09047e-14
82.2359,2.51188e+19,4.12626e-14
88.1173,2.51188e+19,4.15548e-14
94.4194,2.51188e+19,4.17850e-14
101.172,2.51188e+19,4.19539e-14
108.408,2.51188e+19,4.20629e-14
116.161,2.51188e+19,4.21124e-14
124.469,2.51188e+19,4.21035e-14
133.371,2.51188e+19,4.20380e-14
142.910,2.51188e+19,4.19175e-14
153.130,2.51188e+19,4.17438e-14
164.082,2.51188e+19,4.15188e-14
175.817,2.51188e+19,4.12447e-14
188.392,2.51188e+19,4.09245e-14
201.865,2.51188e+19,4.05599e-14
216.302,2.51188e+19,4.01537e-14
231.772,2.51188e+19,3.97087e-14
248.348,2.51188e+19,3.92275e-14
266.110,2.51188e+19,3.87128e-14
285.142,2.51188e+19,3.81675e-14
305.535,2.51188e+19,3.75939e-14
327.387,2.51188e+19,3.69953e-14
350.801,2.51188e+19,3.63740e-14
375.890,2.51188e+19,3.57330e-14
402.774,2.51188e+19,3.50746e-14
431.580,2.51188e+19,3.44015e-14
462.446,2.51188e+19,3.37161e-14
495.520,2.51188e+19,3.30208e-14
530.959,2.51188e+19,3.23177e-14
568.933,2.51188e+19,3.16092e-14
609.623,2.51188e+19,3.08972e-14
653.223,2.51188e+19,3.01838e-14
699.941,2.51188e+19,2.94706e-14
750.000,2.51188e+19,2.87596e-14
0.750000,2.63027e+19,3.15362e-22
0.803639,2.63027e+19,1.02833e-21
0.861115,2.63027e+19,3.09101e-21
0.922702,2.63027e+19,8.60915e-21
0.988693,2.63027e+19,2.23324e-20
1.05940,2.63027e+19,5.42337e-20
1.13517,2.63027e+19,1.23933e-19
1.21636,2.63027e+19,2.67878e-19
1.30335,2.63027e+19,5.50474e-19
1.39657,2.63027e+19,1.08101e-18
1.49645,2.63027e+19,2.03754e-18
1.60347,2.63027e+19,3.69533e-18
1.71815,2.63027e+19,6.46286e-18
1.84103,2.63027e+19,1.09242e-17
1.97270,2.63027e+19,1.78856e-17
2.11379,2.63027e+19,2.84272e-17
2.26496,2.63027e+19,4.39579e-17
2.42695,2.63027e+19,6.62790e-17
2.60053,2.63027e+19,9.76589e-17
2.78651,2.63027e+19,1.40931e-16
2.98580,2.63027e+19,1.99551e-16
3.19935,2.63027e+19,2.77477e-16
3.42816,2.63027e+19,3.79151e-16
3.67334,2.63027e+19,5.09452e-16
3.93606,2.63027e+19,6.73587e-16
4.21756,2.63027e+19,8.76956e-16
4.51920,2.63027e+19,1.12499e-15
4.84241,2.63027e+19,1.42297e-15
5.18873,2.63027e+19,1.77589e-15
5.55983,2.63027e+19,2.18828e-15
5.95746,2.63027e+19,2.66399e-15
6.38354,2.63027e+19,3.20600e-15
6.84008,2.63027e+19,3.81623e-15
7.32928,2.63027e+19,4.49571e-15
7.85346,2.63027e+19,5.24432e-15
8.41514,2.63027e+19,6.06122e-15
9.01698,2.63027e+19,6.94471e-15
9.66187,2.63027e+19,7.89251e-15
10.3529,2.63027e+19,8.90206e-15
11.0933,2.63027e+19,9.97060e-15
11.8867,2.63027e+19,1.10950e-14
12.7368,2.63027e+19,1.22703e-14
13.6478,2.63027e+19,1.34908e-14
14.6238,2.63027e+19,1.47504e-14
15.6697,2.63027e+19,1.60430e-14
16.7904,2.63027e+19,1.73627e-14
17.9912,2.63027e+19,1.87038e-14
19.2780,2.63027e+19,2.00612e-14
20.6567,2.63027e+19,2.14305e-14
22.1341,2.63027e+19,2.28076e-14
23.7171,2.63027e+19,2.41890e-14
25.4133,2.63027e+19,2.55675e-14
27.2309,2.63027e+19,2.69344e-14
29.1784,2.63027e+19,2.82810e-14
31.2652,2.63027e+19,2.95988e-14
33.5013,2.63027e+19,3.08794e-14
35.8973,2.63027e+19,3.21142e-14
38.4646,2.63027e+19,3.32951e-14
41.2156,2.63027e+19,3.44144e-14
44.1633,2.63027e+19,3.54649e-14
47.3218,2.63027e+19,3.64403e-14
50.7062,2.63027e+19,3.73378e-14
54.3327,2.63027e+19,3.81555e-14
58.2185,2.63027e+19,3.88933e-14
62.3823,2.63027e+19,3.95510e-14
66.8438,2.63027e+19,4.01302e-14
71.6244,2.63027e+19,4.06330e-14
76.7470,2.63027e+19,4.10619e-14
82.2359,2.63027e+19,4.14205e-14
88.1173,2.63027e+19,4.17128e-14
94.4194,2.63027e+19,4.19426e-14
101.172,2.63027e+19,4.21112e-14
108.408,2.63027e+19,4.22188e-14
116.161,2.63027e+19,4.22667e-14
124.469,2.63027e+19,4.22560e-14
133.371,2.63027e+19,4.21882e-14
142.910,2.63027e+19,4.20652e-14
153.130,2.63027e+19,4.18887e-14
164.082,2.63027e+19,4.16608e-14
175.817,2.63027e+19,4.13838e-14
188.392,2.63027e+19,4.10601e-14
201.865,2.63027e+19,4.06919e-14
216.302,2.63027e+19,4.02823e-14
231.772,2.63027e+19,3.98337e-14
248.348,2.63027e+19,3.93488e-14
266.110,2.63027e+19,3.88308e-14
285.142,2.63027e+19,3.82818e-14
305.535,2.63027e+19,3.77051e-14
327.387,2.63027e+19,3.71031e-14
350.801,2.63027e+19,3.64787e-14
375.890,2.63027e+19,3.58348e-14
402.774,2.63027e+19,3.51734e-14
431.580,2.63027e+19,3.44977e-14
462.446,2.63027e+19,3.38097e-14
495.520,2.63027e+19,3.31124e-14
530.959,2.63027e+19,3.24074e-14
568.933,2.63027e+19,3.16968e-14
609.623,2.63027e+19,3.09834e-14
653.223,2.63027e+19,3.02685e-14
699.941,2.63027e+19,2.95544e-14
750.000,2.63027e+19,2.88424e-14
0.750000,2.75423e+19,3.22626e-22
0.803639,2.75423e+19,1.05113e-21
0.861115,2.75423e+19,3.15703e-21
0.922702,2.75423e+19,8.78638e-21
0.988693,2.75423e+19,2.27758e-20
1.05940,2.75423e+19,5.52723e-20
1.13517,2.75423e+19,1.26225e-19
1.21636,2.75423e+19,2.72656e-19
1.30335,2.75423e+19,5.59961e-19
1.39657,2.75423e+19,1.09900e-18
1.49645,2.75423e+19,2.07030e-18
1.60347,2.75423e+19,3.75271e-18
1.71815,2.75423e+19,6.55980e-18
1.84103,2.75423e+19,1.10824e-17
1.97270,2.75423e+19,1.81353e-17
2.11379,2.75423e+19,2.88095e-17
2.26496,2.75423e+19,4.45260e-17
2.42695,2.75423e+19,6.71004e-17
2.60053,2.75423e+19,9.88168e-17
2.78651,2.75423e+19,1.42523e-16
2.98580,2.75423e+19,2.01692e-16
3.19935,2.75423e+19,2.80292e-16
3.42816,2.75423e+19,3.82775e-16
3.67334,2.75423e+19,5.14030e-16
3.93606,2.75423e+19,6.79269e-16
4.21756,2.75423e+19,8.83895e-16
4.51920,2.75423e+19,1.13333e-15
4.84241,2.75423e+19,1.43291e-15
5.18873,2.75423e+19,1.78762e-15
5.55983,2.75423e+19,2.20204e-15
5.95746,2.75423e+19,2.68009e-15
6.38354,2.75423e+19,3.22480e-15
6.84008,2.75423e+19,3.83816e-15
7.32928,2.75423e+19,4.52115e-15
7.85346,2.75423e+19,5.27380e-15
8.41514,2.75423e+19,6.09516e-15
9.01698,2.75423e+19,6.98358e-15
9.66187,2.75423e+19,7.93665e-15
10.3529,2.75423e+19,8.95182e-15
11.0933,2.75423e+19,1.00262e-14
11.8867,2.75423e+19,1.11565e-14
12.7368,2.75423e+19,1.23376e-14
13.6478,2.75423e+19,1.35637e-14
14.6238,2.75423e+19,1.48288e-14
15.6697,2.75423e+19,1.61268e-14
16.7904,2.75423e+19,1.74517e-14
17.9912,2.75423e+19,1.87976e-14
19.2780,2.75423e+19,2.01596e-14
20.6567,2.75423e+19,2.15331e-14
22.1341,2.75423e+19,2.29146e-14
23.7171,2.75423e+19,2.43003e-14
25.4133,2.75423e+19,2.56826e-14
27.2309,2.75423e+19,2.70534e-14
29.1784,2.75423e+19,2.84038e-14
31.2652,2.75423e+19,2.97254e-14
33.5013,2.75423e+19,3.10094e-14
35.8973,2.75423e+19,3.22476e-14
38.4646,2.75423e+19,3.34319e-14
41.2156,2.75423e+19,3.45544e-14
44.1633,2.75423e+19,3.56079e-14
47.3218,2.75423e+19,3.65862e-14
50.7062,2.75423e+19,3.74866e-14
54.3327,2.75423e+19,3.83070e-14
58.2185,2.75423e+19,3.90469e-14
62.3823,2.75423e+19,3.97069e-14
66.8438,2.75423e+19,4.02880e-14
71.6244,2.75423e+19,4.07922e-14
76.7470,2.75423e+19,4.12221e-14
82.2359,2.75423e+19,4.15815e-14
88.1173,2.75423e+19,4.18739e-14
94.4194,2.75423e+19,4.21037e-14
101.172,2.75423e+19,4.22714e-14
108.408,2.75423e+19,4.23779e-14
116.161,2.75423e+19,4.24243e-14
124.469,2.75423e+19,4.24117e-14
133.371,2.75423e+19,4.23418e-14
142.910,2.75423e+19,4.22160e-14
153.130,2.75423e+19,4.20368e-14
164.082,2.75423e+19,4.18058e-14
175.817,2.75423e+19,4.15255e-14
188.392,2.75423e+19,4.11984e-14
201.865,2.75423e+19,4.08269e-14
216.302,2.75423e+19,4.04137e-14
231.772,2.75423e+19,3.99615e-14
248.348,2.75423e+19,3.94732e-14
266.110,2.75423e+19,3.89513e-14
285.142,2.75423e+19,3.83989e-14
305.535,2.75423e+19,3.78185e-14
327.387,2.75423e+19,3.72133e-14
350.801,2.75423e+19,3.65857e-14
375.890,2.75423e+19,3.59385e-14
402.774,2.75423e+19,3.52745e-14
431.580,2.75423e+19,3.45960e-14
462.446,2.75423e+19,3.39057e-14
495.520,2.75423e+19,3.32058e-14
530.959,2.75423e+19,3.24987e-14
568.933,2.75423e+19,3.17865e-14
609.623,2.75423e+19,3.10714e-14
653.223,2.75423e+19,3.03551e-14
699.941,2.75423e+19,2.96397e-14
750.000,2.75423e+19,2.89270e-14
0.750000,2.88403e+19,3.30129e-22
0.803639,2.88403e+19,1.07467e-21
0.861115,2.88403e+19,3.22520e-21
0.922702,2.88403e+19,8.96926e-21
0.988693,2.88403e+19,2.32326e-20
1.05940,2.88403e+19,5.63423e-20
1.13517,2.88403e+19,1.28583e-19
1.21636,2.88403e+19,2.77575e-19
1.30335,2.88403e+19,5.69715e-19
1.39657,2.88403e+19,1.11749e-18
1.49645,2.88403e+19,2.10398e-18
1.60347,2.88403e+19,3.81172e-18
1.71815,2.88403e+19,6.65947e-18
1.84103,2.88403e+19,1.12449e-17
1.97270,2.88403e+19,1.83920e-17
2.11379,2.88403e+19,2.92020e-17
2.26496,2.88403e+19,4.51096e-17
2.42695,2.88403e+19,6.79445e-17
2.60053,2.88403e+19,1.00006e-16
2.78651,2.88403e+19,1.44158e-16
2.98580,2.88403e+19,2.03889e-16
3.19935,2.88403e+19,2.83177e-16
3.42816,2.88403e+19,3.86490e-16
3.67334,2.88403e+19,5.18718e-16
3.93606,2.88403e+19,6.85080e-16
4.21756,2.88403e+19,8.90984e-16
4.51920,2.88403e+19,1.14187e-15
4.84241,2.88403e+19,1.44305e-15
5.18873,2.88403e+19,1.79958e-15
5.55983,2.88403e+19,2.21605e-15
5.95746,2.88403e+19,2.69650e-15
6.38354,2.88403e+19,3.24395e-15
6.84008,2.88403e+19,3.86048e-15
7.32928,2.88403e+19,4.54709e-15
7.85346,2.88403e+19,5.30380e-15
8.41514,2.88403e+19,6.12976e-15
9.01698,2.88403e+19,7.02320e-15
9.66187,2.88403e+19,7.98177e-15
10.3529,2.88403e+19,9.00267e-15
11.0933,2.88403e+19,1.00829e-14
11.8867,2.88403e+19,1.12193e-14
12.7368,2.88403e+19,1.24064e-14
13.6478,2.88403e+19,1.36383e-14
14.6238,2.88403e+19,1.49091e-14
15.6697,2.88403e+19,1.62126e-14
16.7904,2.88403e+19,1.75426e-14
17.9912,2.88403e+19,1.88935e-14
19.2780,2.88403e+19,2.02603e-14
20.6567,2.88403e+19,2.16382e-14
22.1341,2.88403e+19,2.30240e-14
23.7171,2.88403e+19,2.44138e-14
25.4133,2.88403e+19,2.58004e-14
27.2309,2.88403e+19,2.71749e-14
29.1784,2.88403e+19,2.85294e-14
31.2652,2.88403e+19,2.98545e-14
33.5013,2.88403e+19,3.11424e-14
35.8973,2.88403e+19,3.23839e-14
38.4646,2.88403e+19,3.35716e-14
41.2156,2.88403e+19,3.46971e-14
44.1633,2.88403e+19,3.57541e-14
47.3218,2.88403e+19,3.67352e-14
50.7062,2.88403e+19,3.76385e-14
54.3327,2.88403e+19,3.84615e-14
58.2185,2.88403e+19,3.92040e-14
62.3823,2.88403e+19,3.98663e-14
66.8438,2.88403e+19,4.04491e-14
71.6244,2.88403e+19,4.09546e-14
76.7470,2.88403e+19,4.13859e-14
82.2359,2.88403e+19,4.17460e-14
88.1173,2.88403e+19,4.20386e-14
94.4194,2.88403e+19,4.22678e-14
101.172,2.88403e+19,4.24350e-14
108.408,2.88403e+19,4.25404e-14
116.161,2.88403e+19,4.25851e-14
124.469,2.88403e+19,4.25707e-14
133.371,2.88403e+19,4.24985e-14
142.910,2.88403e+19,4.23702e-14
153.130,2.88403e+19,4.21879e-14
164.082,2.88403e+19,4.19538e-14
175.817,2.88403e+19,4.16703e-14
188.392,2.88403e+19,4.13398e-14
201.865,2.88403e+19,4.09646e-14
216.302,2.88403e+19,4.05478e-14
231.772,2.88403e+19,4.00919e-14
248.348,2.88403e+19,3.95997e-14
266.110,2.88403e+19,3.90744e-14
285.142,2.88403e+19,3.85183e-14
305.535,2.88403e+19,3.79345e-14
327.387,2.88403e+19,3.73256e-14
350.801,2.88403e+19,3.66949e-14
375.890,2.88403e+19,3.60447e-14
402.774,2.88403e+19,3.53775e-14
431.580,2.88403e+19,3.46966e-14
462.446,2.88403e+19,3.40035e-14
495.520,2.88403e+19,3.33014e-14
530.959,2.88403e+19,3.25920e-14
568.933,2.88403e+19,3.18781e-14
609.623,2.88403e+19,3.11613e-14
653.223,2.88403e+19,3.04439e-14
699.941,2.88403e+19,2.97273e-14
750.000,2.88403e+19,2.90137e-14
0.750000,3.01995e+19,3.37888e-22
0.803639,3.01995e+19,1.09900e-21
0.861115,3.01995e+19,3.29554e-21
0.922702,3.01995e+19,9.15785e-21
0.988693,3.01995e+19,2.37041e-20
1.05940,3.01995e+19,5.74450e-20
1.13517,3.01995e+19,1.31012e-19
1.21636,3.01995e+19,2.82639e-19
1.30335,3.01995e+19,5.79758e-19
1.39657,3.01995e+19,1.13653e-18
1.49645,3.01995e+19,2.13864e-18
1.60347,3.01995e+19,3.87241e-18
1.71815,3.01995e+19,6.76192e-18
1.84103,3.01995e+19,1.14120e-17
1.97270,3.01995e+19,1.86557e-17
2.11379,3.01995e+19,2.96056e-17
2.26496,3.01995e+19,4.57093e-17
2.42695,3.01995e+19,6.88118e-17
2.60053,3.01995e+19,1.01228e-16
2.78651,3.01995e+19,1.45838e-16
2.98580,3.01995e+19,2.06144e-16
3.19935,3.01995e+19,2.86141e-16
3.42816,3.01995e+19,3.90301e-16
3.67334,3.01995e+19,5.23527e-16
3.93606,3.01995e+19,6.91036e-16
4.21756,3.01995e+19,8.98239e-16
4.51920,3.01995e+19,1.15059e-15
4.84241,3.01995e+19,1.45342e-15
5.18873,3.01995e+19,1.81178e-15
5.55983,3.01995e+19,2.23037e-15
5.95746,3.01995e+19,2.71324e-15
6.38354,3.01995e+19,3.26349e-15
6.84008,3.01995e+19,3.88323e-15
7.32928,3.01995e+19,4.57354e-15
7.85346,3.01995e+19,5.33439e-15
8.41514,3.01995e+19,6.16503e-15
9.01698,3.01995e+19,7.06361e-15
9.66187,3.01995e+19,8.02772e-15
10.3529,3.01995e+19,9.05450e-15
11.0933,3.01995e+19,1.01409e-14
11.8867,3.01995e+19,1.12834e-14
12.7368,3.01995e+19,1.24765e-14
13.6478,3.01995e+19,1.37145e-14
14.6238,3.01995e+19,1.49911e-14
15.6697,3.01995e+19,1.63001e-14
16.7904,3.01995e+19,1.76354e-14
17.9912,3.01995e+19,1.89914e-14
19.2780,3.01995e+19,2.03629e-14
20.6567,3.01995e+19,2.17454e-14
22.1341,3.01995e+19,2.31356e-14
23.7171,3.01995e+19,2.45297e-14
25.4133,3.01995e+19,2.59203e-14
27.2309,3.01995e+19,2.72991e-14
29.1784,3.01995e+19,2.86573e-14
31.2652,3.01995e+19,2.99863e-14
33.5013,3.01995e+19,3.12778e-14
35.8973,3.01995e+19,3.25230e-14
38.4646,3.01995e+19,3.37140e-14
41.2156,3.01995e+19,3.48430e-14
44.1633,3.01995e+19,3.59028e-14
47.3218,3.01995e+19,3.68873e-14
50.7062,3.01995e+19,3.77931e-14
54.3327,3.01995e+19,3.86190e-14
58.2185,3.01995e+19,3.93641e-14
62.3823,3.01995e+19,4.00283e-14
66.8438,3.01995e+19,4.06132e-14
71.6244,3.01995e+19,4.11205e-14
76.7470,3.01995e+19,4.15528e-14
82.2359,3.01995e+19,4.19136e-14
88.1173,3.01995e+19,4.22068e-14
94.4194,3.01995e+19,4.24358e-14
101.172,3.01995e+19,4.26023e-14
108.408,3.01995e+19,4.27063e-14
116.161,3.01995e+19,4.27496e-14
124.469,3.01995e+19,4.27331e-14
133.371,3.01995e+19,4.26585e-14
142.910,3.01995e+19,4.25277e-14
153.130,3.01995e+19,4.23425e-14
164.082,3.01995e+19,4.21051e-14
175.817,3.01995e+19,4.18183e-14
188.392,3.01995e+19,4.14843e-14
201.865,3.01995e+19,4.11054e-14
216.302,3.01995e+19,4.06850e-14
231.772,3.01995e+19,4.02252e-14
248.348,3.01995e+19,3.97294e-14
266.110,3.01995e+19,3.92002e-14
285.142,3.01995e+19,3.86405e-14
305.535,3.01995e+19,3.80530e-14
327.387,3.01995e+19,3.74409e-14
350.801,3.01995e+19,3.68067e-14
375.890,3.01995e+19,3.61532e-14
402.774,3.01995e+19,3.54832e-14
431.580,3.01995e+19,3.47992e-14
462.446,3.01995e+19,3.41037e-14
495.520,3.01995e+19,3.33990e-14
530.959,3.01995e+19,3.26877e-14
568.933,3.01995e+19,3.19716e-14
609.623,3.01995e+19,3.12533e-14
653.223,3.01995e+19,3.05342e-14
699.941,3.01995e+19,2.98167e-14
750.000,3.01995e+19,2.91020e-14
0.750000,3.16228e+19,3.45912e-22
0.803639,3.16228e+19,1.12415e-21
0.861115,3.16228e+19,3.36822e-21
0.922702,3.16228e+19,9.35252e-21
0.988693,3.16228e+19,2.41901e-20
1.05940,3.16228e+19,5.85820e-20
1.13517,3.16228e+19,1.33515e-19
1.21636,3.16228e+19,2.87853e-19
1.30335,3.16228e+19,5.90091e-19
1.39657,3.16228e+19,1.15612e-18
1.49645,3.16228e+19,2.17426e-18
1.60347,3.16228e+19,3.93477e-18
1.71815,3.16228e+19,6.86725e-18
1.84103,3.16228e+19,1.15837e-17
1.97270,3.16228e+19,1.89267e-17
2.11379,3.16228e+19,3.00204e-17
2.26496,3.16228e+19,4.63256e-17
2.42695,3.16228e+19,6.97024e-17
2.60053,3.16228e+19,1.02482e-16
2.78651,3.16228e+19,1.47561e-16
2.98580,3.16228e+19,2.08458e-16
3.19935,3.16228e+19,2.89176e-16
3.42816,3.16228e+19,3.94205e-16
3.67334,3.16228e+19,5.28447e-16
3.93606,3.16228e+19,6.97128e-16
4.21756,3.16228e+19,9.05664e-16
4.51920,3.16228e+19,1.15951e-15
4.84241,3.16228e+19,1.46399e-15
5.18873,3.16228e+19,1.82425e-15
5.55983,3.16228e+19,2.24496e-15
5.95746,3.16228e+19,2.73032e-15
6.38354,3.16228e+19,3.28342e-15
6.84008,3.16228e+19,3.90643e-15
7.32928,3.16228e+19,4.60050e-15
7.85346,3.16228e+19,5.36566e-15
8.41514,3.16228e+19,6.20100e-15
9.01698,3.16228e+19,7.10482e-15
9.66187,3.16228e+19,8.07462e-15
10.3529,3.16228e+19,9.10740e-15
11.0933,3.16228e+19,1.02000e-14
11.8867,3.16228e+19,1.13488e-14
12.7368,3.16228e+19,1.25481e-14
13.6478,3.16228e+19,1.37922e-14
14.6238,3.16228e+19,1.50747e-14
15.6697,3.16228e+19,1.63895e-14
16.7904,3.16228e+19,1.77303e-14
17.9912,3.16228e+19,1.90915e-14
19.2780,3.16228e+19,2.04679e-14
20.6567,3.16228e+19,2.18551e-14
22.1341,3.16228e+19,2.32498e-14
23.7171,3.16228e+19,2.46483e-14
25.4133,3.16228e+19,2.60432e-14
27.2309,3.16228e+19,2.74259e-14
29.1784,3.16228e+19,2.87882e-14
31.2652,3.16228e+19,3.01211e-14
33.5013,3.16228e+19,3.14161e-14
35.8973,3.16228e+19,3.26650e-14
38.4646,3.16228e+19,3.38594e-14
41.2156,3.16228e+19,3.49918e-14
44.1633,3.16228e+19,3.60548e-14
47.3218,3.16228e+19,3.70424e-14
50.7062,3.16228e+19,3.79512e-14
54.3327,3.16228e+19,3.87799e-14
58.2185,3.16228e+19,3.95273e-14
62.3823,3.16228e+19,4.01941e-14
66.8438,3.16228e+19,4.07808e-14
71.6244,3.16228e+19,4.12896e-14
76.7470,3.16228e+19,4.17234e-14
82.2359,3.16228e+19,4.20849e-14
88.1173,3.16228e+19,4.23782e-14
94.4194,3.16228e+19,4.26072e-14
101.172,3.16228e+19,4.27728e-14
108.408,3.16228e+19,4.28758e-14
116.161,3.16228e+19,4.29175e-14
124.469,3.16228e+19,4.28989e-14
133.371,3.16228e+19,4.28219e-14
142.910,3.16228e+19,4.26884e-14
153.130,3.16228e+19,4.25004e-14
164.082,3.16228e+19,4.22600e-14
175.817,3.16228e+19,4.19695e-14
188.392,3.16228e+19,4.16319e-14
201.865,3.16228e+19,4.12494e-14
216.302,3.16228e+19,4.08252e-14
231.772,3.16228e+19,4.03617e-14
248.348,3.16228e+19,3.98621e-14
266.110,3.16228e+19,3.93290e-14
285.142,3.16228e+19,3.87655e-14
305.535,3.16228e+19,3.81742e-14
327.387,3.16228e+19,3.75587e-14
350.801,3.16228e+19,3.69211e-14
375.890,3.16228e+19,3.62644e-14
402.774,3.16228e+19,3.55912e-14
431.580,3.16228e+19,3.49043e-14
462.446,3.16228e+19,3.42061e-14
495.520,3.16228e+19,3.34992e-14
530.959,3.16228e+19,3.27856e-14
568.933,3.16228e+19,3.20676e-14
609.623,3.16228e+19,3.13474e-14
653.223,3.16228e+19,3.06270e-14
699.941,3.16228e+19,2.99082e-14
750.000,3.16228e+19,2.91926e-14
0.750000,3.31131e+19,3.54215e-22
0.803639,3.31131e+19,1.15013e-21
0.861115,3.31131e+19,3.44328e-21
0.922702,3.31131e+19,9.55348e-21
0.988693,3.31131e+19,2.46914e-20
1.05940,3.31131e+19,5.97538e-20
1.13517,3.31131e+19,1.36094e-19
1.21636,3.31131e+19,2.93225e-19
1.30335,3.31131e+19,6.00734e-19
1.39657,3.31131e+19,1.17627e-18
1.49645,3.31131e+19,2.21091e-18
1.60347,3.31131e+19,3.99893e-18
1.71815,3.31131e+19,6.97553e-18
1.84103,3.31131e+19,1.17603e-17
1.97270,3.31131e+19,1.92054e-17
2.11379,3.31131e+19,3.04465e-17
2.26496,3.31131e+19,4.69590e-17
2.42695,3.31131e+19,7.06174e-17
2.60053,3.31131e+19,1.03770e-16
2.78651,3.31131e+19,1.49330e-16
2.98580,3.31131e+19,2.10832e-16
3.19935,3.31131e+19,2.92293e-16
3.42816,3.31131e+19,3.98210e-16
3.67334,3.31131e+19,5.33492e-16
3.93606,3.31131e+19,7.03373e-16
4.21756,3.31131e+19,9.13262e-16
4.51920,3.31131e+19,1.16863e-15
4.84241,3.31131e+19,1.47482e-15
5.18873,3.31131e+19,1.83698e-15
5.55983,3.31131e+19,2.25988e-15
5.95746,3.31131e+19,2.74773e-15
6.38354,3.31131e+19,3.30376e-15
6.84008,3.31131e+19,3.93013e-15
7.32928,3.31131e+19,4.62799e-15
7.85346,3.31131e+19,5.39746e-15
8.41514,3.31131e+19,6.23768e-15
9.01698,3.31131e+19,7.14684e-15
9.66187,3.31131e+19,8.12248e-15
10.3529,3.31131e+19,9.16138e-15
11.0933,3.31131e+19,1.02604e-14
11.8867,3.31131e+19,1.14154e-14
12.7368,3.31131e+19,1.26212e-14
13.6478,3.31131e+19,1.38716e-14
14.6238,3.31131e+19,1.51602e-14
15.6697,3.31131e+19,1.64808e-14
16.7904,3.31131e+19,1.78272e-14
17.9912,3.31131e+19,1.91936e-14
19.2780,3.31131e+19,2.05750e-14
20.6567,3.31131e+19,2.19670e-14
22.1341,3.31131e+19,2.33662e-14
23.7171,3.31131e+19,2.47691e-14
25.4133,3.31131e+19,2.61683e-14
27.2309,3.31131e+19,2.75553e-14
29.1784,3.31131e+19,2.89216e-14
31.2652,3.31131e+19,3.02584e-14
33.5013,3.31131e+19,3.15571e-14
35.8973,3.31131e+19,3.28095e-14
38.4646,3.31131e+19,3.40074e-14
41.2156,3.31131e+19,3.51432e-14
44.1633,3.31131e+19,3.62095e-14
47.3218,3.31131e+19,3.72002e-14
50.7062,3.31131e+19,3.81122e-14
54.3327,3.31131e+19,3.89435e-14
58.2185,3.31131e+19,3.96938e-14
62.3823,3.31131e+19,4.03626e-14
66.8438,3.31131e+19,4.09516e-14
71.6244,3.31131e+19,4.14621e-14
76.7470,3.31131e+19,4.18972e-14
82.2359,3.31131e+19,4.22594e-14
88.1173,3.31131e+19,4.25534e-14
94.4194,3.31131e+19,4.27821e-14
101.172,3.31131e+19,4.29471e-14
108.408,3.31131e+19,4.30489e-14
116.161,3.31131e+19,4.30888e-14
124.469,3.31131e+19,4.30683e-14
133.371,3.31131e+19,4.29891e-14
142.910,3.31131e+19,4.28527e-14
153.130,3.31131e+19,4.26615e-14
164.082,3.31131e+19,4.24178e-14
175.817,3.31131e+19,4.21242e-14
188.392,3.31131e+19,4.17828e-14
201.865,3.31131e+19,4.13966e-14
216.302,3.31131e+19,4.09684e-14
231.772,3.31131e+19,4.05011e-14
248.348,3.31131e+19,3.99975e-14
266.110,3.31131e+19,3.94605e-14
285.142,3.31131e+19,3.88933e-14
305.535,3.31131e+19,3.82985e-14
327.387,3.31131e+19,3.76791e-14
350.801,3.31131e+19,3.70380e-14
375.890,3.31131e+19,3.63780e-14
402.774,3.31131e+19,3.57015e-14
431.580,3.31131e+19,3.50119e-14
462.446,3.31131e+19,3.43110e-14
495.520,3.31131e+19,3.36013e-14
530.959,3.31131e+19,3.28855e-14
568.933,3.31131e+19,3.21655e-14
609.623,3.31131e+19,3.14438e-14
653.223,3.31131e+19,3.07217e-14
699.941,3.31131e+19,3.00017e-14
750.000,3.31131e+19,2.92851e-14
0.750000,3.46738e+19,3.62800e-22
0.803639,3.46738e+19,1.17701e-21
0.861115,3.46738e+19,3.52085e-21
0.922702,3.46738e+19,9.76102e-21
0.988693,3.46738e+19,2.52091e-20
1.05940,3.46738e+19,6.09626e-20
1.13517,3.46738e+19,1.38752e-19
1.21636,3.46738e+19,2.98761e-19
1.30335,3.46738e+19,6.11693e-19
1.39657,3.46738e+19,1.19703e-18
1.49645,3.46738e+19,2.24866e-18
1.60347,3.46738e+19,4.06499e-18
1.71815,3.46738e+19,7.08697e-18
1.84103,3.46738e+19,1.19420e-17
1.97270,3.46738e+19,1.94921e-17
2.11379,3.46738e+19,3.08850e-17
2.26496,3.46738e+19,4.76100e-17
2.42695,3.46738e+19,7.15587e-17
2.60053,3.46738e+19,1.05094e-16
2.78651,3.46738e+19,1.51149e-16
2.98580,3.46738e+19,2.13271e-16
3.19935,3.46738e+19,2.95492e-16
3.42816,3.46738e+19,4.02317e-16
3.67334,3.46738e+19,5.38664e-16
3.93606,3.46738e+19,7.09769e-16
4.21756,3.46738e+19,9.21043e-16
4.51920,3.46738e+19,1.17796e-15
4.84241,3.46738e+19,1.48590e-15
5.18873,3.46738e+19,1.85001e-15
5.55983,3.46738e+19,2.27512e-15
5.95746,3.46738e+19,2.76553e-15
6.38354,3.46738e+19,3.32450e-15
6.84008,3.46738e+19,3.95428e-15
7.32928,3.46738e+19,4.65604e-15
7.85346,3.46738e+19,5.42999e-15
8.41514,3.46738e+19,6.27513e-15
9.01698,3.46738e+19,7.18978e-15
9.66187,3.46738e+19,8.17127e-15
10.3529,3.46738e+19,9.21648e-15
11.0933,3.46738e+19,1.03219e-14
11.8867,3.46738e+19,1.14836e-14
12.7368,3.46738e+19,1.26959e-14
13.6478,3.46738e+19,1.39527e-14
14.6238,3.46738e+19,1.52475e-14
15.6697,3.46738e+19,1.65740e-14
16.7904,3.46738e+19,1.79261e-14
17.9912,3.46738e+19,1.92979e-14
19.2780,3.46738e+19,2.06845e-14
20.6567,3.46738e+19,2.20814e-14
22.1341,3.46738e+19,2.34853e-14
23.7171,3.46738e+19,2.48927e-14
25.4133,3.46738e+19,2.62962e-14
27.2309,3.46738e+19,2.76875e-14
29.1784,3.46738e+19,2.90578e-14
31.2652,3.46738e+19,3.03986e-14
33.5013,3.46738e+19,3.17011e-14
35.8973,3.46738e+19,3.29572e-14
38.4646,3.46738e+19,3.41588e-14
41.2156,3.46738e+19,3.52979e-14
44.1633,3.46738e+19,3.63674e-14
47.3218,3.46738e+19,3.73613e-14
50.7062,3.46738e+19,3.82764e-14
54.3327,3.46738e+19,3.91106e-14
58.2185,3.46738e+19,3.98634e-14
62.3823,3.46738e+19,4.05348e-14
66.8438,3.46738e+19,4.11258e-14
71.6244,3.46738e+19,4.16382e-14
76.7470,3.46738e+19,4.20743e-14
82.2359,3.46738e+19,4.24377e-14
88.1173,3.46738e+19,4.27318e-14
94.4194,3.46738e+19,4.29606e-14
101.172,3.46738e+19,4.31247e-14
108.408,3.46738e+19,4.32254e-14
116.161,3.46738e+19,4.32637e-14
124.469,3.46738e+19,4.32413e-14
133.371,3.46738e+19,4.31596e-14
142.910,3.46738e+19,4.30203e-14
153.130,3.46738e+19,4.28263e-14
164.082,3.46738e+19,4.25793e-14
175.817,3.46738e+19,4.22819e-14
188.392,3.46738e+19,4.19368e-14
201.865,3.46738e+19,4.15469e-14
216.302,3.46738e+19,4.11147e-14
231.772,3.46738e+19,4.06436e-14
248.348,3.46738e+19,4.01359e-14
266.110,3.46738e+19,3.95949e-14
285.142,3.46738e+19,3.90239e-14
305.535,3.46738e+19,3.84251e-14
327.387,3.46738e+19,3.78022e-14
350.801,3.46738e+19,3.71576e-14
375.890,3.46738e+19,3.64942e-14
402.774,3.46738e+19,3.58145e-14
431.580,3.46738e+19,3.51218e-14
462.446,3.46738e+19,3.44181e-14
495.520,3.46738e+19,3.37060e-14
530.959,3.46738e+19,3.29879e-14
568.933,3.46738e+19,3.22659e-14
609.623,3.46738e+19,3.15423e-14
653.223,3.46738e+19,3.08189e-14
699.941,3.46738e+19,3.00976e-14
750.000,3.46738e+19,2.93799e-14
0.750000,3.63078e+19,3.71688e-22
0.803639,3.63078e+19,1.20481e-21
0.861115,3.63078e+19,3.60098e-21
0.922702,3.63078e+19,9.97536e-21
0.988693,3.63078e+19,2.57432e-20
1.05940,3.63078e+19,6.22094e-20
1.13517,3.63078e+19,1.41493e-19
1.21636,3.63078e+19,3.04460e-19
1.30335,3.63078e+19,6.22980e-19
1.39657,3.63078e+19,1.21839e-18
1.49645,3.63078e+19,2.28747e-18
1.60347,3.63078e+19,4.13288e-18
1.71815,3.63078e+19,7.20157e-18
1.84103,3.63078e+19,1.21287e-17
1.97270,3.63078e+19,1.97866e-17
2.11379,3.63078e+19,3.13353e-17
2.26496,3.63078e+19,4.82790e-17
2.42695,3.63078e+19,7.25246e-17
2.60053,3.63078e+19,1.06454e-16
2.78651,3.63078e+19,1.53015e-16
2.98580,3.63078e+19,2.15773e-16
3.19935,3.63078e+19,2.98774e-16
3.42816,3.63078e+19,4.06529e-16
3.67334,3.63078e+19,5.43962e-16
3.93606,3.63078e+19,7.16319e-16
4.21756,3.63078e+19,9.29007e-16
4.51920,3.63078e+19,1.18752e-15
4.84241,3.63078e+19,1.49722e-15
5.18873,3.63078e+19,1.86331e-15
5.55983,3.63078e+19,2.29070e-15
5.95746,3.63078e+19,2.78370e-15
6.38354,3.63078e+19,3.34570e-15
6.84008,3.63078e+19,3.97896e-15
7.32928,3.63078e+19,4.68471e-15
7.85346,3.63078e+19,5.46315e-15
8.41514,3.63078e+19,6.31335e-15
9.01698,3.63078e+19,7.23357e-15
9.66187,3.63078e+19,8.22111e-15
10.3529,3.63078e+19,9.27273e-15
11.0933,3.63078e+19,1.03848e-14
11.8867,3.63078e+19,1.15532e-14
12.7368,3.63078e+19,1.27721e-14
13.6478,3.63078e+19,1.40353e-14
14.6238,3.63078e+19,1.53365e-14
15.6697,3.63078e+19,1.66691e-14
16.7904,3.63078e+19,1.80271e-14
17.9912,3.63078e+19,1.94045e-14
19.2780,3.63078e+19,2.07963e-14
20.6567,3.63078e+19,2.21982e-14
22.1341,3.63078e+19,2.36069e-14
23.7171,3.63078e+19,2.50189e-14
25.4133,3.63078e+19,2.64270e-14
27.2309,3.63078e+19,2.78225e-14
29.1784,3.63078e+19,2.91970e-14
31.2652,3.63078e+19,3.05417e-14
33.5013,3.63078e+19,3.18483e-14
35.8973,3.63078e+19,3.31080e-14
38.4646,3.63078e+19,3.43131e-14
41.2156,3.63078e+19,3.54557e-14
44.1633,3.63078e+19,3.65284e-14
47.3218,3.63078e+19,3.75256e-14
50.7062,3.63078e+19,3.84438e-14
54.3327,3.63078e+19,3.92811e-14
58.2185,3.63078e+19,4.00366e-14
62.3823,3.63078e+19,4.07105e-14
66.8438,3.63078e+19,4.13037e-14
71.6244,3.63078e+19,4.18178e-14
76.7470,3.63078e+19,4.22555e-14
82.2359,3.63078e+19,4.26196e-14
88.1173,3.63078e+19,4.29141e-14
94.4194,3.63078e+19,4.31426e-14
101.172,3.63078e+19,4.33059e-14
108.408,3.63078e+19,4.34057e-14
116.161,3.63078e+19,4.34424e-14
124.469,3.63078e+19,4.34180e-14
133.371,3.63078e+19,4.33336e-14
142.910,3.63078e+19,4.31917e-14
153.130,3.63078e+19,4.29945e-14
164.082,3.63078e+19,4.27440e-14
175.817,3.63078e+19,4.24432e-14
188.392,3.63078e+19,4.20944e-14
201.865,3.63078e+19,4.17005e-14
216.302,3.63078e+19,4.12644e-14
231.772,3.63078e+19,4.07891e-14
248.348,3.63078e+19,4.02775e-14
266.110,3.63078e+19,3.97325e-14
285.142,3.63078e+19,3.91574e-14
305.535,3.63078e+19,3.85549e-14
327.387,3.63078e+19,3.79281e-14
350.801,3.63078e+19,3.72797e-14
375.890,3.63078e+19,3.66130e-14
402.774,3.63078e+19,3.59304e-14
431.580,3.63078e+19,3.52344e-14
462.446,3.63078e+19,3.45279e-14
495.520,3.63078e+19,3.38132e-14
530.959,3.63078e+19,3.30927e-14
568.933,3.63078e+19,3.23688e-14
609.623,3.63078e+19,3.16432e-14
653.223,3.63078e+19,3.09181e-14
699.941,3.63078e+19,3.01955e-14
750.000,3.63078e+19,2.94769e-14
0.750000,3.80189e+19,3.80892e-22
0.803639,3.80189e+19,1.23355e-21
0.861115,3.80189e+19,3.68384e-21
0.922702,3.80189e+19,1.01967e-20
0.988693,3.80189e+19,2.62944e-20
1.05940,3.80189e+19,6.34956e-20
1.13517,3.80189e+19,1.44319e-19
1.21636,3.80189e+19,3.10337e-19
1.30335,3.80189e+19,6.34603e-19
1.39657,3.80189e+19,1.24038e-18
1.49645,3.80189e+19,2.32744e-18
1.60347,3.80189e+19,4.20275e-18
1.71815,3.80189e+19,7.31942e-18
1.84103,3.80189e+19,1.23207e-17
1.97270,3.80189e+19,2.00894e-17
2.11379,3.80189e+19,3.17985e-17
2.26496,3.80189e+19,4.89664e-17
2.42695,3.80189e+19,7.35171e-17
2.60053,3.80189e+19,1.07851e-16
2.78651,3.80189e+19,1.54931e-16
2.98580,3.80189e+19,2.18342e-16
3.19935,3.80189e+19,3.02139e-16
3.42816,3.80189e+19,4.10847e-16
3.67334,3.80189e+19,5.49399e-16
3.93606,3.80189e+19,7.23031e-16
4.21756,3.80189e+19,9.37172e-16
4.51920,3.80189e+19,1.19730e-15
4.84241,3.80189e+19,1.50882e-15
5.18873,3.80189e+19,1.87694e-15
5.55983,3.80189e+19,2.30663e-15
5.95746,3.80189e+19,2.80231e-15
6.38354,3.80189e+19,3.36739e-15
6.84008,3.80189e+19,4.00417e-15
7.32928,3.80189e+19,4.71400e-15
7.85346,3.80189e+19,5.49701e-15
8.41514,3.80189e+19,6.35239e-15
9.01698,3.80189e+19,7.27830e-15
9.66187,3.80189e+19,8.27194e-15
10.3529,3.80189e+19,9.33014e-15
11.0933,3.80189e+19,1.04490e-14
11.8867,3.80189e+19,1.16242e-14
12.7368,3.80189e+19,1.28499e-14
13.6478,3.80189e+19,1.41198e-14
14.6238,3.80189e+19,1.54275e-14
15.6697,3.80189e+19,1.67664e-14
16.7904,3.80189e+19,1.81302e-14
17.9912,3.80189e+19,1.95133e-14
19.2780,3.80189e+19,2.09105e-14
20.6567,3.80189e+19,2.23175e-14
22.1341,3.80189e+19,2.37310e-14
23.7171,3.80189e+19,2.51478e-14
25.4133,3.80189e+19,2.65604e-14
27.2309,3.80189e+19,2.79605e-14
29.1784,3.80189e+19,2.93391e-14
31.2652,3.80189e+19,3.06880e-14
33.5013,3.80189e+19,3.19983e-14
35.8973,3.80189e+19,3.32617e-14
38.4646,3.80189e+19,3.44703e-14
41.2156,3.80189e+19,3.56166e-14
44.1633,3.80189e+19,3.66928e-14
47.3218,3.80189e+19,3.76933e-14
50.7062,3.80189e+19,3.86147e-14
54.3327,3.80189e+19,3.94548e-14
58.2185,3.80189e+19,4.02132e-14
62.3823,3.80189e+19,4.08897e-14
66.8438,3.80189e+19,4.14852e-14
71.6244,3.80189e+19,4.20010e-14
76.7470,3.80189e+19,4.24401e-14
82.2359,3.80189e+19,4.28051e-14
88.1173,3.80189e+19,4.31003e-14
94.4194,3.80189e+19,4.33286e-14
101.172,3.80189e+19,4.34914e-14
108.408,3.80189e+19,4.35898e-14
116.161,3.80189e+19,4.36249e-14
124.469,3.80189e+19,4.35982e-14
133.371,3.80189e+19,4.35116e-14
142.910,3.80189e+19,4.33667e-14
153.130,3.80189e+19,4.31663e-14
164.082,3.80189e+19,4.29127e-14
175.817,3.80189e+19,4.26081e-14
188.392,3.80189e+19,4.22555e-14
201.865,3.80189e+19,4.18576e-14
216.302,3.80189e+19,4.14175e-14
231.772,3.80189e+19,4.09379e-14
248.348,3.80189e+19,4.04222e-14
266.110,3.80189e+19,3.98733e-14
285.142,3.80189e+19,3.92940e-14
305.535,3.80189e+19,3.86877e-14
327.387,3.80189e+19,3.80570e-14
350.801,3.80189e+19,3.74050e-14
375.890,3.80189e+19,3.67346e-14
402.774,3.80189e+19,3.60486e-14
431.580,3.80189e+19,3.53496e-14
462.446,3.80189e+19,3.46402e-14
495.520,3.80189e+19,3.39229e-14
530.959,3.80189e+19,3.32001e-14
568.933,3.80189e+19,3.24739e-14
609.623,3.80189e+19,3.17464e-14
653.223,3.80189e+19,3.10199e-14
699.941,3.80189e+19,3.02960e-14
750.000,3.80189e+19,2.95765e-14
0.750000,3.98108e+19,3.90423e-22
0.803639,3.98108e+19,1.26331e-21
0.861115,3.98108e+19,3.76950e-21
0.922702,3.98108e+19,1.04255e-20
0.988693,3.98108e+19,2.68640e-20
1.05940,3.98108e+19,6.48234e-20
1.13517,3.98108e+19,1.47234e-19
1.21636,3.98108e+19,3.16394e-19
1.30335,3.98108e+19,6.46584e-19
1.39657,3.98108e+19,1.26302e-18
1.49645,3.98108e+19,2.36856e-18
1.60347,3.98108e+19,4.27471e-18
1.71815,3.98108e+19,7.44069e-18
1.84103,3.98108e+19,1.25183e-17
1.97270,3.98108e+19,2.04008e-17
2.11379,3.98108e+19,3.22745e-17
2.26496,3.98108e+19,4.96731e-17
2.42695,3.98108e+19,7.45377e-17
2.60053,3.98108e+19,1.09285e-16
2.78651,3.98108e+19,1.56900e-16
2.98580,3.98108e+19,2.20979e-16
3.19935,3.98108e+19,3.05594e-16
3.42816,3.98108e+19,4.15283e-16
3.67334,3.98108e+19,5.54973e-16
3.93606,3.98108e+19,7.29915e-16
4.21756,3.98108e+19,9.45532e-16
4.51920,3.98108e+19,1.20732e-15
4.84241,3.98108e+19,1.52069e-15
5.18873,3.98108e+19,1.89090e-15
5.55983,3.98108e+19,2.32294e-15
5.95746,3.98108e+19,2.82134e-15
6.38354,3.98108e+19,3.38956e-15
6.84008,3.98108e+19,4.02996e-15
7.32928,3.98108e+19,4.74393e-15
7.85346,3.98108e+19,5.53161e-15
8.41514,3.98108e+19,6.39228e-15
9.01698,3.98108e+19,7.32395e-15
9.66187,3.98108e+19,8.32392e-15
10.3529,3.98108e+19,9.38873e-15
11.0933,3.98108e+19,1.05145e-14
11.8867,3.98108e+19,1.16966e-14
12.7368,3.98108e+19,1.29293e-14
13.6478,3.98108e+19,1.42060e-14
14.6238,3.98108e+19,1.55202e-14
15.6697,3.98108e+19,1.68655e-14
16.7904,3.98108e+19,1.82355e-14
17.9912,3.98108e+19,1.96244e-14
19.2780,3.98108e+19,2.10271e-14
20.6567,3.98108e+19,2.24393e-14
22.1341,3.98108e+19,2.38579e-14
23.7171,3.98108e+19,2.52793e-14
25.4133,3.98108e+19,2.66968e-14
27.2309,3.98108e+19,2.81011e-14
29.1784,3.98108e+19,2.94841e-14
31.2652,3.98108e+19,3.08371e-14
33.5013,3.98108e+19,3.21514e-14
35.8973,3.98108e+19,3.34187e-14
38.4646,3.98108e+19,3.46311e-14
41.2156,3.98108e+19,3.57809e-14
44.1633,3.98108e+19,3.68605e-14
47.3218,3.98108e+19,3.78644e-14
50.7062,3.98108e+19,3.87889e-14
54.3327,3.98108e+19,3.96321e-14
58.2185,3.98108e+19,4.03934e-14
62.3823,3.98108e+19,4.10725e-14
66.8438,3.98108e+19,4.16702e-14
71.6244,3.98108e+19,4.21881e-14
76.7470,3.98108e+19,4.26285e-14
82.2359,3.98108e+19,4.29947e-14
88.1173,3.98108e+19,4.32902e-14
94.4194,3.98108e+19,4.35182e-14
101.172,3.98108e+19,4.36806e-14
108.408,3.98108e+19,4.37779e-14
116.161,3.98108e+19,4.38113e-14
124.469,3.98108e+19,4.37824e-14
133.371,3.98108e+19,4.36933e-14
142.910,3.98108e+19,4.35456e-14
153.130,3.98108e+19,4.33420e-14
164.082,3.98108e+19,4.30846e-14
175.817,3.98108e+19,4.27763e-14
188.392,3.98108e+19,4.24199e-14
201.865,3.98108e+19,4.20180e-14
216.302,3.98108e+19,4.15736e-14
231.772,3.98108e+19,4.10902e-14
248.348,3.98108e+19,4.05702e-14
266.110,3.98108e+19,4.00171e-14
285.142,3.98108e+19,3.94337e-14
305.535,3.98108e+19,3.88232e-14
327.387,3.98108e+19,3.81888e-14
350.801,3.98108e+19,3.75330e-14
375.890,3.98108e+19,3.68591e-14
402.774,3.98108e+19,3.61697e-14
431.580,3.98108e+19,3.54676e-14
462.446,3.98108e+19,3.47552e-14
495.520,3.98108e+19,3.40353e-14
530.959,3.98108e+19,3.33100e-14
568.933,3.98108e+19,3.25817e-14
609.623,3.98108e+19,3.18523e-14
653.223,3.98108e+19,3.11241e-14
699.941,3.98108e+19,3.03988e-14
750.000,3.98108e+19,2.96780e-14
0.750000,4.16870e+19,4.00294e-22
0.803639,4.16870e+19,1.29410e-21
0.861115,4.16870e+19,3.85811e-21
0.922702,4.16870e+19,1.06620e-20
0.988693,4.16870e+19,2.74520e-20
1.05940,4.16870e+19,6.61935e-20
1.13517,4.16870e+19,1.50241e-19
1.21636,4.16870e+19,3.22640e-19
1.30335,4.16870e+19,6.58922e-19
1.39657,4.16870e+19,1.28635e-18
1.49645,4.16870e+19,2.41093e-18
1.60347,4.16870e+19,4.34872e-18
1.71815,4.16870e+19,7.56540e-18
1.84103,4.16870e+19,1.27214e-17
1.97270,4.16870e+19,2.07209e-17
2.11379,4.16870e+19,3.27636e-17
2.26496,4.16870e+19,5.03989e-17
2.42695,4.16870e+19,7.55851e-17
2.60053,4.16870e+19,1.10758e-16
2.78651,4.16870e+19,1.58921e-16
2.98580,4.16870e+19,2.23686e-16
3.19935,4.16870e+19,3.09140e-16
3.42816,4.16870e+19,4.19827e-16
3.67334,4.16870e+19,5.60686e-16
3.93606,4.16870e+19,7.36971e-16
4.21756,4.16870e+19,9.54101e-16
4.51920,4.16870e+19,1.21758e-15
4.84241,4.16870e+19,1.53285e-15
5.18873,4.16870e+19,1.90517e-15
5.55983,4.16870e+19,2.33963e-15
5.95746,4.16870e+19,2.84081e-15
6.38354,4.16870e+19,3.41222e-15
6.84008,4.16870e+19,4.05635e-15
7.32928,4.16870e+19,4.77454e-15
7.85346,4.16870e+19,5.56701e-15
8.41514,4.16870e+19,6.43301e-15
9.01698,4.16870e+19,7.37059e-15
9.66187,4.16870e+19,8.37702e-15
10.3529,4.16870e+19,9.44862e-15
11.0933,4.16870e+19,1.05814e-14
11.8867,4.16870e+19,1.17706e-14
12.7368,4.16870e+19,1.30103e-14
13.6478,4.16870e+19,1.42940e-14
14.6238,4.16870e+19,1.56151e-14
15.6697,4.16870e+19,1.69669e-14
16.7904,4.16870e+19,1.83431e-14
17.9912,4.16870e+19,1.97379e-14
19.2780,4.16870e+19,2.11461e-14
20.6567,4.16870e+19,2.25637e-14
22.1341,4.16870e+19,2.39874e-14
23.7171,4.16870e+19,2.54138e-14
25.4133,4.16870e+19,2.68358e-14
27.2309,4.16870e+19,2.82448e-14
29.1784,4.16870e+19,2.96321e-14
31.2652,4.16870e+19,3.09893e-14
33.5013,4.16870e+19,3.23078e-14
35.8973,4.16870e+19,3.35789e-14
38.4646,4.16870e+19,3.47950e-14
41.2156,4.16870e+19,3.59483e-14
44.1633,4.16870e+19,3.70316e-14
47.3218,4.16870e+19,3.80388e-14
50.7062,4.16870e+19,3.89666e-14
54.3327,4.16870e+19,3.98130e-14
58.2185,4.16870e+19,4.05772e-14
62.3823,4.16870e+19,4.12589e-14
66.8438,4.16870e+19,4.18588e-14
71.6244,4.16870e+19,4.23786e-14
76.7470,4.16870e+19,4.28206e-14
82.2359,4.16870e+19,4.31878e-14
88.1173,4.16870e+19,4.34838e-14
94.4194,4.16870e+19,4.37119e-14
101.172,4.16870e+19,4.38734e-14
108.408,4.16870e+19,4.39694e-14
116.161,4.16870e+19,4.40013e-14
124.469,4.16870e+19,4.39702e-14
133.371,4.16870e+19,4.38786e-14
142.910,4.16870e+19,4.37280e-14
153.130,4.16870e+19,4.35211e-14
164.082,4.16870e+19,4.32603e-14
175.817,4.16870e+19,4.29484e-14
188.392,4.16870e+19,4.25880e-14
201.865,4.16870e+19,4.21820e-14
216.302,4.16870e+19,4.17334e-14
231.772,4.16870e+19,4.12456e-14
248.348,4.16870e+19,4.07213e-14
266.110,4.16870e+19,4.01640e-14
285.142,4.16870e+19,3.95766e-14
305.535,4.16870e+19,3.89621e-14
327.387,4.16870e+19,3.83235e-14
350.801,4.16870e+19,3.76639e-14
375.890,4.16870e+19,3.69864e-14
402.774,4.16870e+19,3.62936e-14
431.580,4.16870e+19,3.55883e-14
462.446,4.16870e+19,3.48729e-14
495.520,4.16870e+19,3.41502e-14
530.959,4.16870e+19,3.34224e-14
568.933,4.16870e+19,3.26919e-14
609.623,4.16870e+19,3.19606e-14
653.223,4.16870e+19,3.12308e-14
699.941,4.16870e+19,3.05038e-14
750.000,4.16870e+19,2.97822e-14
0.750000,4.36515e+19,4.10522e-22
0.803639,4.36515e+19,1.32597e-21
0.861115,4.36515e+19,3.94979e-21
0.922702,4.36515e+19,1.09064e-20
0.988693,4.36515e+19,2.80594e-20
1.05940,4.36515e+19,6.76078e-20
1.13517,4.36515e+19,1.53342e-19
1.21636,4.36515e+19,3.29080e-19
1.30335,4.36515e+19,6.71644e-19
1.39657,4.36515e+19,1.31039e-18
1.49645,4.36515e+19,2.45454e-18
1.60347,4.36515e+19,4.42489e-18
1.71815,4.36515e+19,7.69374e-18
1.84103,4.36515e+19,1.29303e-17
1.97270,4.36515e+19,2.10502e-17
2.11379,4.36515e+19,3.32665e-17
2.26496,4.36515e+19,5.11452e-17
2.42695,4.36515e+19,7.66621e-17
2.60053,4.36515e+19,1.12272e-16
2.78651,4.36515e+19,1.60995e-16
2.98580,4.36515e+19,2.26465e-16
3.19935,4.36515e+19,3.12775e-16
3.42816,4.36515e+19,4.24488e-16
3.67334,4.36515e+19,5.66549e-16
3.93606,4.36515e+19,7.44201e-16
4.21756,4.36515e+19,9.62884e-16
4.51920,4.36515e+19,1.22810e-15
4.84241,4.36515e+19,1.54530e-15
5.18873,4.36515e+19,1.91980e-15
5.55983,4.36515e+19,2.35671e-15
5.95746,4.36515e+19,2.86072e-15
6.38354,4.36515e+19,3.43543e-15
6.84008,4.36515e+19,4.08330e-15
7.32928,4.36515e+19,4.80580e-15
7.85346,4.36515e+19,5.60319e-15
8.41514,4.36515e+19,6.47464e-15
9.01698,4.36515e+19,7.41823e-15
9.66187,4.36515e+19,8.43117e-15
10.3529,4.36515e+19,9.50969e-15
11.0933,4.36515e+19,1.06496e-14
11.8867,4.36515e+19,1.18461e-14
12.7368,4.36515e+19,1.30930e-14
13.6478,4.36515e+19,1.43838e-14
14.6238,4.36515e+19,1.57118e-14
15.6697,4.36515e+19,1.70702e-14
16.7904,4.36515e+19,1.84528e-14
17.9912,4.36515e+19,1.98537e-14
19.2780,4.36515e+19,2.12675e-14
20.6567,4.36515e+19,2.26906e-14
22.1341,4.36515e+19,2.41194e-14
23.7171,4.36515e+19,2.55509e-14
25.4133,4.36515e+19,2.69778e-14
27.2309,4.36515e+19,2.83914e-14
29.1784,4.36515e+19,2.97832e-14
31.2652,4.36515e+19,3.11446e-14
33.5013,4.36515e+19,3.24671e-14
35.8973,4.36515e+19,3.37423e-14
38.4646,4.36515e+19,3.49621e-14
41.2156,4.36515e+19,3.61190e-14
44.1633,4.36515e+19,3.72059e-14
47.3218,4.36515e+19,3.82165e-14
50.7062,4.36515e+19,3.91478e-14
54.3327,4.36515e+19,3.99974e-14
58.2185,4.36515e+19,4.07646e-14
62.3823,4.36515e+19,4.14489e-14
66.8438,4.36515e+19,4.20514e-14
71.6244,4.36515e+19,4.25733e-14
76.7470,4.36515e+19,4.30168e-14
82.2359,4.36515e+19,4.33848e-14
88.1173,4.36515e+19,4.36814e-14
94.4194,4.36515e+19,4.39094e-14
101.172,4.36515e+19,4.40705e-14
108.408,4.36515e+19,4.41652e-14
116.161,4.36515e+19,4.41954e-14
124.469,4.36515e+19,4.41623e-14
133.371,4.36515e+19,4.40680e-14
142.910,4.36515e+19,4.39145e-14
153.130,4.36515e+19,4.37044e-14
164.082,4.36515e+19,4.34400e-14
175.817,4.36515e+19,4.31241e-14
188.392,4.36515e+19,4.27596e-14
201.865,4.36515e+19,4.23497e-14
216.302,4.36515e+19,4.18969e-14
231.772,4.36515e+19,4.14047e-14
248.348,4.36515e+19,4.08763e-14
266.110,4.36515e+19,4.03146e-14
285.142,4.36515e+19,3.97229e-14
305.535,4.36515e+19,3.91042e-14
327.387,4.36515e+19,3.84617e-14
350.801,4.36515e+19,3.77983e-14
375.890,4.36515e+19,3.71170e-14
402.774,4.36515e+19,3.64207e-14
431.580,4.36515e+19,3.57120e-14
462.446,4.36515e+19,3.49936e-14
495.520,4.36515e+19,3.42681e-14
530.959,4.36515e+19,3.35378e-14
568.933,4.36515e+19,3.28049e-14
609.623,4.36515e+19,3.20717e-14
653.223,4.36515e+19,3.13401e-14
699.941,4.36515e+19,3.06121e-14
750.000,4.36515e+19,2.98891e-14
0.750000,4.57088e+19,4.21120e-22
0.803639,4.57088e+19,1.35900e-21
0.861115,4.57088e+19,4.04467e-21
0.922702,4.57088e+19,1.11592e-20
0.988693,4.57088e+19,2.86873e-20
1.05940,4.57088e+19,6.90694e-20
1.13517,4.57088e+19,1.56545e-19
1.21636,4.57088e+19,3.35722e-19
1.30335,4.57088e+19,6.84758e-19
1.39657,4.57088e+19,1.33515e-18
1.49645,4.57088e+19,2.49945e-18
1.60347,4.57088e+19,4.50334e-18
1.71815,4.57088e+19,7.82588e-18
1.84103,4.57088e+19,1.31454e-17
1.97270,4.57088e+19,2.13887e-17
2.11379,4.57088e+19,3.37837e-17
2.26496,4.57088e+19,5.19120e-17
2.42695,4.57088e+19,7.77684e-17
2.60053,4.57088e+19,1.13827e-16
2.78651,4.57088e+19,1.63127e-16
2.98580,4.57088e+19,2.29317e-16
3.19935,4.57088e+19,3.16511e-16
3.42816,4.57088e+19,4.29273e-16
3.67334,4.57088e+19,5.72559e-16
3.93606,4.57088e+19,7.51624e-16
4.21756,4.57088e+19,9.71895e-16
4.51920,4.57088e+19,1.23889e-15
4.84241,4.57088e+19,1.55807e-15
5.18873,4.57088e+19,1.93478e-15
5.55983,4.57088e+19,2.37423e-15
5.95746,4.57088e+19,2.88115e-15
6.38354,4.57088e+19,3.45921e-15
6.84008,4.57088e+19,4.11094e-15
7.32928,4.57088e+19,4.83783e-15
7.85346,4.57088e+19,5.64020e-15
8.41514,4.57088e+19,6.51719e-15
9.01698,4.57088e+19,7.46695e-15
9.66187,4.57088e+19,8.48647e-15
10.3529,4.57088e+19,9.57211e-15
11.0933,4.57088e+19,1.07194e-14
11.8867,4.57088e+19,1.19232e-14
12.7368,4.57088e+19,1.31775e-14
13.6478,4.57088e+19,1.44756e-14
14.6238,4.57088e+19,1.58106e-14
15.6697,4.57088e+19,1.71758e-14
16.7904,4.57088e+19,1.85648e-14
17.9912,4.57088e+19,1.99719e-14
19.2780,4.57088e+19,2.13918e-14
20.6567,4.57088e+19,2.28204e-14
22.1341,4.57088e+19,2.42545e-14
23.7171,4.57088e+19,2.56911e-14
25.4133,4.57088e+19,2.71229e-14
27.2309,4.57088e+19,2.85412e-14
29.1784,4.57088e+19,2.99377e-14
31.2652,4.57088e+19,3.13034e-14
33.5013,4.57088e+19,3.26300e-14
35.8973,4.57088e+19,3.39092e-14
38.4646,4.57088e+19,3.51327e-14
41.2156,4.57088e+19,3.62934e-14
44.1633,4.57088e+19,3.73838e-14
47.3218,4.57088e+19,3.83980e-14
50.7062,4.57088e+19,3.93325e-14
54.3327,4.57088e+19,4.01855e-14
58.2185,4.57088e+19,4.09557e-14
62.3823,4.57088e+19,4.16429e-14
66.8438,4.57088e+19,4.22478e-14
71.6244,4.57088e+19,4.27717e-14
76.7470,4.57088e+19,4.32167e-14
82.2359,4.57088e+19,4.35860e-14
88.1173,4.57088e+19,4.38831e-14
94.4194,4.57088e+19,4.41112e-14
101.172,4.57088e+19,4.42714e-14
108.408,4.57088e+19,4.43651e-14
116.161,4.57088e+19,4.43935e-14
124.469,4.57088e+19,4.43581e-14
133.371,4.57088e+19,4.42612e-14
142.910,4.57088e+19,4.41047e-14
153.130,4.57088e+19,4.38913e-14
164.082,4.57088e+19,4.36234e-14
175.817,4.57088e+19,4.33036e-14
188.392,4.57088e+19,4.29353e-14
201.865,4.57088e+19,4.25210e-14
216.302,4.57088e+19,4.20639e-14
231.772,4.57088e+19,4.15673e-14
248.348,4.57088e+19,4.10346e-14
266.110,4.57088e+19,4.04686e-14
285.142,4.57088e+19,3.98725e-14
305.535,4.57088e+19,3.92495e-14
327.387,4.57088e+19,3.86028e-14
350.801,4.57088e+19,3.79356e-14
375.890,4.57088e+19,3.72505e-14
402.774,4.57088e+19,3.65506e-14
431.580,4.57088e+19,3.58387e-14
462.446,4.57088e+19,3.51171e-14
495.520,4.57088e+19,3.43887e-14
530.959,4.57088e+19,3.36559e-14
568.933,4.57088e+19,3.29207e-14
609.623,4.57088e+19,3.21854e-14
653.223,4.57088e+19,3.14520e-14
699.941,4.57088e+19,3.07226e-14
750.000,4.57088e+19,2.99984e-14
0.750000,4.78630e+19,4.32110e-22
0.803639,4.78630e+19,1.39320e-21
0.861115,4.78630e+19,4.14286e-21
0.922702,4.78630e+19,1.14207e-20
0.988693,4.78630e+19,2.93363e-20
1.05940,4.78630e+19,7.05785e-20
1.13517,4.78630e+19,1.59850e-19
1.21636,4.78630e+19,3.42577e-19
1.30335,4.78630e+19,6.98279e-19
1.39657,4.78630e+19,1.36067e-18
1.49645,4.78630e+19,2.54573e-18
1.60347,4.78630e+19,4.58408e-18
1.71815,4.78630e+19,7.96187e-18
1.84103,4.78630e+19,1.33665e-17
1.97270,4.78630e+19,2.17371e-17
2.11379,4.78630e+19,3.43154e-17
2.26496,4.78630e+19,5.27007e-17
2.42695,4.78630e+19,7.89058e-17
2.60053,4.78630e+19,1.15425e-16
2.78651,4.78630e+19,1.65316e-16
2.98580,4.78630e+19,2.32247e-16
3.19935,4.78630e+19,3.20343e-16
3.42816,4.78630e+19,4.34183e-16
3.67334,4.78630e+19,5.78725e-16
3.93606,4.78630e+19,7.59226e-16
4.21756,4.78630e+19,9.81134e-16
4.51920,4.78630e+19,1.24994e-15
4.84241,4.78630e+19,1.57115e-15
5.18873,4.78630e+19,1.95015e-15
5.55983,4.78630e+19,2.39216e-15
5.95746,4.78630e+19,2.90206e-15
6.38354,4.78630e+19,3.48356e-15
6.84008,4.78630e+19,4.13921e-15
7.32928,4.78630e+19,4.87060e-15
7.85346,4.78630e+19,5.67806e-15
8.41514,4.78630e+19,6.56077e-15
9.01698,4.78630e+19,7.51676e-15
9.66187,4.78630e+19,8.54309e-15
10.3529,4.78630e+19,9.63586e-15
11.0933,4.78630e+19,1.07906e-14
11.8867,4.78630e+19,1.20020e-14
12.7368,4.78630e+19,1.32638e-14
13.6478,4.78630e+19,1.45692e-14
14.6238,4.78630e+19,1.59114e-14
15.6697,4.78630e+19,1.72836e-14
16.7904,4.78630e+19,1.86793e-14
17.9912,4.78630e+19,2.00926e-14
19.2780,4.78630e+19,2.15186e-14
20.6567,4.78630e+19,2.29528e-14
22.1341,4.78630e+19,2.43923e-14
23.7171,4.78630e+19,2.58342e-14
25.4133,4.78630e+19,2.72710e-14
27.2309,4.78630e+19,2.86941e-14
29.1784,4.78630e+19,3.00951e-14
31.2652,4.78630e+19,3.14653e-14
33.5013,4.78630e+19,3.27961e-14
35.8973,4.78630e+19,3.40792e-14
38.4646,4.78630e+19,3.53067e-14
41.2156,4.78630e+19,3.64711e-14
44.1633,4.78630e+19,3.75653e-14
47.3218,4.78630e+19,3.85830e-14
50.7062,4.78630e+19,3.95211e-14
54.3327,4.78630e+19,4.03773e-14
58.2185,4.78630e+19,4.11506e-14
62.3823,4.78630e+19,4.18406e-14
66.8438,4.78630e+19,4.24477e-14
71.6244,4.78630e+19,4.29738e-14
76.7470,4.78630e+19,4.34208e-14
82.2359,4.78630e+19,4.37911e-14
88.1173,4.78630e+19,4.40888e-14
94.4194,4.78630e+19,4.43167e-14
101.172,4.78630e+19,4.44765e-14
108.408,4.78630e+19,4.45690e-14
116.161,4.78630e+19,4.45956e-14
124.469,4.78630e+19,4.45581e-14
133.371,4.78630e+19,4.44586e-14
142.910,4.78630e+19,4.42992e-14
153.130,4.78630e+19,4.40822e-14
164.082,4.78630e+19,4.38106e-14
175.817,4.78630e+19,4.34871e-14
188.392,4.78630e+19,4.31145e-14
201.865,4.78630e+19,4.26959e-14
216.302,4.78630e+19,4.22346e-14
231.772,4.78630e+19,4.17336e-14
248.348,4.78630e+19,4.11962e-14
266.110,4.78630e+19,4.06259e-14
285.142,4.78630e+19,4.00255e-14
305.535,4.78630e+19,3.93982e-14
327.387,4.78630e+19,3.87474e-14
350.801,4.78630e+19,3.80761e-14
375.890,4.78630e+19,3.73873e-14
402.774,4.78630e+19,3.66837e-14
431.580,4.78630e+19,3.59683e-14
462.446,4.78630e+19,3.52436e-14
495.520,4.78630e+19,3.45123e-14
530.959,4.78630e+19,3.37768e-14
568.933,4.78630e+19,3.30393e-14
609.623,4.78630e+19,3.23020e-14
653.223,4.78630e+19,3.15668e-14
699.941,4.78630e+19,3.08357e-14
750.000,4.78630e+19,3.01104e-14
0.750000,5.01188e+19,4.43509e-22
0.803639,5.01188e+19,1.42864e-21
0.861115,5.01188e+19,4.24457e-21
0.922702,5.01188e+19,1.16913e-20
0.988693,5.01188e+19,3.00074e-20
1.05940,5.01188e+19,7.21382e-20
1.13517,5.01188e+19,1.63264e-19
1.21636,5.01188e+19,3.49649e-19
1.30335,5.01188e+19,7.12225e-19
1.39657,5.01188e+19,1.38698e-18
1.49645,5.01188e+19,2.59338e-18
1.60347,5.01188e+19,4.66726e-18
1.71815,5.01188e+19,8.10179e-18
1.84103,5.01188e+19,1.35941e-17
1.97270,5.01188e+19,2.20952e-17
2.11379,5.01188e+19,3.48619e-17
2.26496,5.01188e+19,5.35108e-17
2.42695,5.01188e+19,8.00741e-17
2.60053,5.01188e+19,1.17065e-16
2.78651,5.01188e+19,1.67564e-16
2.98580,5.01188e+19,2.35253e-16
3.19935,5.01188e+19,3.24277e-16
3.42816,5.01188e+19,4.39220e-16
3.67334,5.01188e+19,5.85053e-16
3.93606,5.01188e+19,7.67034e-16
4.21756,5.01188e+19,9.90603e-16
4.51920,5.01188e+19,1.26129e-15
4.84241,5.01188e+19,1.58458e-15
5.18873,5.01188e+19,1.96591e-15
5.55983,5.01188e+19,2.41055e-15
5.95746,5.01188e+19,2.92350e-15
6.38354,5.01188e+19,3.50848e-15
6.84008,5.01188e+19,4.16818e-15
7.32928,5.01188e+19,4.90412e-15
7.85346,5.01188e+19,5.71677e-15
8.41514,5.01188e+19,6.60526e-15
9.01698,5.01188e+19,7.56766e-15
9.66187,5.01188e+19,8.60087e-15
10.3529,5.01188e+19,9.70099e-15
11.0933,5.01188e+19,1.08632e-14
11.8867,5.01188e+19,1.20823e-14
12.7368,5.01188e+19,1.33517e-14
13.6478,5.01188e+19,1.46647e-14
14.6238,5.01188e+19,1.60143e-14
15.6697,5.01188e+19,1.73935e-14
16.7904,5.01188e+19,1.87960e-14
17.9912,5.01188e+19,2.02159e-14
19.2780,5.01188e+19,2.16479e-14
20.6567,5.01188e+19,2.30880e-14
22.1341,5.01188e+19,2.45332e-14
23.7171,5.01188e+19,2.59803e-14
25.4133,5.01188e+19,2.74222e-14
27.2309,5.01188e+19,2.88503e-14
29.1784,5.01188e+19,3.02561e-14
31.2652,5.01188e+19,3.16307e-14
33.5013,5.01188e+19,3.29657e-14
35.8973,5.01188e+19,3.42531e-14
38.4646,5.01188e+19,3.54846e-14
41.2156,5.01188e+19,3.66527e-14
44.1633,5.01188e+19,3.77506e-14
47.3218,5.01188e+19,3.87720e-14
50.7062,5.01188e+19,3.97136e-14
54.3327,5.01188e+19,4.05731e-14
58.2185,5.01188e+19,4.13495e-14
62.3823,5.01188e+19,4.20423e-14
66.8438,5.01188e+19,4.26522e-14
71.6244,5.01188e+19,4.31804e-14
76.7470,5.01188e+19,4.36289e-14
82.2359,5.01188e+19,4.40007e-14
88.1173,5.01188e+19,4.42989e-14
94.4194,5.01188e+19,4.45267e-14
101.172,5.01188e+19,4.46861e-14
108.408,5.01188e+19,4.47772e-14
116.161,5.01188e+19,4.48020e-14
124.469,5.01188e+19,4.47624e-14
133.371,5.01188e+19,4.46602e-14
142.910,5.01188e+19,4.44978e-14
153.130,5.01188e+19,4.42775e-14
164.082,5.01188e+19,4.40021e-14
175.817,5.01188e+19,4.36746e-14
188.392,5.01188e+19,4.32978e-14
201.865,5.01188e+19,4.28749e-14
216.302,5.01188e+19,4.24092e-14
231.772,5.01188e+19,4.19038e-14
248.348,5.01188e+19,4.13619e-14
266.110,5.01188e+19,4.07868e-14
285.142,5.01188e+19,4.01821e-14
305.535,5.01188e+19,3.95505e-14
327.387,5.01188e+19,3.88955e-14
350.801,5.01188e+19,3.82202e-14
375.890,5.01188e+19,3.75274e-14
402.774,5.01188e+19,3.68201e-14
431.580,5.01188e+19,3.61014e-14
462.446,5.01188e+19,3.53735e-14
495.520,5.01188e+19,3.46392e-14
530.959,5.01188e+19,3.39009e-14
568.933,5.01188e+19,3.31611e-14
609.623,5.01188e+19,3.24215e-14
653.223,5.01188e+19,3.16844e-14
699.941,5.01188e+19,3.09519e-14
750.000,5.01188e+19,3.02256e-14
0.750000,5.24807e+19,4.55324e-22
0.803639,5.24807e+19,1.46538e-21
0.861115,5.24807e+19,4.34986e-21
0.922702,5.24807e+19,1.19712e-20
0.988693,5.24807e+19,3.07011e-20
1.05940,5.24807e+19,7.37487e-20
1.13517,5.24807e+19,1.66787e-19
1.21636,5.24807e+19,3.56944e-19
1.30335,5.24807e+19,7.26603e-19
1.39657,5.24807e+19,1.41408e-18
1.49645,5.24807e+19,2.64248e-18
1.60347,5.24807e+19,4.75285e-18
1.71815,5.24807e+19,8.24581e-18
1.84103,5.24807e+19,1.38282e-17
1.97270,5.24807e+19,2.24636e-17
2.11379,5.24807e+19,3.54241e-17
2.26496,5.24807e+19,5.43435e-17
2.42695,5.24807e+19,8.12736e-17
2.60053,5.24807e+19,1.18751e-16
2.78651,5.24807e+19,1.69871e-16
2.98580,5.24807e+19,2.38340e-16
3.19935,5.24807e+19,3.28313e-16
3.42816,5.24807e+19,4.44391e-16
3.67334,5.24807e+19,5.91543e-16
3.93606,5.24807e+19,7.75043e-16
4.21756,5.24807e+19,1.00032e-15
4.51920,5.24807e+19,1.27292e-15
4.84241,5.24807e+19,1.59834e-15
5.18873,5.24807e+19,1.98205e-15
5.55983,5.24807e+19,2.42942e-15
5.95746,5.24807e+19,2.94548e-15
6.38354,5.24807e+19,3.53405e-15
6.84008,5.24807e+19,4.19784e-15
7.32928,5.24807e+19,4.93850e-15
7.85346,5.24807e+19,5.75640e-15
8.41514,5.24807e+19,6.65080e-15
9.01698,5.24807e+19,7.61966e-15
9.66187,5.24807e+19,8.65993e-15
10.3529,5.24807e+19,9.76750e-15
11.0933,5.24807e+19,1.09374e-14
11.8867,5.24807e+19,1.21643e-14
12.7368,5.24807e+19,1.34415e-14
13.6478,5.24807e+19,1.47622e-14
14.6238,5.24807e+19,1.61192e-14
15.6697,5.24807e+19,1.75057e-14
16.7904,5.24807e+19,1.89152e-14
17.9912,5.24807e+19,2.03416e-14
19.2780,5.24807e+19,2.17799e-14
20.6567,5.24807e+19,2.32259e-14
22.1341,5.24807e+19,2.46768e-14
23.7171,5.24807e+19,2.61295e-14
25.4133,5.24807e+19,2.75766e-14
27.2309,5.24807e+19,2.90098e-14
29.1784,5.24807e+19,3.04201e-14
31.2652,5.24807e+19,3.17994e-14
33.5013,5.24807e+19,3.31387e-14
35.8973,5.24807e+19,3.44302e-14
38.4646,5.24807e+19,3.56657e-14
41.2156,5.24807e+19,3.68378e-14
44.1633,5.24807e+19,3.79393e-14
47.3218,5.24807e+19,3.89644e-14
50.7062,5.24807e+19,3.99097e-14
54.3327,5.24807e+19,4.07726e-14
58.2185,5.24807e+19,4.15523e-14
62.3823,5.24807e+19,4.22480e-14
66.8438,5.24807e+19,4.28605e-14
71.6244,5.24807e+19,4.33911e-14
76.7470,5.24807e+19,4.38412e-14
82.2359,5.24807e+19,4.42141e-14
88.1173,5.24807e+19,4.45129e-14
94.4194,5.24807e+19,4.47410e-14
101.172,5.24807e+19,4.48995e-14
108.408,5.24807e+19,4.49895e-14
116.161,5.24807e+19,4.50128e-14
124.469,5.24807e+19,4.49710e-14
133.371,5.24807e+19,4.48660e-14
142.910,5.24807e+19,4.47005e-14
153.130,5.24807e+19,4.44767e-14
164.082,5.24807e+19,4.41975e-14
175.817,5.24807e+19,4.38661e-14
188.392,5.24807e+19,4.34850e-14
201.865,5.24807e+19,4.30579e-14
216.302,5.24807e+19,4.25875e-14
231.772,5.24807e+19,4.20777e-14
248.348,5.24807e+19,4.15311e-14
266.110,5.24807e+19,4.09516e-14
285.142,5.24807e+19,4.03423e-14
305.535,5.24807e+19,3.97064e-14
327.387,5.24807e+19,3.90471e-14
350.801,5.24807e+19,3.83675e-14
375.890,5.24807e+19,3.76709e-14
402.774,5.24807e+19,3.69599e-14
431.580,5.24807e+19,3.62373e-14
462.446,5.24807e+19,3.55062e-14
495.520,5.24807e+19,3.47691e-14
530.959,5.24807e+19,3.40281e-14
568.933,5.24807e+19,3.32855e-14
609.623,5.24807e+19,3.25440e-14
653.223,5.24807e+19,3.18052e-14
699.941,5.24807e+19,3.10710e-14
750.000,5.24807e+19,3.03431e-14
0.750000,5.49541e+19,4.67589e-22
0.803639,5.49541e+19,1.50344e-21
0.861115,5.49541e+19,4.45896e-21
0.922702,5.49541e+19,1.22611e-20
0.988693,5.49541e+19,3.14190e-20
1.05940,5.49541e+19,7.54147e-20
1.13517,5.49541e+19,1.70427e-19
1.21636,5.49541e+19,3.64480e-19
1.30335,5.49541e+19,7.41445e-19
1.39657,5.49541e+19,1.44204e-18
1.49645,5.49541e+19,2.69309e-18
1.60347,5.49541e+19,4.84109e-18
1.71815,5.49541e+19,8.39418e-18
1.84103,5.49541e+19,1.40693e-17
1.97270,5.49541e+19,2.28428e-17
2.11379,5.49541e+19,3.60023e-17
2.26496,5.49541e+19,5.52002e-17
2.42695,5.49541e+19,8.25082e-17
2.60053,5.49541e+19,1.20482e-16
2.78651,5.49541e+19,1.72242e-16
2.98580,5.49541e+19,2.41510e-16
3.19935,5.49541e+19,3.32458e-16
3.42816,5.49541e+19,4.49700e-16
3.67334,5.49541e+19,5.98208e-16
3.93606,5.49541e+19,7.83261e-16
4.21756,5.49541e+19,1.01030e-15
4.51920,5.49541e+19,1.28485e-15
4.84241,5.49541e+19,1.61247e-15
5.18873,5.49541e+19,1.99863e-15
5.55983,5.49541e+19,2.44878e-15
5.95746,5.49541e+19,2.96804e-15
6.38354,5.49541e+19,3.56026e-15
6.84008,5.49541e+19,4.22826e-15
7.32928,5.49541e+19,4.97370e-15
7.85346,5.49541e+19,5.79699e-15
8.41514,5.49541e+19,6.69739e-15
9.01698,5.49541e+19,7.67289e-15
9.66187,5.49541e+19,8.72030e-15
10.3529,5.49541e+19,9.83543e-15
11.0933,5.49541e+19,1.10133e-14
11.8867,5.49541e+19,1.22481e-14
12.7368,5.49541e+19,1.35332e-14
13.6478,5.49541e+19,1.48617e-14
14.6238,5.49541e+19,1.62264e-14
15.6697,5.49541e+19,1.76203e-14
16.7904,5.49541e+19,1.90368e-14
17.9912,5.49541e+19,2.04701e-14
19.2780,5.49541e+19,2.19148e-14
20.6567,5.49541e+19,2.33669e-14
22.1341,5.49541e+19,2.48236e-14
23.7171,5.49541e+19,2.62818e-14
25.4133,5.49541e+19,2.77343e-14
27.2309,5.49541e+19,2.91725e-14
29.1784,5.49541e+19,3.05878e-14
31.2652,5.49541e+19,3.19716e-14
33.5013,5.49541e+19,3.33155e-14
35.8973,5.49541e+19,3.46112e-14
38.4646,5.49541e+19,3.58508e-14
41.2156,5.49541e+19,3.70268e-14
44.1633,5.49541e+19,3.81322e-14
47.3218,5.49541e+19,3.91610e-14
50.7062,5.49541e+19,4.01098e-14
54.3327,5.49541e+19,4.09764e-14
58.2185,5.49541e+19,4.17592e-14
62.3823,5.49541e+19,4.24580e-14
66.8438,5.49541e+19,4.30731e-14
71.6244,5.49541e+19,4.36058e-14
76.7470,5.49541e+19,4.40580e-14
82.2359,5.49541e+19,4.44321e-14
88.1173,5.49541e+19,4.47315e-14
94.4194,5.49541e+19,4.49594e-14
101.172,5.49541e+19,4.51174e-14
108.408,5.49541e+19,4.52062e-14
116.161,5.49541e+19,4.52278e-14
124.469,5.49541e+19,4.51835e-14
133.371,5.49541e+19,4.50760e-14
142.910,5.49541e+19,4.49074e-14
153.130,5.49541e+19,4.46799e-14
164.082,5.49541e+19,4.43971e-14
175.817,5.49541e+19,4.40615e-14
188.392,5.49541e+19,4.36765e-14
201.865,5.49541e+19,4.32447e-14
216.302,5.49541e+19,4.27699e-14
231.772,5.49541e+19,4.22553e-14
248.348,5.49541e+19,4.17044e-14
266.110,5.49541e+19,4.11201e-14
285.142,5.49541e+19,4.05062e-14
305.535,5.49541e+19,3.98659e-14
327.387,5.49541e+19,3.92021e-14
350.801,5.49541e+19,3.85183e-14
375.890,5.49541e+19,3.78177e-14
402.774,5.49541e+19,3.71030e-14
431.580,5.49541e+19,3.63770e-14
462.446,5.49541e+19,3.56425e-14
495.520,5.49541e+19,3.49021e-14
530.959,5.49541e+19,3.41584e-14
568.933,5.49541e+19,3.34133e-14
609.623,5.49541e+19,3.26695e-14
653.223,5.49541e+19,3.19289e-14
699.941,5.49541e+19,3.11930e-14
750.000,5.49541e+19,3.04638e-14
0.750000,5.75440e+19,4.80315e-22
0.803639,5.75440e+19,1.54295e-21
0.861115,5.75440e+19,4.57202e-21
0.922702,5.75440e+19,1.25612e-20
0.988693,5.75440e+19,3.21617e-20
1.05940,5.75440e+19,7.71369e-20
1.13517,5.75440e+19,1.74190e-19
1.21636,5.75440e+19,3.72258e-19
1.30335,5.75440e+19,7.56759e-19
1.39657,5.75440e+19,1.47088e-18
1.49645,5.75440e+19,2.74527e-18
1.60347,5.75440e+19,4.93198e-18
1.71815,5.75440e+19,8.54689e-18
1.84103,5.75440e+19,1.43173e-17
1.97270,5.75440e+19,2.32327e-17
2.11379,5.75440e+19,3.65969e-17
2.26496,5.75440e+19,5.60808e-17
2.42695,5.75440e+19,8.37759e-17
2.60053,5.75440e+19,1.22262e-16
2.78651,5.75440e+19,1.74677e-16
2.98580,5.75440e+19,2.44767e-16
3.19935,5.75440e+19,3.36716e-16
3.42816,5.75440e+19,4.55146e-16
3.67334,5.75440e+19,6.05049e-16
3.93606,5.75440e+19,7.91690e-16
4.21756,5.75440e+19,1.02053e-15
4.51920,5.75440e+19,1.29711e-15
4.84241,5.75440e+19,1.62698e-15
5.18873,5.75440e+19,2.01566e-15
5.55983,5.75440e+19,2.46867e-15
5.95746,5.75440e+19,2.99119e-15
6.38354,5.75440e+19,3.58717e-15
6.84008,5.75440e+19,4.25948e-15
7.32928,5.75440e+19,5.00978e-15
7.85346,5.75440e+19,5.83858e-15
8.41514,5.75440e+19,6.74513e-15
9.01698,5.75440e+19,7.72735e-15
9.66187,5.75440e+19,8.78202e-15
10.3529,5.75440e+19,9.90490e-15
11.0933,5.75440e+19,1.10907e-14
11.8867,5.75440e+19,1.23337e-14
12.7368,5.75440e+19,1.36269e-14
13.6478,5.75440e+19,1.49634e-14
14.6238,5.75440e+19,1.63358e-14
15.6697,5.75440e+19,1.77373e-14
16.7904,5.75440e+19,1.91610e-14
17.9912,5.75440e+19,2.06010e-14
19.2780,5.75440e+19,2.20524e-14
20.6567,5.75440e+19,2.35108e-14
22.1341,5.75440e+19,2.49734e-14
23.7171,5.75440e+19,2.64374e-14
25.4133,5.75440e+19,2.78953e-14
27.2309,5.75440e+19,2.93386e-14
29.1784,5.75440e+19,3.07589e-14
31.2652,5.75440e+19,3.21473e-14
33.5013,5.75440e+19,3.34958e-14
35.8973,5.75440e+19,3.47956e-14
38.4646,5.75440e+19,3.60394e-14
41.2156,5.75440e+19,3.72193e-14
44.1633,5.75440e+19,3.83284e-14
47.3218,5.75440e+19,3.93613e-14
50.7062,5.75440e+19,4.03138e-14
54.3327,5.75440e+19,4.11839e-14
58.2185,5.75440e+19,4.19699e-14
62.3823,5.75440e+19,4.26719e-14
66.8438,5.75440e+19,4.32896e-14
71.6244,5.75440e+19,4.38246e-14
76.7470,5.75440e+19,4.42787e-14
82.2359,5.75440e+19,4.46542e-14
88.1173,5.75440e+19,4.49542e-14
94.4194,5.75440e+19,4.51823e-14
101.172,5.75440e+19,4.53397e-14
108.408,5.75440e+19,4.54274e-14
116.161,5.75440e+19,4.54469e-14
124.469,5.75440e+19,4.54008e-14
133.371,5.75440e+19,4.52905e-14
142.910,5.75440e+19,4.51184e-14
153.130,5.75440e+19,4.48879e-14
164.082,5.75440e+19,4.46011e-14
175.817,5.75440e+19,4.42614e-14
188.392,5.75440e+19,4.38719e-14
201.865,5.75440e+19,4.34357e-14
216.302,5.75440e+19,4.29563e-14
231.772,5.75440e+19,4.24369e-14
248.348,5.75440e+19,4.18813e-14
266.110,5.75440e+19,4.12924e-14
285.142,5.75440e+19,4.06739e-14
305.535,5.75440e+19,4.00289e-14
327.387,5.75440e+19,3.93608e-14
350.801,5.75440e+19,3.86729e-14
375.890,5.75440e+19,3.79681e-14
402.774,5.75440e+19,3.72493e-14
431.580,5.75440e+19,3.65197e-14
462.446,5.75440e+19,3.57818e-14
495.520,5.75440e+19,3.50384e-14
530.959,5.75440e+19,3.42917e-14
568.933,5.75440e+19,3.35444e-14
609.623,5.75440e+19,3.27981e-14
653.223,5.75440e+19,3.20554e-14
699.941,5.75440e+19,3.13179e-14
750.000,5.75440e+19,3.05876e-14
0.750000,6.02561e+19,4.93530e-22
0.803639,6.02561e+19,1.58391e-21
0.861115,6.02561e+19,4.68916e-21
0.922702,6.02561e+19,1.28720e-20
0.988693,6.02561e+19,3.29303e-20
1.05940,6.02561e+19,7.89183e-20
1.13517,6.02561e+19,1.78078e-19
1.21636,6.02561e+19,3.80294e-19
1.30335,6.02561e+19,7.72559e-19
1.39657,6.02561e+19,1.50061e-18
1.49645,6.02561e+19,2.79904e-18
1.60347,6.02561e+19,5.02561e-18
1.71815,6.02561e+19,8.70416e-18
1.84103,6.02561e+19,1.45727e-17
1.97270,6.02561e+19,2.36339e-17
2.11379,6.02561e+19,3.72084e-17
2.26496,6.02561e+19,5.69856e-17
2.42695,6.02561e+19,8.50789e-17
2.60053,6.02561e+19,1.24089e-16
2.78651,6.02561e+19,1.77178e-16
2.98580,6.02561e+19,2.48108e-16
3.19935,6.02561e+19,3.41084e-16
3.42816,6.02561e+19,4.60740e-16
3.67334,6.02561e+19,6.12065e-16
3.93606,6.02561e+19,8.00347e-16
4.21756,6.02561e+19,1.03104e-15
4.51920,6.02561e+19,1.30968e-15
4.84241,6.02561e+19,1.64186e-15
5.18873,6.02561e+19,2.03313e-15
5.55983,6.02561e+19,2.48906e-15
5.95746,6.02561e+19,3.01492e-15
6.38354,6.02561e+19,3.61474e-15
6.84008,6.02561e+19,4.29144e-15
7.32928,6.02561e+19,5.04673e-15
7.85346,6.02561e+19,5.88114e-15
8.41514,6.02561e+19,6.79391e-15
9.01698,6.02561e+19,7.78299e-15
9.66187,6.02561e+19,8.84513e-15
10.3529,6.02561e+19,9.97581e-15
11.0933,6.02561e+19,1.11698e-14
11.8867,6.02561e+19,1.24209e-14
12.7368,6.02561e+19,1.37224e-14
13.6478,6.02561e+19,1.50669e-14
14.6238,6.02561e+19,1.64473e-14
15.6697,6.02561e+19,1.78565e-14
16.7904,6.02561e+19,1.92877e-14
17.9912,6.02561e+19,2.07348e-14
19.2780,6.02561e+19,2.21928e-14
20.6567,6.02561e+19,2.36575e-14
22.1341,6.02561e+19,2.51263e-14
23.7171,6.02561e+19,2.65960e-14
25.4133,6.02561e+19,2.80596e-14
27.2309,6.02561e+19,2.95083e-14
29.1784,6.02561e+19,3.09337e-14
31.2652,6.02561e+19,3.23269e-14
33.5013,6.02561e+19,3.36798e-14
35.8973,6.02561e+19,3.49841e-14
38.4646,6.02561e+19,3.62319e-14
41.2156,6.02561e+19,3.74160e-14
44.1633,6.02561e+19,3.85291e-14
47.3218,6.02561e+19,3.95659e-14
50.7062,6.02561e+19,4.05221e-14
54.3327,6.02561e+19,4.13959e-14
58.2185,6.02561e+19,4.21853e-14
62.3823,6.02561e+19,4.28904e-14
66.8438,6.02561e+19,4.35109e-14
71.6244,6.02561e+19,4.40483e-14
76.7470,6.02561e+19,4.45041e-14
82.2359,6.02561e+19,4.48809e-14
88.1173,6.02561e+19,4.51819e-14
94.4194,6.02561e+19,4.54099e-14
101.172,6.02561e+19,4.55667e-14
108.408,6.02561e+19,4.56532e-14
116.161,6.02561e+19,4.56712e-14
124.469,6.02561e+19,4.56225e-14
133.371,6.02561e+19,4.55093e-14
142.910,6.02561e+19,4.53344e-14
153.130,6.02561e+19,4.51002e-14
164.082,6.02561e+19,4.48093e-14
175.817,6.02561e+19,4.44655e-14
188.392,6.02561e+19,4.40716e-14
201.865,6.02561e+19,4.36312e-14
216.302,6.02561e+19,4.31469e-14
231.772,6.02561e+19,4.26229e-14
248.348,6.02561e+19,4.20623e-14
266.110,6.02561e+19,4.14689e-14
285.142,6.02561e+19,4.08456e-14
305.535,6.02561e+19,4.01961e-14
327.387,6.02561e+19,3.95233e-14
350.801,6.02561e+19,3.88310e-14
375.890,6.02561e+19,3.81221e-14
402.774,6.02561e+19,3.73997e-14
431.580,6.02561e+19,3.66663e-14
462.446,6.02561e+19,3.59250e-14
495.520,6.02561e+19,3.51783e-14
530.959,6.02561e+19,3.44288e-14
568.933,6.02561e+19,3.36786e-14
609.623,6.02561e+19,3.29301e-14
653.223,6.02561e+19,3.21854e-14
699.941,6.02561e+19,3.14462e-14
750.000,6.02561e+19,3.07145e-14
0.750000,6.30956e+19,5.07251e-22
0.803639,6.30956e+19,1.62641e-21
0.861115,6.30956e+19,4.81067e-21
0.922702,6.30956e+19,1.31940e-20
0.988693,6.30956e+19,3.37259e-20
1.05940,6.30956e+19,8.07602e-20
1.13517,6.30956e+19,1.82095e-19
1.21636,6.30956e+19,3.88589e-19
1.30335,6.30956e+19,7.88873e-19
1.39657,6.30956e+19,1.53129e-18
1.49645,6.30956e+19,2.85447e-18
1.60347,6.30956e+19,5.12209e-18
1.71815,6.30956e+19,8.86613e-18
1.84103,6.30956e+19,1.48355e-17
1.97270,6.30956e+19,2.40468e-17
2.11379,6.30956e+19,3.78370e-17
2.26496,6.30956e+19,5.79159e-17
2.42695,6.30956e+19,8.64180e-17
2.60053,6.30956e+19,1.25967e-16
2.78651,6.30956e+19,1.79747e-16
2.98580,6.30956e+19,2.51540e-16
3.19935,6.30956e+19,3.45570e-16
3.42816,6.30956e+19,4.66477e-16
3.67334,6.30956e+19,6.19272e-16
3.93606,6.30956e+19,8.09232e-16
4.21756,6.30956e+19,1.04182e-15
4.51920,6.30956e+19,1.32259e-15
4.84241,6.30956e+19,1.65714e-15
5.18873,6.30956e+19,2.05108e-15
5.55983,6.30956e+19,2.50999e-15
5.95746,6.30956e+19,3.03932e-15
6.38354,6.30956e+19,3.64309e-15
6.84008,6.30956e+19,4.32428e-15
7.32928,6.30956e+19,5.08466e-15
7.85346,6.30956e+19,5.92481e-15
8.41514,6.30956e+19,6.84396e-15
9.01698,6.30956e+19,7.84003e-15
9.66187,6.30956e+19,8.90964e-15
10.3529,6.30956e+19,1.00483e-14
11.0933,6.30956e+19,1.12506e-14
11.8867,6.30956e+19,1.25101e-14
12.7368,6.30956e+19,1.38199e-14
13.6478,6.30956e+19,1.51728e-14
14.6238,6.30956e+19,1.65613e-14
15.6697,6.30956e+19,1.79783e-14
16.7904,6.30956e+19,1.94170e-14
17.9912,6.30956e+19,2.08714e-14
19.2780,6.30956e+19,2.23362e-14
20.6567,6.30956e+19,2.38075e-14
22.1341,6.30956e+19,2.52824e-14
23.7171,6.30956e+19,2.67581e-14
25.4133,6.30956e+19,2.82274e-14
27.2309,6.30956e+19,2.96814e-14
29.1784,6.30956e+19,3.11118e-14
31.2652,6.30956e+19,3.25101e-14
33.5013,6.30956e+19,3.38675e-14
35.8973,6.30956e+19,3.51764e-14
38.4646,6.30956e+19,3.64284e-14
41.2156,6.30956e+19,3.76166e-14
44.1633,6.30956e+19,3.87339e-14
47.3218,6.30956e+19,3.97744e-14
50.7062,6.30956e+19,4.07343e-14
54.3327,6.30956e+19,4.16118e-14
58.2185,6.30956e+19,4.24049e-14
62.3823,6.30956e+19,4.31130e-14
66.8438,6.30956e+19,4.37365e-14
71.6244,6.30956e+19,4.42763e-14
76.7470,6.30956e+19,4.47339e-14
82.2359,6.30956e+19,4.51121e-14
88.1173,6.30956e+19,4.54137e-14
94.4194,6.30956e+19,4.56420e-14
101.172,6.30956e+19,4.57981e-14
108.408,6.30956e+19,4.58833e-14
116.161,6.30956e+19,4.58998e-14
124.469,6.30956e+19,4.58487e-14
133.371,6.30956e+19,4.57328e-14
142.910,6.30956e+19,4.55546e-14
153.130,6.30956e+19,4.53168e-14
164.082,6.30956e+19,4.50221e-14
175.817,6.30956e+19,4.46742e-14
188.392,6.30956e+19,4.42759e-14
201.865,6.30956e+19,4.38305e-14
216.302,6.30956e+19,4.33418e-14
231.772,6.30956e+19,4.28129e-14
248.348,6.30956e+19,4.22477e-14
266.110,6.30956e+19,4.16492e-14
285.142,6.30956e+19,4.10212e-14
305.535,6.30956e+19,4.03670e-14
327.387,6.30956e+19,3.96899e-14
350.801,6.30956e+19,3.89933e-14
375.890,6.30956e+19,3.82799e-14
402.774,6.30956e+19,3.75534e-14
431.580,6.30956e+19,3.68163e-14
462.446,6.30956e+19,3.60715e-14
495.520,6.30956e+19,3.53214e-14
530.959,6.30956e+19,3.45690e-14
568.933,6.30956e+19,3.38162e-14
609.623,6.30956e+19,3.30654e-14
653.223,6.30956e+19,3.23186e-14
699.941,6.30956e+19,3.15777e-14
750.000,6.30956e+19,3.08444e-14
0.750000,6.60693e+19,5.21504e-22
0.803639,6.60693e+19,1.67053e-21
0.861115,6.60693e+19,4.93662e-21
0.922702,6.60693e+19,1.35277e-20
0.988693,6.60693e+19,3.45498e-20
1.05940,6.60693e+19,8.26662e-20
1.13517,6.60693e+19,1.86249e-19
1.21636,6.60693e+19,3.97165e-19
1.30335,6.60693e+19,8.05713e-19
1.39657,6.60693e+19,1.56295e-18
1.49645,6.60693e+19,2.91164e-18
1.60347,6.60693e+19,5.22150e-18
1.71815,6.60693e+19,9.03300e-18
1.84103,6.60693e+19,1.51060e-17
1.97270,6.60693e+19,2.44716e-17
2.11379,6.60693e+19,3.84841e-17
2.26496,6.60693e+19,5.88727e-17
2.42695,6.60693e+19,8.77953e-17
2.60053,6.60693e+19,1.27897e-16
2.78651,6.60693e+19,1.82387e-16
2.98580,6.60693e+19,2.55065e-16
3.19935,6.60693e+19,3.50177e-16
3.42816,6.60693e+19,4.72374e-16
3.67334,6.60693e+19,6.26675e-16
3.93606,6.60693e+19,8.18362e-16
4.21756,6.60693e+19,1.05290e-15
4.51920,6.60693e+19,1.33586e-15
4.84241,6.60693e+19,1.67286e-15
5.18873,6.60693e+19,2.06951e-15
5.55983,6.60693e+19,2.53152e-15
5.95746,6.60693e+19,3.06438e-15
6.38354,6.60693e+19,3.67219e-15
6.84008,6.60693e+19,4.35796e-15
7.32928,6.60693e+19,5.12356e-15
7.85346,6.60693e+19,5.96957e-15
8.41514,6.60693e+19,6.89516e-15
9.01698,6.60693e+19,7.89835e-15
9.66187,6.60693e+19,8.97561e-15
10.3529,6.60693e+19,1.01224e-14
11.0933,6.60693e+19,1.13331e-14
11.8867,6.60693e+19,1.26012e-14
12.7368,6.60693e+19,1.39195e-14
13.6478,6.60693e+19,1.52808e-14
14.6238,6.60693e+19,1.66776e-14
15.6697,6.60693e+19,1.81026e-14
16.7904,6.60693e+19,1.95490e-14
17.9912,6.60693e+19,2.10108e-14
19.2780,6.60693e+19,2.24826e-14
20.6567,6.60693e+19,2.39606e-14
22.1341,6.60693e+19,2.54419e-14
23.7171,6.60693e+19,2.69237e-14
25.4133,6.60693e+19,2.83987e-14
27.2309,6.60693e+19,2.98582e-14
29.1784,6.60693e+19,3.12940e-14
31.2652,6.60693e+19,3.26973e-14
33.5013,6.60693e+19,3.40594e-14
35.8973,6.60693e+19,3.53724e-14
38.4646,6.60693e+19,3.66291e-14
41.2156,6.60693e+19,3.78213e-14
44.1633,6.60693e+19,3.89425e-14
47.3218,6.60693e+19,3.99870e-14
50.7062,6.60693e+19,4.09513e-14
54.3327,6.60693e+19,4.18322e-14
58.2185,6.60693e+19,4.26289e-14
62.3823,6.60693e+19,4.33402e-14
66.8438,6.60693e+19,4.39665e-14
71.6244,6.60693e+19,4.45088e-14
76.7470,6.60693e+19,4.49685e-14
82.2359,6.60693e+19,4.53482e-14
88.1173,6.60693e+19,4.56505e-14
94.4194,6.60693e+19,4.58789e-14
101.172,6.60693e+19,4.60343e-14
108.408,6.60693e+19,4.61184e-14
116.161,6.60693e+19,4.61329e-14
124.469,6.60693e+19,4.60795e-14
133.371,6.60693e+19,4.59610e-14
142.910,6.60693e+19,4.57795e-14
153.130,6.60693e+19,4.55380e-14
164.082,6.60693e+19,4.52395e-14
175.817,6.60693e+19,4.48871e-14
188.392,6.60693e+19,4.44844e-14
201.865,6.60693e+19,4.40346e-14
216.302,6.60693e+19,4.35409e-14
231.772,6.60693e+19,4.30074e-14
248.348,6.60693e+19,4.24372e-14
266.110,6.60693e+19,4.18339e-14
285.142,6.60693e+19,4.12008e-14
305.535,6.60693e+19,4.05420e-14
327.387,6.60693e+19,3.98604e-14
350.801,6.60693e+19,3.91593e-14
375.890,6.60693e+19,3.84418e-14
402.774,6.60693e+19,3.77111e-14
431.580,6.60693e+19,3.69704e-14
462.446,6.60693e+19,3.62219e-14
495.520,6.60693e+19,3.54686e-14
530.959,6.60693e+19,3.47131e-14
568.933,6.60693e+19,3.39576e-14
609.623,6.60693e+19,3.32043e-14
653.223,6.60693e+19,3.24554e-14
699.941,6.60693e+19,3.17127e-14
750.000,6.60693e+19,3.09780e-14
0.750000,6.91831e+19,5.36312e-22
0.803639,6.91831e+19,1.71633e-21
0.861115,6.91831e+19,5.06733e-21
0.922702,6.91831e+19,1.38735e-20
0.988693,6.91831e+19,3.54030e-20
1.05940,6.91831e+19,8.46389e-20
1.13517,6.91831e+19,1.90546e-19
1.21636,6.91831e+19,4.06023e-19
1.30335,6.91831e+19,8.23107e-19
1.39657,6.91831e+19,1.59561e-18
1.49645,6.91831e+19,2.97061e-18
1.60347,6.91831e+19,5.32402e-18
1.71815,6.91831e+19,9.20490e-18
1.84103,6.91831e+19,1.53846e-17
1.97270,6.91831e+19,2.49089e-17
2.11379,6.91831e+19,3.91495e-17
2.26496,6.91831e+19,5.98561e-17
2.42695,6.91831e+19,8.92099e-17
2.60053,6.91831e+19,1.29880e-16
2.78651,6.91831e+19,1.85097e-16
2.98580,6.91831e+19,2.58686e-16
3.19935,6.91831e+19,3.54907e-16
3.42816,6.91831e+19,4.78425e-16
3.67334,6.91831e+19,6.34270e-16
3.93606,6.91831e+19,8.27730e-16
4.21756,6.91831e+19,1.06428e-15
4.51920,6.91831e+19,1.34948e-15
4.84241,6.91831e+19,1.68898e-15
5.18873,6.91831e+19,2.08844e-15
5.55983,6.91831e+19,2.55365e-15
5.95746,6.91831e+19,3.09009e-15
6.38354,6.91831e+19,3.70204e-15
6.84008,6.91831e+19,4.39252e-15
7.32928,6.91831e+19,5.16345e-15
7.85346,6.91831e+19,6.01538e-15
8.41514,6.91831e+19,6.94765e-15
9.01698,6.91831e+19,7.95802e-15
9.66187,6.91831e+19,9.04315e-15
10.3529,6.91831e+19,1.01982e-14
11.0933,6.91831e+19,1.14174e-14
11.8867,6.91831e+19,1.26942e-14
12.7368,6.91831e+19,1.40211e-14
13.6478,6.91831e+19,1.53910e-14
14.6238,6.91831e+19,1.67962e-14
15.6697,6.91831e+19,1.82293e-14
16.7904,6.91831e+19,1.96837e-14
17.9912,6.91831e+19,2.11530e-14
19.2780,6.91831e+19,2.26319e-14
20.6567,6.91831e+19,2.41168e-14
22.1341,6.91831e+19,2.56046e-14
23.7171,6.91831e+19,2.70926e-14
25.4133,6.91831e+19,2.85735e-14
27.2309,6.91831e+19,3.00388e-14
29.1784,6.91831e+19,3.14798e-14
31.2652,6.91831e+19,3.28881e-14
33.5013,6.91831e+19,3.42551e-14
35.8973,6.91831e+19,3.55729e-14
38.4646,6.91831e+19,3.68338e-14
41.2156,6.91831e+19,3.80303e-14
44.1633,6.91831e+19,3.91555e-14
47.3218,6.91831e+19,4.02041e-14
50.7062,6.91831e+19,4.11721e-14
54.3327,6.91831e+19,4.20569e-14
58.2185,6.91831e+19,4.28571e-14
62.3823,6.91831e+19,4.35719e-14
66.8438,6.91831e+19,4.42009e-14
71.6244,6.91831e+19,4.47458e-14
76.7470,6.91831e+19,4.52075e-14
82.2359,6.91831e+19,4.55885e-14
88.1173,6.91831e+19,4.58919e-14
94.4194,6.91831e+19,4.61202e-14
101.172,6.91831e+19,4.62751e-14
108.408,6.91831e+19,4.63580e-14
116.161,6.91831e+19,4.63706e-14
124.469,6.91831e+19,4.63150e-14
133.371,6.91831e+19,4.61936e-14
142.910,6.91831e+19,4.60088e-14
153.130,6.91831e+19,4.57637e-14
164.082,6.91831e+19,4.54612e-14
175.817,6.91831e+19,4.51048e-14
188.392,6.91831e+19,4.46974e-14
201.865,6.91831e+19,4.42428e-14
216.302,6.91831e+19,4.37445e-14
231.772,6.91831e+19,4.32059e-14
248.348,6.91831e+19,4.26308e-14
266.110,6.91831e+19,4.20227e-14
285.142,6.91831e+19,4.13848e-14
305.535,6.91831e+19,4.07211e-14
327.387,6.91831e+19,4.00349e-14
350.801,6.91831e+19,3.93291e-14
375.890,6.91831e+19,3.86073e-14
402.774,6.91831e+19,3.78727e-14
431.580,6.91831e+19,3.71280e-14
462.446,6.91831e+19,3.63758e-14
495.520,6.91831e+19,3.56192e-14
530.959,6.91831e+19,3.48605e-14
568.933,6.91831e+19,3.41023e-14
609.623,6.91831e+19,3.33467e-14
653.223,6.91831e+19,3.25955e-14
699.941,6.91831e+19,3.18509e-14
750.000,6.91831e+19,3.11146e-14
0.750000,7.24437e+19,5.51703e-22
0.803639,7.24437e+19,1.76388e-21
0.861115,7.24437e+19,5.20292e-21
0.922702,7.24437e+19,1.42321e-20
0.988693,7.24437e+19,3.62869e-20
1.05940,7.24437e+19,8.66814e-20
1.13517,7.24437e+19,1.94990e-19
1.21636,7.24437e+19,4.15182e-19
1.30335,7.24437e+19,8.41065e-19
1.39657,7.24437e+19,1.62933e-18
1.49645,7.24437e+19,3.03143e-18
1.60347,7.24437e+19,5.42967e-18
1.71815,7.24437e+19,9.38198e-18
1.84103,7.24437e+19,1.56716e-17
1.97270,7.24437e+19,2.53591e-17
2.11379,7.24437e+19,3.98343e-17
2.26496,7.24437e+19,6.08679e-17
2.42695,7.24437e+19,9.06642e-17
2.60053,7.24437e+19,1.31917e-16
2.78651,7.24437e+19,1.87882e-16
2.98580,7.24437e+19,2.62407e-16
3.19935,7.24437e+19,3.59765e-16
3.42816,7.24437e+19,4.84645e-16
3.67334,7.24437e+19,6.42072e-16
3.93606,7.24437e+19,8.37356e-16
4.21756,7.24437e+19,1.07596e-15
4.51920,7.24437e+19,1.36348e-15
4.84241,7.24437e+19,1.70556e-15
5.18873,7.24437e+19,2.10792e-15
5.55983,7.24437e+19,2.57636e-15
5.95746,7.24437e+19,3.11654e-15
6.38354,7.24437e+19,3.73273e-15
6.84008,7.24437e+19,4.42802e-15
7.32928,7.24437e+19,5.20435e-15
7.85346,7.24437e+19,6.06242e-15
8.41514,7.24437e+19,7.00137e-15
9.01698,7.24437e+19,8.01912e-15
9.66187,7.24437e+19,9.11216e-15
10.3529,7.24437e+19,1.02756e-14
11.0933,7.24437e+19,1.15035e-14
11.8867,7.24437e+19,1.27890e-14
12.7368,7.24437e+19,1.41249e-14
13.6478,7.24437e+19,1.55035e-14
14.6238,7.24437e+19,1.69172e-14
15.6697,7.24437e+19,1.83587e-14
16.7904,7.24437e+19,1.98210e-14
17.9912,7.24437e+19,2.12981e-14
19.2780,7.24437e+19,2.27845e-14
20.6567,7.24437e+19,2.42762e-14
22.1341,7.24437e+19,2.57707e-14
23.7171,7.24437e+19,2.72650e-14
25.4133,7.24437e+19,2.87520e-14
27.2309,7.24437e+19,3.02230e-14
29.1784,7.24437e+19,3.16695e-14
31.2652,7.24437e+19,3.30829e-14
33.5013,7.24437e+19,3.44549e-14
35.8973,7.24437e+19,3.57774e-14
38.4646,7.24437e+19,3.70427e-14
41.2156,7.24437e+19,3.82435e-14
44.1633,7.24437e+19,3.93730e-14
47.3218,7.24437e+19,4.04257e-14
50.7062,7.24437e+19,4.13977e-14
54.3327,7.24437e+19,4.22863e-14
58.2185,7.24437e+19,4.30901e-14
62.3823,7.24437e+19,4.38081e-14
66.8438,7.24437e+19,4.44403e-14
71.6244,7.24437e+19,4.49877e-14
76.7470,7.24437e+19,4.54514e-14
82.2359,7.24437e+19,4.58341e-14
88.1173,7.24437e+19,4.61380e-14
94.4194,7.24437e+19,4.63666e-14
101.172,7.24437e+19,4.65210e-14
108.408,7.24437e+19,4.66027e-14
116.161,7.24437e+19,4.66135e-14
124.469,7.24437e+19,4.65556e-14
133.371,7.24437e+19,4.64313e-14
142.910,7.24437e+19,4.62433e-14
153.130,7.24437e+19,4.59944e-14
164.082,7.24437e+19,4.56881e-14
175.817,7.24437e+19,4.53272e-14
188.392,7.24437e+19,4.49153e-14
201.865,7.24437e+19,4.44559e-14
216.302,7.24437e+19,4.39528e-14
231.772,7.24437e+19,4.34091e-14
248.348,7.24437e+19,4.28291e-14
266.110,7.24437e+19,4.22158e-14
285.142,7.24437e+19,4.15733e-14
305.535,7.24437e+19,4.09047e-14
327.387,7.24437e+19,4.02136e-14
350.801,7.24437e+19,3.95034e-14
375.890,7.24437e+19,3.87772e-14
402.774,7.24437e+19,3.80382e-14
431.580,7.24437e+19,3.72894e-14
462.446,7.24437e+19,3.65338e-14
495.520,7.24437e+19,3.57737e-14
530.959,7.24437e+19,3.50122e-14
568.933,7.24437e+19,3.42510e-14
609.623,7.24437e+19,3.34926e-14
653.223,7.24437e+19,3.27393e-14
699.941,7.24437e+19,3.19929e-14
750.000,7.24437e+19,3.12550e-14
0.750000,7.58576e+19,5.67705e-22
0.803639,7.58576e+19,1.81330e-21
0.861115,7.58576e+19,5.34369e-21
0.922702,7.58576e+19,1.46039e-20
0.988693,7.58576e+19,3.72029e-20
1.05940,7.58576e+19,8.87956e-20
1.13517,7.58576e+19,1.99588e-19
1.21636,7.58576e+19,4.24652e-19
1.30335,7.58576e+19,8.59629e-19
1.39657,7.58576e+19,1.66414e-18
1.49645,7.58576e+19,3.09417e-18
1.60347,7.58576e+19,5.53864e-18
1.71815,7.58576e+19,9.56451e-18
1.84103,7.58576e+19,1.59671e-17
1.97270,7.58576e+19,2.58223e-17
2.11379,7.58576e+19,4.05387e-17
2.26496,7.58576e+19,6.19088e-17
2.42695,7.58576e+19,9.21601e-17
2.60053,7.58576e+19,1.34011e-16
2.78651,7.58576e+19,1.90743e-16
2.98580,7.58576e+19,2.66226e-16
3.19935,7.58576e+19,3.64754e-16
3.42816,7.58576e+19,4.91028e-16
3.67334,7.58576e+19,6.50087e-16
3.93606,7.58576e+19,8.47246e-16
4.21756,7.58576e+19,1.08797e-15
4.51920,7.58576e+19,1.37787e-15
4.84241,7.58576e+19,1.72261e-15
5.18873,7.58576e+19,2.12794e-15
5.55983,7.58576e+19,2.59974e-15
5.95746,7.58576e+19,3.14373e-15
6.38354,7.58576e+19,3.76428e-15
6.84008,7.58576e+19,4.46449e-15
7.32928,7.58576e+19,5.24639e-15
7.85346,7.58576e+19,6.11067e-15
8.41514,7.58576e+19,7.05647e-15
9.01698,7.58576e+19,8.08171e-15
9.66187,7.58576e+19,9.18286e-15
10.3529,7.58576e+19,1.03548e-14
11.0933,7.58576e+19,1.15915e-14
11.8867,7.58576e+19,1.28860e-14
12.7368,7.58576e+19,1.42308e-14
13.6478,7.58576e+19,1.56183e-14
14.6238,7.58576e+19,1.70408e-14
15.6697,7.58576e+19,1.84908e-14
16.7904,7.58576e+19,1.99613e-14
17.9912,7.58576e+19,2.14461e-14
19.2780,7.58576e+19,2.29401e-14
20.6567,7.58576e+19,2.44391e-14
22.1341,7.58576e+19,2.59403e-14
23.7171,7.58576e+19,2.74411e-14
25.4133,7.58576e+19,2.89343e-14
27.2309,7.58576e+19,3.04112e-14
29.1784,7.58576e+19,3.18632e-14
31.2652,7.58576e+19,3.32817e-14
33.5013,7.58576e+19,3.46587e-14
35.8973,7.58576e+19,3.59859e-14
38.4646,7.58576e+19,3.72556e-14
41.2156,7.58576e+19,3.84607e-14
44.1633,7.58576e+19,3.95946e-14
47.3218,7.58576e+19,4.06515e-14
50.7062,7.58576e+19,4.16274e-14
54.3327,7.58576e+19,4.25202e-14
58.2185,7.58576e+19,4.33277e-14
62.3823,7.58576e+19,4.40491e-14
66.8438,7.58576e+19,4.46844e-14
71.6244,7.58576e+19,4.52342e-14
76.7470,7.58576e+19,4.57002e-14
82.2359,7.58576e+19,4.60842e-14
88.1173,7.58576e+19,4.63889e-14
94.4194,7.58576e+19,4.66179e-14
101.172,7.58576e+19,4.67717e-14
108.408,7.58576e+19,4.68522e-14
116.161,7.58576e+19,4.68612e-14
124.469,7.58576e+19,4.68011e-14
133.371,7.58576e+19,4.66737e-14
142.910,7.58576e+19,4.64826e-14
153.130,7.58576e+19,4.62300e-14
164.082,7.58576e+19,4.59195e-14
175.817,7.58576e+19,4.55540e-14
188.392,7.58576e+19,4.51378e-14
201.865,7.58576e+19,4.46736e-14
216.302,7.58576e+19,4.41655e-14
231.772,7.58576e+19,4.36168e-14
248.348,7.58576e+19,4.30316e-14
266.110,7.58576e+19,4.24134e-14
285.142,7.58576e+19,4.17658e-14
305.535,7.58576e+19,4.10923e-14
327.387,7.58576e+19,4.03964e-14
350.801,7.58576e+19,3.96817e-14
375.890,7.58576e+19,3.89509e-14
402.774,7.58576e+19,3.82078e-14
431.580,7.58576e+19,3.74550e-14
462.446,7.58576e+19,3.66955e-14
495.520,7.58576e+19,3.59322e-14
530.959,7.58576e+19,3.51672e-14
568.933,7.58576e+19,3.44032e-14
609.623,7.58576e+19,3.36423e-14
653.223,7.58576e+19,3.28867e-14
699.941,7.58576e+19,3.21384e-14
750.000,7.58576e+19,3.13988e-14
0.750000,7.94328e+19,5.84340e-22
0.803639,7.94328e+19,1.86463e-21
0.861115,7.94328e+19,5.48983e-21
0.922702,7.94328e+19,1.49897e-20
0.988693,7.94328e+19,3.81523e-20
1.05940,7.94328e+19,9.09856e-20
1.13517,7.94328e+19,2.04347e-19
1.21636,7.94328e+19,4.34442e-19
1.30335,7.94328e+19,8.78807e-19
1.39657,7.94328e+19,1.70009e-18
1.49645,7.94328e+19,3.15893e-18
1.60347,7.94328e+19,5.65098e-18
1.71815,7.94328e+19,9.75263e-18
1.84103,7.94328e+19,1.62714e-17
1.97270,7.94328e+19,2.62993e-17
2.11379,7.94328e+19,4.12634e-17
2.26496,7.94328e+19,6.29785e-17
2.42695,7.94328e+19,9.36972e-17
2.60053,7.94328e+19,1.36163e-16
2.78651,7.94328e+19,1.93683e-16
2.98580,7.94328e+19,2.70150e-16
3.19935,7.94328e+19,3.69878e-16
3.42816,7.94328e+19,4.97584e-16
3.67334,7.94328e+19,6.58320e-16
3.93606,7.94328e+19,8.57400e-16
4.21756,7.94328e+19,1.10031e-15
4.51920,7.94328e+19,1.39266e-15
4.84241,7.94328e+19,1.74013e-15
5.18873,7.94328e+19,2.14851e-15
5.55983,7.94328e+19,2.62376e-15
5.95746,7.94328e+19,3.17168e-15
6.38354,7.94328e+19,3.79667e-15
6.84008,7.94328e+19,4.50194e-15
7.32928,7.94328e+19,5.28953e-15
7.85346,7.94328e+19,6.16012e-15
8.41514,7.94328e+19,7.11293e-15
9.01698,7.94328e+19,8.14578e-15
9.66187,7.94328e+19,9.25506e-15
10.3529,7.94328e+19,1.04357e-14
11.0933,7.94328e+19,1.16814e-14
11.8867,7.94328e+19,1.29850e-14
12.7368,7.94328e+19,1.43389e-14
13.6478,7.94328e+19,1.57355e-14
14.6238,7.94328e+19,1.71669e-14
15.6697,7.94328e+19,1.86255e-14
16.7904,7.94328e+19,2.01044e-14
17.9912,7.94328e+19,2.15972e-14
19.2780,7.94328e+19,2.30988e-14
20.6567,7.94328e+19,2.46050e-14
22.1341,7.94328e+19,2.61134e-14
23.7171,7.94328e+19,2.76207e-14
25.4133,7.94328e+19,2.91202e-14
27.2309,7.94328e+19,3.06030e-14
29.1784,7.94328e+19,3.20607e-14
31.2652,7.94328e+19,3.34847e-14
33.5013,7.94328e+19,3.48667e-14
35.8973,7.94328e+19,3.61987e-14
38.4646,7.94328e+19,3.74731e-14
41.2156,7.94328e+19,3.86826e-14
44.1633,7.94328e+19,3.98206e-14
47.3218,7.94328e+19,4.08819e-14
50.7062,7.94328e+19,4.18619e-14
54.3327,7.94328e+19,4.27584e-14
58.2185,7.94328e+19,4.35697e-14
62.3823,7.94328e+19,4.42947e-14
66.8438,7.94328e+19,4.49331e-14
71.6244,7.94328e+19,4.54858e-14
76.7470,7.94328e+19,4.59538e-14
82.2359,7.94328e+19,4.63393e-14
88.1173,7.94328e+19,4.66451e-14
94.4194,7.94328e+19,4.68741e-14
101.172,7.94328e+19,4.70275e-14
108.408,7.94328e+19,4.71068e-14
116.161,7.94328e+19,4.71141e-14
124.469,7.94328e+19,4.70515e-14
133.371,7.94328e+19,4.69215e-14
142.910,7.94328e+19,4.67267e-14
153.130,7.94328e+19,4.64706e-14
164.082,7.94328e+19,4.61558e-14
175.817,7.94328e+19,4.57862e-14
188.392,7.94328e+19,4.53650e-14
201.865,7.94328e+19,4.48962e-14
216.302,7.94328e+19,4.43830e-14
231.772,7.94328e+19,4.38294e-14
248.348,7.94328e+19,4.32391e-14
266.110,7.94328e+19,4.26158e-14
285.142,7.94328e+19,4.19631e-14
305.535,7.94328e+19,4.12844e-14
327.387,7.94328e+19,4.05839e-14
350.801,7.94328e+19,3.98643e-14
375.890,7.94328e+19,3.91292e-14
402.774,7.94328e+19,3.83816e-14
431.580,7.94328e+19,3.76248e-14
462.446,7.94328e+19,3.68616e-14
495.520,7.94328e+19,3.60947e-14
530.959,7.94328e+19,3.53264e-14
568.933,7.94328e+19,3.45594e-14
609.623,7.94328e+19,3.37960e-14
653.223,7.94328e+19,3.30380e-14
699.941,7.94328e+19,3.22878e-14
750.000,7.94328e+19,3.15465e-14
0.750000,8.31764e+19,6.01655e-22
0.803639,8.31764e+19,1.91799e-21
0.861115,8.31764e+19,5.64158e-21
0.922702,8.31764e+19,1.53901e-20
0.988693,8.31764e+19,3.91369e-20
1.05940,8.31764e+19,9.32545e-20
1.13517,8.31764e+19,2.09273e-19
1.21636,8.31764e+19,4.44570e-19
1.30335,8.31764e+19,8.98629e-19
1.39657,8.31764e+19,1.73721e-18
1.49645,8.31764e+19,3.22576e-18
1.60347,8.31764e+19,5.76688e-18
1.71815,8.31764e+19,9.94650e-18
1.84103,8.31764e+19,1.65850e-17
1.97270,8.31764e+19,2.67905e-17
2.11379,8.31764e+19,4.20096e-17
2.26496,8.31764e+19,6.40800e-17
2.42695,8.31764e+19,9.52780e-17
2.60053,8.31764e+19,1.38377e-16
2.78651,8.31764e+19,1.96706e-16
2.98580,8.31764e+19,2.74184e-16
3.19935,8.31764e+19,3.75145e-16
3.42816,8.31764e+19,5.04324e-16
3.67334,8.31764e+19,6.66787e-16
3.93606,8.31764e+19,8.67844e-16
4.21756,8.31764e+19,1.11300e-15
4.51920,8.31764e+19,1.40788e-15
4.84241,8.31764e+19,1.75817e-15
5.18873,8.31764e+19,2.16970e-15
5.55983,8.31764e+19,2.64851e-15
5.95746,8.31764e+19,3.20046e-15
6.38354,8.31764e+19,3.83004e-15
6.84008,8.31764e+19,4.54049e-15
7.32928,8.31764e+19,5.33384e-15
7.85346,8.31764e+19,6.21090e-15
8.41514,8.31764e+19,7.17082e-15
9.01698,8.31764e+19,8.21145e-15
9.66187,8.31764e+19,9.32910e-15
10.3529,8.31764e+19,1.05185e-14
11.0933,8.31764e+19,1.17733e-14
11.8867,8.31764e+19,1.30861e-14
12.7368,8.31764e+19,1.44493e-14
13.6478,8.31764e+19,1.58552e-14
14.6238,8.31764e+19,1.72956e-14
15.6697,8.31764e+19,1.87631e-14
16.7904,8.31764e+19,2.02505e-14
17.9912,8.31764e+19,2.17516e-14
19.2780,8.31764e+19,2.32610e-14
20.6567,8.31764e+19,2.47747e-14
22.1341,8.31764e+19,2.62901e-14
23.7171,8.31764e+19,2.78044e-14
25.4133,8.31764e+19,2.93103e-14
27.2309,8.31764e+19,3.07992e-14
29.1784,8.31764e+19,3.22627e-14
31.2652,8.31764e+19,3.36920e-14
33.5013,8.31764e+19,3.50794e-14
35.8973,8.31764e+19,3.64160e-14
38.4646,8.31764e+19,3.76950e-14
41.2156,8.31764e+19,3.89091e-14
44.1633,8.31764e+19,4.00517e-14
47.3218,8.31764e+19,4.11171e-14
50.7062,8.31764e+19,4.21014e-14
54.3327,8.31764e+19,4.30020e-14
58.2185,8.31764e+19,4.38172e-14
62.3823,8.31764e+19,4.45454e-14
66.8438,8.31764e+19,4.51871e-14
71.6244,8.31764e+19,4.57424e-14
76.7470,8.31764e+19,4.62127e-14
82.2359,8.31764e+19,4.65998e-14
88.1173,8.31764e+19,4.69063e-14
94.4194,8.31764e+19,4.71355e-14
101.172,8.31764e+19,4.72885e-14
108.408,8.31764e+19,4.73667e-14
116.161,8.31764e+19,4.73720e-14
124.469,8.31764e+19,4.73070e-14
133.371,8.31764e+19,4.71743e-14
142.910,8.31764e+19,4.69761e-14
153.130,8.31764e+19,4.67160e-14
164.082,8.31764e+19,4.63973e-14
175.817,8.31764e+19,4.60232e-14
188.392,8.31764e+19,4.55974e-14
201.865,8.31764e+19,4.51235e-14
216.302,8.31764e+19,4.46053e-14
231.772,8.31764e+19,4.40465e-14
248.348,8.31764e+19,4.34511e-14
266.110,8.31764e+19,4.28226e-14
285.142,8.31764e+19,4.21650e-14
305.535,8.31764e+19,4.14815e-14
327.387,8.31764e+19,4.07756e-14
350.801,8.31764e+19,4.00512e-14
375.890,8.31764e+19,3.93117e-14
402.774,8.31764e+19,3.85599e-14
431.580,8.31764e+19,3.77990e-14
462.446,8.31764e+19,3.70316e-14
495.520,8.31764e+19,3.62611e-14
530.959,8.31764e+19,3.54898e-14
568.933,8.31764e+19,3.47197e-14
609.623,8.31764e+19,3.39534e-14
653.223,8.31764e+19,3.31932e-14
699.941,8.31764e+19,3.24408e-14
750.000,8.31764e+19,3.16979e-14
0.750000,8.70965e+19,6.19668e-22
0.803639,8.70965e+19,1.97347e-21
0.861115,8.70965e+19,5.79921e-21
0.922702,8.70965e+19,1.58055e-20
0.988693,8.70965e+19,4.01577e-20
1.05940,8.70965e+19,9.56052e-20
1.13517,8.70965e+19,2.14372e-19
1.21636,8.70965e+19,4.55043e-19
1.30335,8.70965e+19,9.19118e-19
1.39657,8.70965e+19,1.77555e-18
1.49645,8.70965e+19,3.29475e-18
1.60347,8.70965e+19,5.88639e-18
1.71815,8.70965e+19,1.01464e-17
1.84103,8.70965e+19,1.69081e-17
1.97270,8.70965e+19,2.72959e-17
2.11379,8.70965e+19,4.27769e-17
2.26496,8.70965e+19,6.52121e-17
2.42695,8.70965e+19,9.69033e-17
2.60053,8.70965e+19,1.40650e-16
2.78651,8.70965e+19,1.99810e-16
2.98580,8.70965e+19,2.78325e-16
3.19935,8.70965e+19,3.80555e-16
3.42816,8.70965e+19,5.11245e-16
3.67334,8.70965e+19,6.75473e-16
3.93606,8.70965e+19,8.78574e-16
4.21756,8.70965e+19,1.12604e-15
4.51920,8.70965e+19,1.42350e-15
4.84241,8.70965e+19,1.77670e-15
5.18873,8.70965e+19,2.19147e-15
5.55983,8.70965e+19,2.67393e-15
5.95746,8.70965e+19,3.23003e-15
6.38354,8.70965e+19,3.86430e-15
6.84008,8.70965e+19,4.58001e-15
7.32928,8.70965e+19,5.37933e-15
7.85346,8.70965e+19,6.26293e-15
8.41514,8.70965e+19,7.23015e-15
9.01698,8.70965e+19,8.27867e-15
9.66187,8.70965e+19,9.40471e-15
10.3529,8.70965e+19,1.06031e-14
11.0933,8.70965e+19,1.18671e-14
11.8867,8.70965e+19,1.31893e-14
12.7368,8.70965e+19,1.45620e-14
13.6478,8.70965e+19,1.59771e-14
14.6238,8.70965e+19,1.74267e-14
15.6697,8.70965e+19,1.89032e-14
16.7904,8.70965e+19,2.03994e-14
17.9912,8.70965e+19,2.19089e-14
19.2780,8.70965e+19,2.34264e-14
20.6567,8.70965e+19,2.49477e-14
22.1341,8.70965e+19,2.64706e-14
23.7171,8.70965e+19,2.79916e-14
25.4133,8.70965e+19,2.95043e-14
27.2309,8.70965e+19,3.09995e-14
29.1784,8.70965e+19,3.24687e-14
31.2652,8.70965e+19,3.39039e-14
33.5013,8.70965e+19,3.52962e-14
35.8973,8.70965e+19,3.66381e-14
38.4646,8.70965e+19,3.79218e-14
41.2156,8.70965e+19,3.91405e-14
44.1633,8.70965e+19,4.02874e-14
47.3218,8.70965e+19,4.13572e-14
50.7062,8.70965e+19,4.23459e-14
54.3327,8.70965e+19,4.32505e-14
58.2185,8.70965e+19,4.40695e-14
62.3823,8.70965e+19,4.48014e-14
66.8438,8.70965e+19,4.54462e-14
71.6244,8.70965e+19,4.60041e-14
76.7470,8.70965e+19,4.64768e-14
82.2359,8.70965e+19,4.68655e-14
88.1173,8.70965e+19,4.71731e-14
94.4194,8.70965e+19,4.74025e-14
101.172,8.70965e+19,4.75550e-14
108.408,8.70965e+19,4.76320e-14
116.161,8.70965e+19,4.76356e-14
124.469,8.70965e+19,4.75682e-14
133.371,8.70965e+19,4.74325e-14
142.910,8.70965e+19,4.72310e-14
153.130,8.70965e+19,4.69670e-14
164.082,8.70965e+19,4.66441e-14
175.817,8.70965e+19,4.62654e-14
188.392,8.70965e+19,4.58350e-14
201.865,8.70965e+19,4.53563e-14
216.302,8.70965e+19,4.48327e-14
231.772,8.70965e+19,4.42689e-14
248.348,8.70965e+19,4.36682e-14
266.110,8.70965e+19,4.30345e-14
285.142,8.70965e+19,4.23715e-14
305.535,8.70965e+19,4.16828e-14
327.387,8.70965e+19,4.09721e-14
350.801,8.70965e+19,4.02430e-14
375.890,8.70965e+19,3.94988e-14
402.774,8.70965e+19,3.87425e-14
431.580,8.70965e+19,3.79774e-14
462.446,8.70965e+19,3.72064e-14
495.520,8.70965e+19,3.64321e-14
530.959,8.70965e+19,3.56572e-14
568.933,8.70965e+19,3.48841e-14
609.623,8.70965e+19,3.41151e-14
653.223,8.70965e+19,3.33525e-14
699.941,8.70965e+19,3.25979e-14
750.000,8.70965e+19,3.18533e-14
0.750000,9.12009e+19,6.38417e-22
0.803639,9.12009e+19,2.03115e-21
0.861115,9.12009e+19,5.96299e-21
0.922702,9.12009e+19,1.62368e-20
0.988693,9.12009e+19,4.12165e-20
1.05940,9.12009e+19,9.80417e-20
1.13517,9.12009e+19,2.19653e-19
1.21636,9.12009e+19,4.65888e-19
1.30335,9.12009e+19,9.40304e-19
1.39657,9.12009e+19,1.81518e-18
1.49645,9.12009e+19,3.36597e-18
1.60347,9.12009e+19,6.00968e-18
1.71815,9.12009e+19,1.03524e-17
1.84103,9.12009e+19,1.72410e-17
1.97270,9.12009e+19,2.78166e-17
2.11379,9.12009e+19,4.35672e-17
2.26496,9.12009e+19,6.63769e-17
2.42695,9.12009e+19,9.85744e-17
2.60053,9.12009e+19,1.42986e-16
2.78651,9.12009e+19,2.03000e-16
2.98580,9.12009e+19,2.82582e-16
3.19935,9.12009e+19,3.86113e-16
3.42816,9.12009e+19,5.18358e-16
3.67334,9.12009e+19,6.84406e-16
3.93606,9.12009e+19,8.89602e-16
4.21756,9.12009e+19,1.13944e-15
4.51920,9.12009e+19,1.43959e-15
4.84241,9.12009e+19,1.79578e-15
5.18873,9.12009e+19,2.21389e-15
5.55983,9.12009e+19,2.70012e-15
5.95746,9.12009e+19,3.26048e-15
6.38354,9.12009e+19,3.89956e-15
6.84008,9.12009e+19,4.62071e-15
7.32928,9.12009e+19,5.42609e-15
7.85346,9.12009e+19,6.31641e-15
8.41514,9.12009e+19,7.29100e-15
9.01698,9.12009e+19,8.34751e-15
9.66187,9.12009e+19,9.48213e-15
10.3529,9.12009e+19,1.06896e-14
11.0933,9.12009e+19,1.19631e-14
11.8867,9.12009e+19,1.32947e-14
12.7368,9.12009e+19,1.46771e-14
13.6478,9.12009e+19,1.61017e-14
14.6238,9.12009e+19,1.75608e-14
15.6697,9.12009e+19,1.90465e-14
16.7904,9.12009e+19,2.05515e-14
17.9912,9.12009e+19,2.20695e-14
19.2780,9.12009e+19,2.35953e-14
20.6567,9.12009e+19,2.51245e-14
22.1341,9.12009e+19,2.66546e-14
23.7171,9.12009e+19,2.81830e-14
25.4133,9.12009e+19,2.97022e-14
27.2309,9.12009e+19,3.12038e-14
29.1784,9.12009e+19,3.26792e-14
31.2652,9.12009e+19,3.41198e-14
33.5013,9.12009e+19,3.55175e-14
35.8973,9.12009e+19,3.68645e-14
38.4646,9.12009e+19,3.81530e-14
41.2156,9.12009e+19,3.93762e-14
44.1633,9.12009e+19,4.05277e-14
47.3218,9.12009e+19,4.16018e-14
50.7062,9.12009e+19,4.25948e-14
54.3327,9.12009e+19,4.35037e-14
58.2185,9.12009e+19,4.43266e-14
62.3823,9.12009e+19,4.50621e-14
66.8438,9.12009e+19,4.57102e-14
71.6244,9.12009e+19,4.62709e-14
76.7470,9.12009e+19,4.67457e-14
82.2359,9.12009e+19,4.71362e-14
88.1173,9.12009e+19,4.74450e-14
94.4194,9.12009e+19,4.76742e-14
101.172,9.12009e+19,4.78265e-14
108.408,9.12009e+19,4.79023e-14
116.161,9.12009e+19,4.79042e-14
124.469,9.12009e+19,4.78342e-14
133.371,9.12009e+19,4.76955e-14
142.910,9.12009e+19,4.74908e-14
153.130,9.12009e+19,4.72231e-14
164.082,9.12009e+19,4.68958e-14
175.817,9.12009e+19,4.65127e-14
188.392,9.12009e+19,4.60773e-14
201.865,9.12009e+19,4.55936e-14
216.302,9.12009e+19,4.50652e-14
231.772,9.12009e+19,4.44964e-14
248.348,9.12009e+19,4.38900e-14
266.110,9.12009e+19,4.32511e-14
285.142,9.12009e+19,4.25828e-14
305.535,9.12009e+19,4.18892e-14
327.387,9.12009e+19,4.11735e-14
350.801,9.12009e+19,4.04394e-14
375.890,9.12009e+19,3.96904e-14
402.774,9.12009e+19,3.89297e-14
431.580,9.12009e+19,3.81603e-14
462.446,9.12009e+19,3.73852e-14
495.520,9.12009e+19,3.66072e-14
530.959,9.12009e+19,3.58287e-14
568.933,9.12009e+19,3.50528e-14
609.623,9.12009e+19,3.42809e-14
653.223,9.12009e+19,3.35157e-14
699.941,9.12009e+19,3.27591e-14
750.000,9.12009e+19,3.20125e-14
0.750000,9.54992e+19,6.57934e-22
0.803639,9.54992e+19,2.09116e-21
0.861115,9.54992e+19,6.13328e-21
0.922702,9.54992e+19,1.66849e-20
0.988693,9.54992e+19,4.23151e-20
1.05940,9.54992e+19,1.00568e-19
1.13517,9.54992e+19,2.25123e-19
1.21636,9.54992e+19,4.77107e-19
1.30335,9.54992e+19,9.62207e-19
1.39657,9.54992e+19,1.85612e-18
1.49645,9.54992e+19,3.43950e-18
1.60347,9.54992e+19,6.13694e-18
1.71815,9.54992e+19,1.05648e-17
1.84103,9.54992e+19,1.75840e-17
1.97270,9.54992e+19,2.83527e-17
2.11379,9.54992e+19,4.43801e-17
2.26496,9.54992e+19,6.75749e-17
2.42695,9.54992e+19,1.00293e-16
2.60053,9.54992e+19,1.45389e-16
2.78651,9.54992e+19,2.06278e-16
2.98580,9.54992e+19,2.86953e-16
3.19935,9.54992e+19,3.91822e-16
3.42816,9.54992e+19,5.25662e-16
3.67334,9.54992e+19,6.93584e-16
3.93606,9.54992e+19,9.00936e-16
4.21756,9.54992e+19,1.15323e-15
4.51920,9.54992e+19,1.45613e-15
4.84241,9.54992e+19,1.81541e-15
5.18873,9.54992e+19,2.23698e-15
5.55983,9.54992e+19,2.72707e-15
5.95746,9.54992e+19,3.29182e-15
6.38354,9.54992e+19,3.93586e-15
6.84008,9.54992e+19,4.66257e-15
7.32928,9.54992e+19,5.47414e-15
7.85346,9.54992e+19,6.37132e-15
8.41514,9.54992e+19,7.35343e-15
9.01698,9.54992e+19,8.41812e-15
9.66187,9.54992e+19,9.56153e-15
10.3529,9.54992e+19,1.07782e-14
11.0933,9.54992e+19,1.20612e-14
11.8867,9.54992e+19,1.34026e-14
12.7368,9.54992e+19,1.47945e-14
13.6478,9.54992e+19,1.62289e-14
14.6238,9.54992e+19,1.76975e-14
15.6697,9.54992e+19,1.91925e-14
16.7904,9.54992e+19,2.07067e-14
17.9912,9.54992e+19,2.22334e-14
19.2780,9.54992e+19,2.37676e-14
20.6567,9.54992e+19,2.53047e-14
22.1341,9.54992e+19,2.68427e-14
23.7171,9.54992e+19,2.83781e-14
25.4133,9.54992e+19,2.99043e-14
27.2309,9.54992e+19,3.14125e-14
29.1784,9.54992e+19,3.28939e-14
31.2652,9.54992e+19,3.43403e-14
33.5013,9.54992e+19,3.57434e-14
35.8973,9.54992e+19,3.70954e-14
38.4646,9.54992e+19,3.83889e-14
41.2156,9.54992e+19,3.96167e-14
44.1633,9.54992e+19,4.07728e-14
47.3218,9.54992e+19,4.18517e-14
50.7062,9.54992e+19,4.28487e-14
54.3327,9.54992e+19,4.37620e-14
58.2185,9.54992e+19,4.45889e-14
62.3823,9.54992e+19,4.53282e-14
66.8438,9.54992e+19,4.59794e-14
71.6244,9.54992e+19,4.65431e-14
76.7470,9.54992e+19,4.70201e-14
82.2359,9.54992e+19,4.74124e-14
88.1173,9.54992e+19,4.77221e-14
94.4194,9.54992e+19,4.79520e-14
101.172,9.54992e+19,4.81033e-14
108.408,9.54992e+19,4.81780e-14
116.161,9.54992e+19,4.81780e-14
124.469,9.54992e+19,4.81057e-14
133.371,9.54992e+19,4.79640e-14
142.910,9.54992e+19,4.77559e-14
153.130,9.54992e+19,4.74843e-14
164.082,9.54992e+19,4.71529e-14
175.817,9.54992e+19,4.67653e-14
188.392,9.54992e+19,4.63251e-14
201.865,9.54992e+19,4.58364e-14
216.302,9.54992e+19,4.53029e-14
231.772,9.54992e+19,4.47284e-14
248.348,9.54992e+19,4.41171e-14
266.110,9.54992e+19,4.34728e-14
285.142,9.54992e+19,4.27993e-14
305.535,9.54992e+19,4.21002e-14
327.387,9.54992e+19,4.13795e-14
350.801,9.54992e+19,4.06405e-14
375.890,9.54992e+19,3.98867e-14
402.774,9.54992e+19,3.91213e-14
431.580,9.54992e+19,3.83478e-14
462.446,9.54992e+19,3.75686e-14
495.520,9.54992e+19,3.67868e-14
530.959,9.54992e+19,3.60052e-14
568.933,9.54992e+19,3.52257e-14
609.623,9.54992e+19,3.44510e-14
653.223,9.54992e+19,3.36834e-14
699.941,9.54992e+19,3.29243e-14
750.000,9.54992e+19,3.21762e-14
0.750000,1.00000e+20,6.78265e-22
0.803639,1.00000e+20,2.15363e-21
0.861115,1.00000e+20,6.31025e-21
0.922702,1.00000e+20,1.71501e-20
0.988693,1.00000e+20,4.34560e-20
1.05940,1.00000e+20,1.03187e-19
1.13517,1.00000e+20,2.30792e-19
1.21636,1.00000e+20,4.88725e-19
1.30335,1.00000e+20,9.84878e-19
1.39657,1.00000e+20,1.89844e-18
1.49645,1.00000e+20,3.51547e-18
1.60347,1.00000e+20,6.26830e-18
1.71815,1.00000e+20,1.07840e-17
1.84103,1.00000e+20,1.79376e-17
1.97270,1.00000e+20,2.89053e-17
2.11379,1.00000e+20,4.52177e-17
2.26496,1.00000e+20,6.88086e-17
2.42695,1.00000e+20,1.02062e-16
2.60053,1.00000e+20,1.47860e-16
2.78651,1.00000e+20,2.09649e-16
2.98580,1.00000e+20,2.91452e-16
3.19935,1.00000e+20,3.97695e-16
3.42816,1.00000e+20,5.33181e-16
3.67334,1.00000e+20,7.03030e-16
3.93606,1.00000e+20,9.12604e-16
4.21756,1.00000e+20,1.16742e-15
4.51920,1.00000e+20,1.47317e-15
4.84241,1.00000e+20,1.83562e-15
5.18873,1.00000e+20,2.26076e-15
5.55983,1.00000e+20,2.75483e-15
5.95746,1.00000e+20,3.32409e-15
6.38354,1.00000e+20,3.97321e-15
6.84008,1.00000e+20,4.70559e-15
7.32928,1.00000e+20,5.52352e-15
7.85346,1.00000e+20,6.42771e-15
8.41514,1.00000e+20,7.41747e-15
9.01698,1.00000e+20,8.49042e-15
9.66187,1.00000e+20,9.64266e-15
10.3529,1.00000e+20,1.08686e-14
11.0933,1.00000e+20,1.21612e-14
11.8867,1.00000e+20,1.35125e-14
12.7368,1.00000e+20,1.49144e-14
13.6478,1.00000e+20,1.63586e-14
14.6238,1.00000e+20,1.78370e-14
15.6697,1.00000e+20,1.93415e-14
16.7904,1.00000e+20,2.08649e-14
17.9912,1.00000e+20,2.24007e-14
19.2780,1.00000e+20,2.39434e-14
20.6567,1.00000e+20,2.54888e-14
22.1341,1.00000e+20,2.70344e-14
23.7171,1.00000e+20,2.85775e-14
25.4133,1.00000e+20,3.01107e-14
27.2309,1.00000e+20,3.16254e-14
29.1784,1.00000e+20,3.31132e-14
31.2652,1.00000e+20,3.45654e-14
33.5013,1.00000e+20,3.59743e-14
35.8973,1.00000e+20,3.73314e-14
38.4646,1.00000e+20,3.86298e-14
41.2156,1.00000e+20,3.98627e-14
44.1633,1.00000e+20,4.10231e-14
47.3218,1.00000e+20,4.21063e-14
50.7062,1.00000e+20,4.31083e-14
54.3327,1.00000e+20,4.40257e-14
58.2185,1.00000e+20,4.48566e-14
62.3823,1.00000e+20,4.55998e-14
66.8438,1.00000e+20,4.62543e-14
71.6244,1.00000e+20,4.68209e-14
76.7470,1.00000e+20,4.73004e-14
82.2359,1.00000e+20,4.76941e-14
88.1173,1.00000e+20,4.80051e-14
94.4194,1.00000e+20,4.82348e-14
101.172,1.00000e+20,4.83860e-14
108.408,1.00000e+20,4.84594e-14
116.161,1.00000e+20,4.84579e-14
124.469,1.00000e+20,4.83832e-14
133.371,1.00000e+20,4.82385e-14
142.910,1.00000e+20,4.80268e-14
153.130,1.00000e+20,4.77513e-14
164.082,1.00000e+20,4.74157e-14
175.817,1.00000e+20,4.70233e-14
188.392,1.00000e+20,4.65785e-14
201.865,1.00000e+20,4.60848e-14
216.302,1.00000e+20,4.55457e-14
231.772,1.00000e+20,4.49660e-14
248.348,1.00000e+20,4.43493e-14
266.110,1.00000e+20,4.36996e-14
285.142,1.00000e+20,4.30207e-14
305.535,1.00000e+20,4.23165e-14
327.387,1.00000e+20,4.15906e-14
350.801,1.00000e+20,4.08467e-14
375.890,1.00000e+20,4.00881e-14
402.774,1.00000e+20,3.93182e-14
431.580,1.00000e+20,3.85400e-14
462.446,1.00000e+20,3.77569e-14
495.520,1.00000e+20,3.69712e-14
530.959,1.00000e+20,3.61859e-14
568.933,1.00000e+20,3.54033e-14
609.623,1.00000e+20,3.46257e-14
653.223,1.00000e+20,3.38554e-14
699.941,1.00000e+20,3.30942e-14
750.000,1.00000e+20,3.23438e-14
